{
  "exp_id": "gpt2_comprehensive_sweep_seed=0_injection_layers=[0]_injection_bit=7_injection_location=k_injection_idx=(1, 6, 32, 1)",
  "run_id": 0,
  "timestamp": "2025-12-12T06:59:00.181868",
  "baseline_loss": 13.588921546936035,
  "injected_loss": 13.588921546936035,
  "loss_diff": 0.0,
  "bounds_valid": null,
  "violation_detected": false,
  "num_violations": 0,
  "violation_positions": [],
  "baseline_epsilon_stats": {
    "0": {
      "epsilon_mean": 4.467039108276367,
      "epsilon_std": 2.3451578617095947,
      "lower_mean": 0.39254388213157654,
      "upper_mean": 9.511073112487793,
      "gamma_mean": 0.164742574095726
    }
  },
  "injected_epsilon_stats": null,
  "injection_info": {
    "location": "k",
    "idx": [
      1,
      6,
      32,
      1
    ],
    "bit": 7,
    "enabled": true,
    "multi_bit": false,
    "bit_list": null,
    "random_position": false,
    "injection_rate": 0.0
  },
  "extra_data": {
    "epsilon_analysis": [
      {
        "layer_idx": 0,
        "analysis": {
          "mean_diff": -1.7850350086945355e-09,
          "std_diff": 2.491403847670881e-07,
          "max_abs_diff": 3.814697265625e-06,
          "top_changes": [
            [
              [
                1,
                6,
                56
              ],
              {
                "baseline_epsilon": 7.854972839355469,
                "injected_epsilon": 7.854976654052734,
                "epsilon_diff": 3.814697265625e-06,
                "abs_diff": 3.814697265625e-06
              },
              {
                "lower1": 1.2651233673095703,
                "middle": 2.9912045001983643,
                "upper": 9.686758041381836,
                "gamma": 0.39223289489746094
              }
            ],
            [
              [
                1,
                6,
                53
              ],
              {
                "baseline_epsilon": 7.664578437805176,
                "injected_epsilon": 7.66457462310791,
                "epsilon_diff": -3.814697265625e-06,
                "abs_diff": 3.814697265625e-06
              },
              {
                "lower1": 1.1670355796813965,
                "middle": 2.6991963386535645,
                "upper": 9.616921424865723,
                "gamma": 0.3536490201950073
              }
            ],
            [
              [
                1,
                6,
                61
              ],
              {
                "baseline_epsilon": 8.371987342834473,
                "injected_epsilon": 8.371991157531738,
                "epsilon_diff": 3.814697265625e-06,
                "abs_diff": 3.814697265625e-06
              },
              {
                "lower1": 1.443846583366394,
                "middle": 3.565962076187134,
                "upper": 10.059048652648926,
                "gamma": 0.4689444303512573
              }
            ],
            [
              [
                1,
                6,
                63
              ],
              {
                "baseline_epsilon": 8.648144721984863,
                "injected_epsilon": 8.64814281463623,
                "epsilon_diff": -1.9073486328125e-06,
                "abs_diff": 1.9073486328125e-06
              },
              {
                "lower1": 1.4063527584075928,
                "middle": 3.432047128677368,
                "upper": 10.260064125061035,
                "gamma": 0.4520636796951294
              }
            ],
            [
              [
                1,
                6,
                42
              ],
              {
                "baseline_epsilon": 6.603044509887695,
                "injected_epsilon": 6.603046417236328,
                "epsilon_diff": 1.9073486328125e-06,
                "abs_diff": 1.9073486328125e-06
              },
              {
                "lower1": 0.751991868019104,
                "middle": 1.6112396717071533,
                "upper": 8.797418594360352,
                "gamma": 0.20995867252349854
              }
            ],
            [
              [
                1,
                6,
                52
              ],
              {
                "baseline_epsilon": 7.600004196166992,
                "injected_epsilon": 7.600006103515625,
                "epsilon_diff": 1.9073486328125e-06,
                "abs_diff": 1.9073486328125e-06
              },
              {
                "lower1": 1.1510733366012573,
                "middle": 2.653874158859253,
                "upper": 9.545656204223633,
                "gamma": 0.34756994247436523
              }
            ],
            [
              [
                1,
                6,
                50
              ],
              {
                "baseline_epsilon": 7.27993106842041,
                "injected_epsilon": 7.279929161071777,
                "epsilon_diff": -1.9073486328125e-06,
                "abs_diff": 1.9073486328125e-06
              },
              {
                "lower1": 1.007991075515747,
                "middle": 2.2583444118499756,
                "upper": 9.310975074768066,
                "gamma": 0.2952784299850464
              }
            ],
            [
              [
                1,
                6,
                51
              ],
              {
                "baseline_epsilon": 7.259115219116211,
                "injected_epsilon": 7.259113311767578,
                "epsilon_diff": -1.9073486328125e-06,
                "abs_diff": 1.9073486328125e-06
              },
              {
                "lower1": 1.0080126523971558,
                "middle": 2.258957862854004,
                "upper": 9.243186950683594,
                "gamma": 0.29528605937957764
              }
            ],
            [
              [
                1,
                6,
                59
              ],
              {
                "baseline_epsilon": 8.06019115447998,
                "injected_epsilon": 8.060189247131348,
                "epsilon_diff": -1.9073486328125e-06,
                "abs_diff": 1.9073486328125e-06
              },
              {
                "lower1": 1.3545782566070557,
                "middle": 3.2719175815582275,
                "upper": 9.799145698547363,
                "gamma": 0.4294785261154175
              }
            ],
            [
              [
                1,
                6,
                58
              ],
              {
                "baseline_epsilon": 8.04340934753418,
                "injected_epsilon": 8.043407440185547,
                "epsilon_diff": -1.9073486328125e-06,
                "abs_diff": 1.9073486328125e-06
              },
              {
                "lower1": 1.3495842218399048,
                "middle": 3.2557661533355713,
                "upper": 9.80438232421875,
                "gamma": 0.42734193801879883
              }
            ],
            [
              [
                1,
                6,
                54
              ],
              {
                "baseline_epsilon": 7.715794563293457,
                "injected_epsilon": 7.715792655944824,
                "epsilon_diff": -1.9073486328125e-06,
                "abs_diff": 1.9073486328125e-06
              },
              {
                "lower1": 1.2071709632873535,
                "middle": 2.8174121379852295,
                "upper": 9.59199047088623,
                "gamma": 0.36917388439178467
              }
            ],
            [
              [
                1,
                6,
                55
              ],
              {
                "baseline_epsilon": 7.723860740661621,
                "injected_epsilon": 7.723862648010254,
                "epsilon_diff": 1.9073486328125e-06,
                "abs_diff": 1.9073486328125e-06
              },
              {
                "lower1": 1.205885887145996,
                "middle": 2.8135335445404053,