{
  "exp_id": "gpt2_comprehensive_sweep_seed=42_injection_layers=[3]_injection_bit=21_injection_location=k_injection_idx=(0, 0, 10, 20)",
  "run_id": 0,
  "timestamp": "2025-10-14T18:17:44.970755",
  "baseline_loss": 8.997108459472656,
  "injected_loss": 8.997109413146973,
  "loss_diff": 9.5367431640625e-07,
  "bounds_valid": null,
  "violation_detected": false,
  "num_violations": 0,
  "violation_positions": [],
  "baseline_epsilon_stats": {
    "3": {
      "epsilon_mean": 4.6995015144348145,
      "epsilon_std": 4.219686508178711,
      "lower_mean": 0.4203936457633972,
      "upper_mean": 5.6145782470703125,
      "gamma_mean": 0.16137349605560303
    }
  },
  "injected_epsilon_stats": null,
  "injection_info": {
    "location": "k",
    "idx": [
      0,
      0,
      10,
      20
    ],
    "bit": 21,
    "enabled": true,
    "multi_bit": false,
    "bit_list": null,
    "random_position": false,
    "injection_rate": 0.0
  },
  "extra_data": {
    "epsilon_analysis": [
      {
        "layer_idx": 3,
        "analysis": {
          "mean_diff": 2.7512822242670154e-08,
          "std_diff": 1.082837570720585e-06,
          "max_abs_diff": 7.152557373046875e-06,
          "top_changes": [
            [
              [
                0,
                0,
                5
              ],
              {
                "baseline_epsilon": 6.710824012756348,
                "injected_epsilon": 6.710831165313721,
                "epsilon_diff": 7.152557373046875e-06,
                "abs_diff": 7.152557373046875e-06
              },
              {
                "lower1": 0.1572825014591217,
                "middle": 0.30876103043556213,
                "upper": 7.510522365570068,
                "gamma": 0.04012554883956909
              }
            ],
            [
              [
                0,
                0,
                57
              ],
              {
                "baseline_epsilon": 10.560005187988281,
                "injected_epsilon": 10.559998512268066,
                "epsilon_diff": -6.67572021484375e-06,
                "abs_diff": 6.67572021484375e-06
              },
              {
                "lower1": 0.32304251194000244,
                "middle": 0.6274281144142151,
                "upper": 13.056737899780273,
                "gamma": 0.08431285619735718
              }
            ],
            [
              [
                0,
                0,
                6
              ],
              {
                "baseline_epsilon": 7.343127727508545,
                "injected_epsilon": 7.343133926391602,
                "epsilon_diff": 6.198883056640625e-06,
                "abs_diff": 6.198883056640625e-06
              },
              {
                "lower1": 0.17669329047203064,
                "middle": 0.34642672538757324,
                "upper": 8.338634490966797,
                "gamma": 0.045194417238235474
              }
            ],
            [
              [
                0,
                0,
                8
              ],
              {
                "baseline_epsilon": 7.951456546783447,
                "injected_epsilon": 7.951462745666504,
                "epsilon_diff": 6.198883056640625e-06,
                "abs_diff": 6.198883056640625e-06
              },
              {
                "lower1": 0.19600266218185425,
                "middle": 0.3836733400821686,
                "upper": 9.165173530578613,
                "gamma": 0.05026361346244812
              }
            ],
            [
              [
                1,
                4,
                30
              ],
              {
                "baseline_epsilon": 8.079191207885742,
                "injected_epsilon": 8.07919692993164,
                "epsilon_diff": 5.7220458984375e-06,
                "abs_diff": 5.7220458984375e-06
              },
              {
                "lower1": 1.2540466785430908,
                "middle": 2.9603190422058105,
                "upper": 9.044204711914062,
                "gamma": 0.3877641260623932
              }
            ],
            [
              [
                0,
                0,
                62
              ],
              {
                "baseline_epsilon": 10.70683479309082,
                "injected_epsilon": 10.706829071044922,
                "epsilon_diff": -5.7220458984375e-06,
                "abs_diff": 5.7220458984375e-06
              },
              {
                "lower1": 0.33230701088905334,
                "middle": 0.6449609398841858,
                "upper": 13.316638946533203,
                "gamma": 0.08684545755386353
              }
            ],
            [
              [
                0,
                0,
                61
              ],
              {
                "baseline_epsilon": 10.675363540649414,
                "injected_epsilon": 10.675357818603516,
                "epsilon_diff": -5.7220458984375e-06,
                "abs_diff": 5.7220458984375e-06
              },
              {
                "lower1": 0.33009791374206543,
                "middle": 0.6407610774040222,
                "upper": 13.258743286132812,
                "gamma": 0.08624091744422913
              }
            ],
            [
              [
                0,
                0,
                9
              ],
              {
                "baseline_epsilon": 8.189898490905762,
                "injected_epsilon": 8.18990421295166,
                "epsilon_diff": 5.7220458984375e-06,
                "abs_diff": 5.7220458984375e-06
              },
              {
                "lower1": 0.20306168496608734,
                "middle": 0.3971618115901947,
                "upper": 9.496485710144043,
                "gamma": 0.0521235466003418
              }
            ],
            [
              [
                0,
                0,
                58
              ],
              {
                "baseline_epsilon": 10.579504013061523,
                "injected_epsilon": 10.579498291015625,
                "epsilon_diff": -5.7220458984375e-06,
                "abs_diff": 5.7220458984375e-06
              },
              {
                "lower1": 0.3239429295063019,
                "middle": 0.6290854215621948,
                "upper": 13.092622756958008,
                "gamma": 0.08455869555473328
              }
            ],
            [
              [
                0,
                0,
                56
              ],
              {
                "baseline_epsilon": 10.52676773071289,
                "injected_epsilon": 10.526762008666992,
                "epsilon_diff": -5.7220458984375e-06,
                "abs_diff": 5.7220458984375e-06
              },
              {
                "lower1": 0.3208667039871216,
                "middle": 0.6232858896255493,
                "upper": 12.999662399291992,
                "gamma": 0.08371907472610474
              }
            ],
            [
              [
                0,
                0,
                7
              ],
              {
                "baseline_epsilon": 7.683872699737549,
                "injected_epsilon": 7.683878421783447,
                "epsilon_diff": 5.7220458984375e-06,
                "abs_diff": 5.7220458984375e-06
              },
              {
                "lower1": 0.18765904009342194,
                "middle": 0.3676277995109558,
                "upper": 8.797773361206055,
                "gamma": 0.048069894313812256
              }
            ],
            [
              [
                0,
                0,
                63
              ],
              {
                "baseline_epsilon": 10.718515396118164,
                "injected_epsilon": 10.718510627746582,
                "epsilon_diff": -4.76837158203125e-06,
                "abs_diff": 4.76837158203125e-06
              },
              {
                "lower1": 0.3335910141468048,