{
  "exp_id": "gpt2_comprehensive_sweep_seed=0_injection_layers=[6]_injection_bit=31_injection_location=weights_injection_idx=(1, 6, 32, 1)",
  "num_runs": 1,
  "timestamp": "2025-12-12T07:00:01.173387",
  "baseline_loss": {
    "mean": 12.89038372039795,
    "std": 0.0,
    "min": 12.89038372039795,
    "max": 12.89038372039795
  },
  "injected_loss": {
    "mean": 12.890393257141113,
    "std": 0.0,
    "min": 12.890393257141113,
    "max": 12.890393257141113
  },
  "loss_diff": {
    "mean": 9.5367431640625e-06,
    "std": 0.0,
    "min": 9.5367431640625e-06,
    "max": 9.5367431640625e-06
  },
  "violation_detection": {
    "detection_rate": 0.0,
    "total_violations": 0,
    "avg_violations_per_run": 0.0
  }
}