{
  "exp_id": "gpt2_comprehensive_sweep_seed=42_injection_layers=[9]_injection_bit=30_injection_location=weights_injection_idx=(1, 9, 31, 62)",
  "num_runs": 1,
  "timestamp": "2025-10-14T18:21:43.885466",
  "baseline_loss": {
    "mean": 13.721664428710938,
    "std": 0.0,
    "min": 13.721664428710938,
    "max": 13.721664428710938
  },
  "injected_loss": {
    "mean": 13.667765617370605,
    "std": 0.0,
    "min": 13.667765617370605,
    "max": 13.667765617370605
  },
  "loss_diff": {
    "mean": -0.05389881134033203,
    "std": 0.0,
    "min": -0.05389881134033203,
    "max": -0.05389881134033203
  },
  "violation_detection": {
    "detection_rate": 1.0,
    "total_violations": 1,
    "avg_violations_per_run": 1.0
  }
}