{
  "exp_id": "gpt2_comprehensive_sweep_seed=3407_injection_layers=[6]_injection_bit=31_injection_location=scores_injection_idx=(1, 9, 31, 62)",
  "num_runs": 1,
  "timestamp": "2025-12-12T07:04:28.983945",
  "baseline_loss": {
    "mean": 12.89038372039795,
    "std": 0.0,
    "min": 12.89038372039795,
    "max": 12.89038372039795
  },
  "injected_loss": {
    "mean": 12.890460014343262,
    "std": 0.0,
    "min": 12.890460014343262,
    "max": 12.890460014343262
  },
  "loss_diff": {
    "mean": 7.62939453125e-05,
    "std": 0.0,
    "min": 7.62939453125e-05,
    "max": 7.62939453125e-05
  },
  "violation_detection": {
    "detection_rate": 0.0,
    "total_violations": 0,
    "avg_violations_per_run": 0.0
  }
}