{
  "exp_id": "gpt2_comprehensive_sweep_seed=123_injection_layers=[0]_injection_bit=23_injection_location=k_injection_idx=(0, 3, 53, 43)",
  "num_runs": 1,
  "timestamp": "2025-10-14T17:46:12.337734",
  "baseline_loss": {
    "mean": 10.27547836303711,
    "std": 0.0,
    "min": 10.27547836303711,
    "max": 10.27547836303711
  },
  "injected_loss": {
    "mean": 10.275419235229492,
    "std": 0.0,
    "min": 10.275419235229492,
    "max": 10.275419235229492
  },
  "loss_diff": {
    "mean": -5.91278076171875e-05,
    "std": 0.0,
    "min": -5.91278076171875e-05,
    "max": -5.91278076171875e-05
  },
  "violation_detection": {
    "detection_rate": 0.0,
    "total_violations": 0,
    "avg_violations_per_run": 0.0
  }
}