{
  "exp_id": "gpt2_comprehensive_sweep_seed=42_injection_layers=[0]_injection_bit=24_injection_location=scores_injection_idx=(1, 9, 31, 62)",
  "run_id": 0,
  "timestamp": "2025-12-12T07:00:39.958021",
  "baseline_loss": 13.588921546936035,
  "injected_loss": 13.588940620422363,
  "loss_diff": 1.9073486328125e-05,
  "bounds_valid": null,
  "violation_detected": false,
  "num_violations": 0,
  "violation_positions": [],
  "baseline_epsilon_stats": {
    "0": {
      "epsilon_mean": 4.467039108276367,
      "epsilon_std": 2.3451578617095947,
      "lower_mean": 0.39254388213157654,
      "upper_mean": 9.511073112487793,
      "gamma_mean": 0.164742574095726
    }
  },
  "injected_epsilon_stats": null,
  "injection_info": {
    "location": "scores",
    "idx": [
      1,
      9,
      31,
      62
    ],
    "bit": 24,
    "enabled": true,
    "multi_bit": false,
    "bit_list": null,
    "random_position": false,
    "injection_rate": 0.0
  },
  "extra_data": {
    "epsilon_analysis": [
      {
        "layer_idx": 0,
        "analysis": {
          "mean_diff": 8.93020405783318e-05,
          "std_diff": 0.0034999107010662556,
          "max_abs_diff": 0.13716793060302734,
          "top_changes": [
            [
              [
                1,
                9,
                31
              ],
              {
                "baseline_epsilon": 4.158117294311523,
                "injected_epsilon": 4.295285224914551,
                "epsilon_diff": 0.13716793060302734,
                "abs_diff": 0.13716793060302734
              },
              {
                "lower1": 0.05947456881403923,
                "middle": 0.11599933356046677,
                "upper": 8.236154556274414,
                "gamma": 0.014980852603912354
              }
            ]
          ]
        }
      }
    ],
    "performance": {
      "time": {
        "total_time": 0.019087553024291992,
        "baseline_forward_time": 0.007406949996948242,
        "injection_forward_time": 0.006690263748168945,
        "bounds_computation_time": 0.0007796287536621094,
        "violation_detection_time": 0.0014576911926269531
      },
      "memory": {
        "peak_memory_allocated_mb": 1439.3642578125,
        "peak_memory_reserved_mb": 1786.0,
        "baseline_memory_mb": 1380.16748046875,
        "injection_memory_mb": 1439.3642578125
      },
      "compute": {
        "num_attention_layers": 12,
        "num_attention_heads": 12,
        "sequence_length": 64,
        "batch_size": 2,
        "attention_flops": 0.0,
        "bounds_flops": 0.0
      },
      "extra": {}
    }
  }
}