{
  "exp_id": "gpt2_comprehensive_sweep_seed=3407_injection_layers=[0]_injection_bit=9_injection_location=k_injection_idx=(0, 3, 53, 43)",
  "run_id": 0,
  "timestamp": "2025-12-12T07:11:55.401153",
  "baseline_loss": 10.275479316711426,
  "injected_loss": 10.275477409362793,
  "loss_diff": -1.9073486328125e-06,
  "bounds_valid": null,
  "violation_detected": false,
  "num_violations": 0,
  "violation_positions": [],
  "baseline_epsilon_stats": {
    "0": {
      "epsilon_mean": 1.9825315475463867,
      "epsilon_std": 1.6013407707214355,
      "lower_mean": 0.3287202715873718,
      "upper_mean": 2.0460193157196045,
      "gamma_mean": 0.0896625965833664
    }
  },
  "injected_epsilon_stats": null,
  "injection_info": {
    "location": "k",
    "idx": [
      0,
      3,
      53,
      43
    ],
    "bit": 9,
    "enabled": true,
    "multi_bit": false,
    "bit_list": null,
    "random_position": false,
    "injection_rate": 0.0
  },
  "extra_data": {
    "epsilon_analysis": [
      {
        "layer_idx": 0,
        "analysis": {
          "mean_diff": -3.8805109126016646e-10,
          "std_diff": 8.040802690345572e-09,
          "max_abs_diff": 2.384185791015625e-07,
          "top_changes": [
            [
              [
                0,
                3,
                48
              ],
              {
                "baseline_epsilon": 1.9568471908569336,
                "injected_epsilon": 1.9568469524383545,
                "epsilon_diff": -2.384185791015625e-07,
                "abs_diff": 2.384185791015625e-07
              },
              {
                "lower1": 0.2572854459285736,
                "middle": 0.5215769410133362,
                "upper": 2.0658457279205322,
                "gamma": 0.06653392314910889
              }
            ],
            [
              [
                0,
                3,
                45
              ],
              {
                "baseline_epsilon": 1.6909054517745972,
                "injected_epsilon": 1.6909053325653076,
                "epsilon_diff": -1.1920928955078125e-07,
                "abs_diff": 1.1920928955078125e-07
              },
              {
                "lower1": 0.25325796008110046,
                "middle": 0.513486921787262,
                "upper": 1.774399757385254,
                "gamma": 0.06545595824718475
              }
            ],
            [
              [
                0,
                3,
                14
              ],
              {
                "baseline_epsilon": 0.5436044931411743,
                "injected_epsilon": 0.5436043739318848,
                "epsilon_diff": -1.1920928955078125e-07,
                "abs_diff": 1.1920928955078125e-07
              },
              {
                "lower1": 0.015044661238789558,
                "middle": 0.029640719294548035,
                "upper": 0.5837908983230591,
                "gamma": 0.0037682652473449707
              }
            ],
            [
              [
                0,
                3,
                41
              ],
              {
                "baseline_epsilon": 1.2455350160598755,
                "injected_epsilon": 1.245534896850586,
                "epsilon_diff": -1.1920928955078125e-07,
                "abs_diff": 1.1920928955078125e-07
              },
              {
                "lower1": 0.10836617648601532,
                "middle": 0.2157246172428131,
                "upper": 1.2999951839447021,
                "gamma": 0.027468789368867874
              }
            ]
          ]
        }
      }
    ],
    "performance": {
      "time": {
        "total_time": 0.018849611282348633,
        "baseline_forward_time": 0.007155179977416992,
        "injection_forward_time": 0.006673097610473633,
        "bounds_computation_time": 0.0007436275482177734,
        "violation_detection_time": 0.0017275810241699219
      },
      "memory": {
        "peak_memory_allocated_mb": 1449.37646484375,
        "peak_memory_reserved_mb": 1830.0,
        "baseline_memory_mb": 1390.1796875,
        "injection_memory_mb": 1449.37646484375
      },
      "compute": {
        "num_attention_layers": 12,
        "num_attention_heads": 12,
        "sequence_length": 64,
        "batch_size": 2,
        "attention_flops": 0.0,
        "bounds_flops": 0.0
      },
      "extra": {}
    }
  }
}