{
  "exp_id": "gpt2_comprehensive_sweep_seed=123_injection_layers=[0]_injection_bit=22_injection_location=k_injection_idx=(0, 0, 10, 20)",
  "run_id": 0,
  "timestamp": "2025-12-12T07:10:03.821201",
  "baseline_loss": 10.275479316711426,
  "injected_loss": 10.275479316711426,
  "loss_diff": 0.0,
  "bounds_valid": null,
  "violation_detected": false,
  "num_violations": 0,
  "violation_positions": [],
  "baseline_epsilon_stats": {
    "0": {
      "epsilon_mean": 1.9825315475463867,
      "epsilon_std": 1.6013407707214355,
      "lower_mean": 0.3287202715873718,
      "upper_mean": 2.0460193157196045,
      "gamma_mean": 0.0896625965833664
    }
  },
  "injected_epsilon_stats": null,
  "injection_info": {
    "location": "k",
    "idx": [
      0,
      0,
      10,
      20
    ],
    "bit": 22,
    "enabled": true,
    "multi_bit": false,
    "bit_list": null,
    "random_position": false,
    "injection_rate": 0.0
  },
  "extra_data": {
    "epsilon_analysis": [
      {
        "layer_idx": 0,
        "analysis": {
          "mean_diff": 1.1316423297103029e-05,
          "std_diff": 6.050477168173529e-05,
          "max_abs_diff": 0.0005165338516235352,
          "top_changes": [
            [
              [
                0,
                0,
                4
              ],
              {
                "baseline_epsilon": 0.7795120477676392,
                "injected_epsilon": 0.7800285816192627,
                "epsilon_diff": 0.0005165338516235352,
                "abs_diff": 0.0005165338516235352
              },
              {
                "lower1": 0.2934386730194092,
                "middle": 0.5996221303939819,
                "upper": 0.7815392017364502,
                "gamma": 0.07626655697822571
              }
            ],
            [
              [
                0,
                0,
                0
              ],
              {
                "baseline_epsilon": 0.6131809949874878,
                "injected_epsilon": 0.6127253770828247,
                "epsilon_diff": -0.00045561790466308594,
                "abs_diff": 0.00045561790466308594
              },
              {
                "lower1": 0.20842218399047852,
                "middle": 0.4210810363292694,
                "upper": 0.6145002841949463,
                "gamma": 0.053538382053375244
              }
            ],
            [
              [
                0,
                0,
                6
              ],
              {
                "baseline_epsilon": 0.8453829288482666,
                "injected_epsilon": 0.8458199501037598,
                "epsilon_diff": 0.00043702125549316406,
                "abs_diff": 0.00043702125549316406
              },
              {
                "lower1": 0.3058764636516571,
                "middle": 0.6260427832603455,
                "upper": 0.8477540016174316,
                "gamma": 0.07963860034942627
              }
            ],
            [
              [
                0,
                0,
                14
              ],
              {
                "baseline_epsilon": 1.1464749574661255,
                "injected_epsilon": 1.146884560585022,
                "epsilon_diff": 0.0004096031188964844,
                "abs_diff": 0.0004096031188964844
              },
              {
                "lower1": 0.3982178270816803,
                "middle": 0.8253918290138245,
                "upper": 1.1505728960037231,
                "gamma": 0.10506914556026459
              }
            ],
            [
              [
                0,
                0,
                7
              ],
              {
                "baseline_epsilon": 0.8938820958137512,
                "injected_epsilon": 0.8942738175392151,
                "epsilon_diff": 0.0003917217254638672,
                "abs_diff": 0.0003917217254638672
              },
              {
                "lower1": 0.3165898323059082,
                "middle": 0.6488832235336304,
                "upper": 0.896539032459259,
                "gamma": 0.08255302160978317
              }
            ],
            [
              [
                0,
                0,
                8
              ],
              {
                "baseline_epsilon": 0.9155630469322205,
                "injected_epsilon": 0.9159476161003113,
                "epsilon_diff": 0.0003845691680908203,
                "abs_diff": 0.0003845691680908203
              },
              {
                "lower1": 0.3245823383331299,
                "middle": 0.6659884452819824,
                "upper": 0.9182983040809631,
                "gamma": 0.08473329991102219
              }
            ],
            [
              [
                0,
                0,
                10
              ],
              {
                "baseline_epsilon": 1.0095866918563843,
                "injected_epsilon": 1.0099667310714722,
                "epsilon_diff": 0.0003800392150878906,
                "abs_diff": 0.0003800392150878906
              },
              {
                "lower1": 0.3560161888599396,
                "middle": 0.7336282730102539,
                "upper": 1.012832522392273,
                "gamma": 0.09335881471633911
              }
            ],
            [
              [
                0,
                0,
                13
              ],
              {
                "baseline_epsilon": 1.1258454322814941,
                "injected_epsilon": 1.126225233078003,
                "epsilon_diff": 0.00037980079650878906,
                "abs_diff": 0.00037980079650878906
              },
              {
                "lower1": 0.38587629795074463,
                "middle": 0.7984037399291992,
                "upper": 1.129845380783081,
                "gamma": 0.10162883996963501
              }
            ],
            [
              [
                0,
                0,
                22
              ],
              {
                "baseline_epsilon": 1.3451679944992065,
                "injected_epsilon": 1.345540165901184,
                "epsilon_diff": 0.00037217140197753906,
                "abs_diff": 0.00037217140197753906
              },
              {
                "lower1": 0.47915324568748474,
                "middle": 1.0047860145568848,
                "upper": 1.3505021333694458,
                "gamma": 0.12796463072299957
              }
            ],
            [
              [
                0,
                0,
                9
              ],
              {
                "baseline_epsilon": 0.9775569438934326,
                "injected_epsilon": 0.977928876876831,
                "epsilon_diff": 0.0003719329833984375,
                "abs_diff": 0.0003719329833984375
              },
              {
                "lower1": 0.34146827459335327,
                "middle": 0.702229917049408,
                "upper": 0.9806679487228394,
                "gamma": 0.08935672044754028
              }
            ],
            [
              [
                0,
                0,
                16
              ],
              {
                "baseline_epsilon": 1.1901614665985107,
                "injected_epsilon": 1.190532922744751,
                "epsilon_diff": 0.0003714561462402344,
                "abs_diff": 0.0003714561462402344
              },
              {
                "lower1": 0.4092869758605957,
                "middle": 0.8496338725090027,
                "upper": 1.1945724487304688,
                "gamma": 0.10816597938537598
              }
            ],
            [
              [
                0,
                0,
                2
              ],
              {
                "baseline_epsilon": 0.6146402955055237,
                "injected_epsilon": 0.6150102019309998,
                "epsilon_diff": 0.0003699064254760742,