{
  "exp_id": "gpt2_comprehensive_sweep_seed=42_injection_layers=[6]_injection_bit=28_injection_location=q_injection_idx=(1, 9, 31, 62)",
  "run_id": 0,
  "timestamp": "2025-12-12T07:09:20.241833",
  "baseline_loss": 8.564264297485352,
  "injected_loss": 8.5642671585083,
  "loss_diff": 2.86102294921875e-06,
  "bounds_valid": null,
  "violation_detected": false,
  "num_violations": 0,
  "violation_positions": [],
  "baseline_epsilon_stats": {
    "6": {
      "epsilon_mean": 5.956024169921875,
      "epsilon_std": 4.427911758422852,
      "lower_mean": 0.5316863656044006,
      "upper_mean": 7.960529327392578,
      "gamma_mean": 0.18503431975841522
    }
  },
  "injected_epsilon_stats": null,
  "injection_info": {
    "location": "q",
    "idx": [
      1,
      9,
      31,
      62
    ],
    "bit": 28,
    "enabled": true,
    "multi_bit": false,
    "bit_list": null,
    "random_position": false,
    "injection_rate": 0.0
  },
  "extra_data": {
    "epsilon_analysis": [
      {
        "layer_idx": 6,
        "analysis": {
          "mean_diff": -7.340777665376663e-05,
          "std_diff": 0.0028769855853170156,
          "max_abs_diff": 0.11275434494018555,
          "top_changes": [
            [
              [
                1,
                9,
                31
              ],
              {
                "baseline_epsilon": 7.418415546417236,
                "injected_epsilon": 7.305661201477051,
                "epsilon_diff": -0.11275434494018555,
                "abs_diff": 0.11275434494018555
              },
              {
                "lower1": 1.8620437383651733,
                "middle": 5.369678020477295,
                "upper": 9.679186820983887,
                "gamma": 0.7027654647827148
              }
            ]
          ]
        }
      }
    ],
    "performance": {
      "time": {
        "total_time": 0.018599510192871094,
        "baseline_forward_time": 0.00721430778503418,
        "injection_forward_time": 0.006577730178833008,
        "bounds_computation_time": 0.0007576942443847656,
        "violation_detection_time": 0.001444101333618164
      },
      "memory": {
        "peak_memory_allocated_mb": 1159.0224609375,
        "peak_memory_reserved_mb": 1786.0,
        "baseline_memory_mb": 1099.82568359375,
        "injection_memory_mb": 1159.0224609375
      },
      "compute": {
        "num_attention_layers": 12,
        "num_attention_heads": 12,
        "sequence_length": 64,
        "batch_size": 2,
        "attention_flops": 0.0,
        "bounds_flops": 0.0
      },
      "extra": {}
    }
  }
}