{
  "exp_id": "gpt2_comprehensive_sweep_seed=3407_injection_layers=[9]_injection_bit=21_injection_location=q_injection_idx=(0, 0, 10, 20)",
  "num_runs": 1,
  "timestamp": "2025-12-12T07:44:01.095899",
  "baseline_loss": {
    "mean": 8.462052345275879,
    "std": 0.0,
    "min": 8.462052345275879,
    "max": 8.462052345275879
  },
  "injected_loss": {
    "mean": 8.462052345275879,
    "std": 0.0,
    "min": 8.462052345275879,
    "max": 8.462052345275879
  },
  "loss_diff": {
    "mean": 0.0,
    "std": 0.0,
    "min": 0.0,
    "max": 0.0
  },
  "violation_detection": {
    "detection_rate": 0.0,
    "total_violations": 0,
    "avg_violations_per_run": 0.0
  }
}