{
  "exp_id": "gpt2_comprehensive_sweep_seed=42_injection_layers=[9]_injection_bit=11_injection_location=k_injection_idx=(0, 0, 10, 20)",
  "run_id": 0,
  "timestamp": "2025-12-12T07:09:30.667179",
  "baseline_loss": 8.462052345275879,
  "injected_loss": 8.462052345275879,
  "loss_diff": 0.0,
  "bounds_valid": null,
  "violation_detected": false,
  "num_violations": 0,
  "violation_positions": [],
  "baseline_epsilon_stats": {
    "9": {
      "epsilon_mean": 6.7392191886901855,
      "epsilon_std": 4.8921427726745605,
      "lower_mean": 0.5418864488601685,
      "upper_mean": 9.379467010498047,
      "gamma_mean": 0.2731764018535614
    }
  },
  "injected_epsilon_stats": null,
  "injection_info": {
    "location": "k",
    "idx": [
      0,
      0,
      10,
      20
    ],
    "bit": 11,
    "enabled": true,
    "multi_bit": false,
    "bit_list": null,
    "random_position": false,
    "injection_rate": 0.0
  },
  "extra_data": {
    "epsilon_analysis": [
      {
        "layer_idx": 9,
        "analysis": {
          "mean_diff": 2.0954757928848267e-09,
          "std_diff": 9.833664194047742e-08,
          "max_abs_diff": 3.0994415283203125e-06,
          "top_changes": [
            [
              [
                0,
                0,
                2
              ],
              {
                "baseline_epsilon": 0.6054275035858154,
                "injected_epsilon": 0.6054244041442871,
                "epsilon_diff": -3.0994415283203125e-06,
                "abs_diff": 3.0994415283203125e-06
              },
              {
                "lower1": 0.005583080463111401,
                "middle": 0.010985158383846283,
                "upper": 0.6481122970581055,
                "gamma": 0.0013967454433441162
              }
            ],
            [
              [
                0,
                0,
                45
              ],
              {
                "baseline_epsilon": 1.0878410339355469,
                "injected_epsilon": 1.087841510772705,
                "epsilon_diff": 4.76837158203125e-07,
                "abs_diff": 4.76837158203125e-07
              },
              {
                "lower1": 0.0009442645241506398,
                "middle": 0.0018536042189225554,
                "upper": 1.8612174987792969,
                "gamma": 0.00023609399795532227
              }
            ],
            [
              [
                0,
                0,
                34
              ],
              {
                "baseline_epsilon": 0.8990020751953125,
                "injected_epsilon": 0.8990025520324707,
                "epsilon_diff": 4.76837158203125e-07,
                "abs_diff": 4.76837158203125e-07
              },
              {
                "lower1": 0.0003180377243552357,
                "middle": 0.0006245592376217246,
                "upper": 1.6411943435668945,
                "gamma": 7.95125961303711e-05
              }
            ],
            [
              [
                0,
                0,
                43
              ],
              {
                "baseline_epsilon": 1.0575480461120605,
                "injected_epsilon": 1.0575485229492188,
                "epsilon_diff": 4.76837158203125e-07,
                "abs_diff": 4.76837158203125e-07
              },
              {
                "lower1": 0.0007378373993560672,
                "middle": 0.0014484596904367208,
                "upper": 1.825540542602539,
                "gamma": 0.00018447637557983398
              }
            ],
            [
              [
                0,
                0,
                4
              ],
              {
                "baseline_epsilon": 1.5834851264953613,
                "injected_epsilon": 1.5834856033325195,
                "epsilon_diff": 4.76837158203125e-07,
                "abs_diff": 4.76837158203125e-07
              },
              {
                "lower1": 0.01022221427410841,
                "middle": 0.020069368183612823,
                "upper": 2.1288704872131348,
                "gamma": 0.0025588274002075195
              }
            ],
            [
              [
                0,
                0,
                3
              ],
              {
                "baseline_epsilon": 1.0085296630859375,
                "injected_epsilon": 1.0085301399230957,
                "epsilon_diff": 4.76837158203125e-07,
                "abs_diff": 4.76837158203125e-07
              },
              {
                "lower1": 0.008420407772064209,
                "middle": 0.01655600033700466,
                "upper": 1.2294659614562988,
                "gamma": 0.0021073222160339355
              }
            ],
            [
              [
                0,
                0,
                5
              ],
              {
                "baseline_epsilon": 1.7628741264343262,
                "injected_epsilon": 1.7628746032714844,
                "epsilon_diff": 4.76837158203125e-07,
                "abs_diff": 4.76837158203125e-07
              },
              {
                "lower1": 0.016120243817567825,
                "middle": 0.031655602157115936,
                "upper": 2.3917593955993652,
                "gamma": 0.004038214683532715
              }
            ],
            [
              [
                0,
                0,
                40
              ],
              {
                "baseline_epsilon": 1.0073928833007812,
                "injected_epsilon": 1.007392406463623,
                "epsilon_diff": -4.76837158203125e-07,
                "abs_diff": 4.76837158203125e-07
              },
              {
                "lower1": 0.0003833587106782943,
                "middle": 0.0007526383851654828,
                "upper": 1.7683415412902832,
                "gamma": 9.584426879882812e-05
              }
            ],
            [
              [
                0,
                0,
                26
              ],
              {
                "baseline_epsilon": 0.903465747833252,
                "injected_epsilon": 0.9034652709960938,
                "epsilon_diff": -4.76837158203125e-07,
                "abs_diff": 4.76837158203125e-07
              },
              {
                "lower1": 0.015994863584637642,
                "middle": 0.03147280588746071,
                "upper": 1.6182737350463867,
                "gamma": 0.004006743431091309
              }
            ],
            [
              [
                0,
                0,
                21
              ],
              {
                "baseline_epsilon": 1.1368255615234375,
                "injected_epsilon": 1.1368250846862793,
                "epsilon_diff": -4.76837158203125e-07,
                "abs_diff": 4.76837158203125e-07
              },
              {
                "lower1": 0.00598268723115325,
                "middle": 0.011750955134630203,
                "upper": 1.836899757385254,
                "gamma": 0.0014967918395996094
              }
            ],
            [
              [
                0,
                0,
                15
              ],
              {
                "baseline_epsilon": 1.4655237197875977,
                "injected_epsilon": 1.4655241966247559,
                "epsilon_diff": 4.76837158203125e-07,
                "abs_diff": 4.76837158203125e-07
              },
              {
                "lower1": 0.007583568338304758,
                "middle": 0.014886565506458282,
                "upper": 2.1530752182006836,
                "gamma": 0.0018976926803588867
              }
            ],
            [
              [
                0,
                0,
                20
              ],
              {
                "baseline_epsilon": 1.184950828552246,
                "injected_epsilon": 1.1849513053894043,
                "epsilon_diff": 4.76837158203125e-07,