{
  "exp_id": "gpt2_comprehensive_sweep_seed=123_injection_layers=[0]_injection_bit=20_injection_location=weights_injection_idx=(1, 9, 31, 62)",
  "num_runs": 1,
  "timestamp": "2025-12-12T07:02:06.149760",
  "baseline_loss": {
    "mean": 13.588921546936035,
    "std": 0.0,
    "min": 13.588921546936035,
    "max": 13.588921546936035
  },
  "injected_loss": {
    "mean": 13.588830947875977,
    "std": 0.0,
    "min": 13.588830947875977,
    "max": 13.588830947875977
  },
  "loss_diff": {
    "mean": -9.059906005859375e-05,
    "std": 0.0,
    "min": -9.059906005859375e-05,
    "max": -9.059906005859375e-05
  },
  "violation_detection": {
    "detection_rate": 0.0,
    "total_violations": 0,
    "avg_violations_per_run": 0.0
  }
}