{
  "exp_id": "gpt2_comprehensive_sweep_seed=123_injection_layers=[6]_injection_bit=21_injection_location=weights_injection_idx=(0, 0, 10, 20)",
  "run_id": 0,
  "timestamp": "2025-10-14T18:13:12.516759",
  "baseline_loss": 12.890384674072266,
  "injected_loss": 12.890384674072266,
  "loss_diff": 0.0,
  "bounds_valid": null,
  "violation_detected": false,
  "num_violations": 0,
  "violation_positions": [],
  "baseline_epsilon_stats": {
    "6": {
      "epsilon_mean": 7.864658355712891,
      "epsilon_std": 3.4537131786346436,
      "lower_mean": 0.852850615978241,
      "upper_mean": 17.020122528076172,
      "gamma_mean": 1.5244500637054443
    }
  },
  "injected_epsilon_stats": null,
  "injection_info": {
    "location": "weights",
    "idx": [
      0,
      0,
      10,
      20
    ],
    "bit": 21,
    "enabled": true,
    "multi_bit": false,
    "bit_list": null,
    "random_position": false,
    "injection_rate": 0.0
  },
  "extra_data": {
    "epsilon_analysis": [
      {
        "layer_idx": 6,
        "analysis": {
          "mean_diff": -1.7384689243726825e-08,
          "std_diff": 6.81337837704632e-07,
          "max_abs_diff": 2.6702880859375e-05,
          "top_changes": [
            [
              [
                0,
                0,
                10
              ],
              {
                "baseline_epsilon": 6.541210174560547,
                "injected_epsilon": 6.5411834716796875,
                "epsilon_diff": -2.6702880859375e-05,
                "abs_diff": 2.6702880859375e-05
              },
              {
                "lower1": 0.42932045459747314,
                "middle": 0.7982184886932373,
                "upper": 18.457042694091797,
                "gamma": 0.11379814147949219
              }
            ]
          ]
        }
      }
    ],
    "performance": {
      "time": {
        "total_time": 0.018414020538330078,
        "baseline_forward_time": 0.0070667266845703125,
        "injection_forward_time": 0.006578683853149414,
        "bounds_computation_time": 0.0007739067077636719,
        "violation_detection_time": 0.0014410018920898438
      },
      "memory": {
        "peak_memory_allocated_mb": 1127.98583984375,
        "peak_memory_reserved_mb": 1718.0,
        "baseline_memory_mb": 1068.7890625,
        "injection_memory_mb": 1127.98583984375
      },
      "compute": {
        "num_attention_layers": 12,
        "num_attention_heads": 12,
        "sequence_length": 64,
        "batch_size": 2,
        "attention_flops": 0.0,
        "bounds_flops": 0.0
      },
      "extra": {}
    }
  }
}