{
  "exp_id": "gpt2_comprehensive_sweep_seed=0_injection_layers=[0]_injection_bit=29_injection_location=q_injection_idx=(1, 6, 32, 1)",
  "run_id": 0,
  "timestamp": "2025-12-12T06:59:16.418295",
  "baseline_loss": 13.588921546936035,
  "injected_loss": 13.58889389038086,
  "loss_diff": -2.765655517578125e-05,
  "bounds_valid": null,
  "violation_detected": false,
  "num_violations": 0,
  "violation_positions": [],
  "baseline_epsilon_stats": {
    "0": {
      "epsilon_mean": 4.467039108276367,
      "epsilon_std": 2.3451578617095947,
      "lower_mean": 0.39254388213157654,
      "upper_mean": 9.511073112487793,
      "gamma_mean": 0.164742574095726
    }
  },
  "injected_epsilon_stats": null,
  "injection_info": {
    "location": "q",
    "idx": [
      1,
      6,
      32,
      1
    ],
    "bit": 29,
    "enabled": true,
    "multi_bit": false,
    "bit_list": null,
    "random_position": false,
    "injection_rate": 0.0
  },
  "extra_data": {
    "epsilon_analysis": [
      {
        "layer_idx": 0,
        "analysis": {
          "mean_diff": -6.803435826441273e-05,
          "std_diff": 0.002666391199454665,
          "max_abs_diff": 0.10450077056884766,
          "top_changes": [
            [
              [
                1,
                6,
                32
              ],
              {
                "baseline_epsilon": 5.546673774719238,
                "injected_epsilon": 5.442173004150391,
                "epsilon_diff": -0.10450077056884766,
                "abs_diff": 0.10450077056884766
              },
              {
                "lower1": 0.4267100989818573,
                "middle": 0.872336208820343,
                "upper": 7.716122627258301,
                "gamma": 0.11306226253509521
              }
            ]
          ]
        }
      }
    ],
    "performance": {
      "time": {
        "total_time": 0.018949031829833984,
        "baseline_forward_time": 0.0072629451751708984,
        "injection_forward_time": 0.006770610809326172,
        "bounds_computation_time": 0.0007722377777099609,
        "violation_detection_time": 0.001466989517211914
      },
      "memory": {
        "peak_memory_allocated_mb": 1329.22998046875,
        "peak_memory_reserved_mb": 1720.0,
        "baseline_memory_mb": 1270.033203125,
        "injection_memory_mb": 1329.22998046875
      },
      "compute": {
        "num_attention_layers": 12,
        "num_attention_heads": 12,
        "sequence_length": 64,
        "batch_size": 2,
        "attention_flops": 0.0,
        "bounds_flops": 0.0
      },
      "extra": {}
    }
  }
}