{
  "exp_id": "gpt2_comprehensive_sweep_seed=3407_injection_layers=[3]_injection_bit=19_injection_location=scores_injection_idx=(1, 9, 31, 62)",
  "run_id": 0,
  "timestamp": "2025-10-14T18:16:10.400535",
  "baseline_loss": 8.997108459472656,
  "injected_loss": 8.997109413146973,
  "loss_diff": 9.5367431640625e-07,
  "bounds_valid": null,
  "violation_detected": false,
  "num_violations": 0,
  "violation_positions": [],
  "baseline_epsilon_stats": {
    "3": {
      "epsilon_mean": 4.6995015144348145,
      "epsilon_std": 4.219686508178711,
      "lower_mean": 0.4203936457633972,
      "upper_mean": 5.6145782470703125,
      "gamma_mean": 0.16137349605560303
    }
  },
  "injected_epsilon_stats": null,
  "injection_info": {
    "location": "scores",
    "idx": [
      1,
      9,
      31,
      62
    ],
    "bit": 19,
    "enabled": true,
    "multi_bit": false,
    "bit_list": null,
    "random_position": false,
    "injection_rate": 0.0
  },
  "extra_data": {
    "epsilon_analysis": [
      {
        "layer_idx": 3,
        "analysis": {
          "mean_diff": -1.1885229014296783e-06,
          "std_diff": 4.6580389607697725e-05,
          "max_abs_diff": 0.001825571060180664,
          "top_changes": [
            [
              [
                1,
                9,
                31
              ],
              {
                "baseline_epsilon": 0.6146464347839355,
                "injected_epsilon": 0.6128208637237549,
                "epsilon_diff": -0.001825571060180664,
                "abs_diff": 0.001825571060180664
              },
              {
                "lower1": 0.000405767816118896,
                "middle": 0.0007977315690368414,
                "upper": 0.8266172409057617,
                "gamma": 0.00010144710540771484
              }
            ]
          ]
        }
      }
    ],
    "performance": {
      "time": {
        "total_time": 0.018395185470581055,
        "baseline_forward_time": 0.0071811676025390625,
        "injection_forward_time": 0.006459474563598633,
        "bounds_computation_time": 0.0007660388946533203,
        "violation_detection_time": 0.0014338493347167969
      },
      "memory": {
        "peak_memory_allocated_mb": 1238.1201171875,
        "peak_memory_reserved_mb": 1718.0,
        "baseline_memory_mb": 1178.92333984375,
        "injection_memory_mb": 1238.1201171875
      },
      "compute": {
        "num_attention_layers": 12,
        "num_attention_heads": 12,
        "sequence_length": 64,
        "batch_size": 2,
        "attention_flops": 0.0,
        "bounds_flops": 0.0
      },
      "extra": {}
    }
  }
}