{
  "exp_id": "gpt2_comprehensive_sweep_seed=123_injection_layers=[9]_injection_bit=15_injection_location=scores_injection_idx=(0, 3, 53, 43)",
  "run_id": 0,
  "timestamp": "2025-12-12T07:11:32.224204",
  "baseline_loss": 8.462052345275879,
  "injected_loss": 8.462052345275879,
  "loss_diff": 0.0,
  "bounds_valid": null,
  "violation_detected": false,
  "num_violations": 0,
  "violation_positions": [],
  "baseline_epsilon_stats": {
    "9": {
      "epsilon_mean": 6.7392191886901855,
      "epsilon_std": 4.8921427726745605,
      "lower_mean": 0.5418864488601685,
      "upper_mean": 9.379467010498047,
      "gamma_mean": 0.2731764018535614
    }
  },
  "injected_epsilon_stats": null,
  "injection_info": {
    "location": "scores",
    "idx": [
      0,
      3,
      53,
      43
    ],
    "bit": 15,
    "enabled": true,
    "multi_bit": false,
    "bit_list": null,
    "random_position": false,
    "injection_rate": 0.0
  },
  "extra_data": {
    "epsilon_analysis": [
      {
        "layer_idx": 9,
        "analysis": {
          "mean_diff": -3.5390257835388184e-07,
          "std_diff": 1.3870091606804635e-05,
          "max_abs_diff": 0.0005435943603515625,
          "top_changes": [
            [
              [
                0,
                3,
                53
              ],
              {
                "baseline_epsilon": 4.871707916259766,
                "injected_epsilon": 4.871164321899414,
                "epsilon_diff": -0.0005435943603515625,
                "abs_diff": 0.0005435943603515625
              },
              {
                "lower1": 0.05262203514575958,
                "middle": 0.10264153778553009,
                "upper": 6.365589141845703,
                "gamma": 0.01324319839477539
              }
            ]
          ]
        }
      }
    ],
    "performance": {
      "time": {
        "total_time": 0.018438100814819336,
        "baseline_forward_time": 0.007017850875854492,
        "injection_forward_time": 0.006687164306640625,
        "bounds_computation_time": 0.0007460117340087891,
        "violation_detection_time": 0.0014297962188720703
      },
      "memory": {
        "peak_memory_allocated_mb": 1199.0712890625,
        "peak_memory_reserved_mb": 1830.0,
        "baseline_memory_mb": 1139.87451171875,
        "injection_memory_mb": 1199.0712890625
      },
      "compute": {
        "num_attention_layers": 12,
        "num_attention_heads": 12,
        "sequence_length": 64,
        "batch_size": 2,
        "attention_flops": 0.0,
        "bounds_flops": 0.0
      },
      "extra": {}
    }
  }
}