{
  "exp_id": "gpt2_comprehensive_sweep_seed=0_injection_layers=[3]_injection_bit=28_injection_location=k_injection_idx=(1, 6, 32, 1)",
  "num_runs": 1,
  "timestamp": "2025-12-12T06:59:38.342543",
  "baseline_loss": {
    "mean": 13.791720390319824,
    "std": 0.0,
    "min": 13.791720390319824,
    "max": 13.791720390319824
  },
  "injected_loss": {
    "mean": 13.793546676635742,
    "std": 0.0,
    "min": 13.793546676635742,
    "max": 13.793546676635742
  },
  "loss_diff": {
    "mean": 0.0018262863159179688,
    "std": 0.0,
    "min": 0.0018262863159179688,
    "max": 0.0018262863159179688
  },
  "violation_detection": {
    "detection_rate": 1.0,
    "total_violations": 37,
    "avg_violations_per_run": 37.0
  }
}