{
  "exp_id": "gpt2_comprehensive_sweep_seed=123_injection_layers=[0]_injection_bit=21_injection_location=scores_injection_idx=(1, 9, 31, 62)",
  "run_id": 0,
  "timestamp": "2025-10-14T18:13:00.827349",
  "baseline_loss": 13.588921546936035,
  "injected_loss": 13.588929176330566,
  "loss_diff": 7.62939453125e-06,
  "bounds_valid": null,
  "violation_detected": false,
  "num_violations": 0,
  "violation_positions": [],
  "baseline_epsilon_stats": {
    "0": {
      "epsilon_mean": 4.467039108276367,
      "epsilon_std": 2.3451578617095947,
      "lower_mean": 0.39254388213157654,
      "upper_mean": 9.511073112487793,
      "gamma_mean": 0.164742574095726
    }
  },
  "injected_epsilon_stats": null,
  "injection_info": {
    "location": "scores",
    "idx": [
      1,
      9,
      31,
      62
    ],
    "bit": 21,
    "enabled": true,
    "multi_bit": false,
    "bit_list": null,
    "random_position": false,
    "injection_rate": 0.0
  },
  "extra_data": {
    "epsilon_analysis": [
      {
        "layer_idx": 0,
        "analysis": {
          "mean_diff": 2.8044607461197302e-05,
          "std_diff": 0.0010991196613758802,
          "max_abs_diff": 0.043076515197753906,
          "top_changes": [
            [
              [
                1,
                9,
                31
              ],
              {
                "baseline_epsilon": 4.158117294311523,
                "injected_epsilon": 4.201193809509277,
                "epsilon_diff": 0.043076515197753906,
                "abs_diff": 0.043076515197753906
              },
              {
                "lower1": 0.05947456881403923,
                "middle": 0.11599933356046677,
                "upper": 8.236154556274414,
                "gamma": 0.014980852603912354
              }
            ]
          ]
        }
      }
    ],
    "performance": {
      "time": {
        "total_time": 0.01876974105834961,
        "baseline_forward_time": 0.007195949554443359,
        "injection_forward_time": 0.0065538883209228516,
        "bounds_computation_time": 0.0008244514465332031,
        "violation_detection_time": 0.001447439193725586
      },
      "memory": {
        "peak_memory_allocated_mb": 1317.5927734375,
        "peak_memory_reserved_mb": 1718.0,
        "baseline_memory_mb": 1258.39599609375,
        "injection_memory_mb": 1317.5927734375
      },
      "compute": {
        "num_attention_layers": 12,
        "num_attention_heads": 12,
        "sequence_length": 64,
        "batch_size": 2,
        "attention_flops": 0.0,
        "bounds_flops": 0.0
      },
      "extra": {}
    }
  }
}