{
  "exp_id": "gpt2_comprehensive_sweep_seed=123_injection_layers=[3]_injection_bit=23_injection_location=q_injection_idx=(1, 6, 32, 1)",
  "run_id": 0,
  "timestamp": "2025-10-14T17:46:15.803375",
  "baseline_loss": 8.997108459472656,
  "injected_loss": 8.99710750579834,
  "loss_diff": -9.5367431640625e-07,
  "bounds_valid": null,
  "violation_detected": false,
  "num_violations": 0,
  "violation_positions": [],
  "baseline_epsilon_stats": {
    "3": {
      "epsilon_mean": 4.6995015144348145,
      "epsilon_std": 4.219686508178711,
      "lower_mean": 0.4203936457633972,
      "upper_mean": 5.6145782470703125,
      "gamma_mean": 0.16137349605560303
    }
  },
  "injected_epsilon_stats": null,
  "injection_info": {
    "location": "q",
    "idx": [
      1,
      6,
      32,
      1
    ],
    "bit": 23,
    "enabled": true,
    "multi_bit": false,
    "bit_list": null,
    "random_position": false,
    "injection_rate": 0.0
  },
  "extra_data": {
    "epsilon_analysis": [
      {
        "layer_idx": 3,
        "analysis": {
          "mean_diff": -1.3131648302078247e-07,
          "std_diff": 5.146534022060223e-06,
          "max_abs_diff": 0.00020170211791992188,
          "top_changes": [
            [
              [
                1,
                6,
                32
              ],
              {
                "baseline_epsilon": 6.337185859680176,
                "injected_epsilon": 6.336984157562256,
                "epsilon_diff": -0.00020170211791992188,
                "abs_diff": 0.00020170211791992188
              },
              {
                "lower1": 1.6488865613937378,
                "middle": 4.406374931335449,
                "upper": 6.6587605476379395,
                "gamma": 0.5708968043327332
              }
            ]
          ]
        }
      }
    ],
    "performance": {
      "time": {
        "total_time": 0.018235445022583008,
        "baseline_forward_time": 0.006967306137084961,
        "injection_forward_time": 0.006519794464111328,
        "bounds_computation_time": 0.0007560253143310547,
        "violation_detection_time": 0.0014622211456298828
      },
      "memory": {
        "peak_memory_allocated_mb": 1208.08349609375,
        "peak_memory_reserved_mb": 1676.0,
        "baseline_memory_mb": 1148.88671875,
        "injection_memory_mb": 1208.08349609375
      },
      "compute": {
        "num_attention_layers": 12,
        "num_attention_heads": 12,
        "sequence_length": 64,
        "batch_size": 2,
        "attention_flops": 0.0,
        "bounds_flops": 0.0
      },
      "extra": {}
    }
  }
}