{
  "exp_id": "gpt2_comprehensive_sweep_seed=42_injection_layers=[3]_injection_bit=5_injection_location=k_injection_idx=(1, 6, 32, 1)",
  "run_id": 0,
  "timestamp": "2025-12-12T07:00:50.163265",
  "baseline_loss": 13.791720390319824,
  "injected_loss": 13.791720390319824,
  "loss_diff": 0.0,
  "bounds_valid": null,
  "violation_detected": false,
  "num_violations": 0,
  "violation_positions": [],
  "baseline_epsilon_stats": {
    "3": {
      "epsilon_mean": 6.302740097045898,
      "epsilon_std": 2.23594331741333,
      "lower_mean": 0.9555976390838623,
      "upper_mean": 17.05971336364746,
      "gamma_mean": 1.0718344449996948
    }
  },
  "injected_epsilon_stats": null,
  "injection_info": {
    "location": "k",
    "idx": [
      1,
      6,
      32,
      1
    ],
    "bit": 5,
    "enabled": true,
    "multi_bit": false,
    "bit_list": null,
    "random_position": false,
    "injection_rate": 0.0
  },
  "extra_data": {
    "epsilon_analysis": [
      {
        "layer_idx": 3,
        "analysis": {
          "mean_diff": 4.967053879312289e-09,
          "std_diff": 3.3724799664014427e-07,
          "max_abs_diff": 7.62939453125e-06,
          "top_changes": [
            [
              [
                1,
                6,
                5
              ],
              {
                "baseline_epsilon": 3.1814117431640625,
                "injected_epsilon": 3.1814041137695312,
                "epsilon_diff": -7.62939453125e-06,
                "abs_diff": 7.62939453125e-06
              },
              {
                "lower1": 1.5258759958669543e-05,
                "middle": 2.901842526625842e-05,
                "upper": 18.457042694091797,
                "gamma": 3.814697265625e-06
              }
            ],
            [
              [
                1,
                6,
                4
              ],
              {
                "baseline_epsilon": 3.2575531005859375,
                "injected_epsilon": 3.2575607299804688,
                "epsilon_diff": 7.62939453125e-06,
                "abs_diff": 7.62939453125e-06
              },
              {
                "lower1": 0.004441653843969107,
                "middle": 0.008440001867711544,
                "upper": 18.457042694091797,
                "gamma": 0.0011110305786132812
              }
            ],
            [
              [
                1,
                6,
                2
              ],
              {
                "baseline_epsilon": 3.3750152587890625,
                "injected_epsilon": 3.3750228881835938,
                "epsilon_diff": 7.62939453125e-06,
                "abs_diff": 7.62939453125e-06
              },
              {
                "lower1": 0.012515455484390259,
                "middle": 0.023781949654221535,
                "upper": 18.457042694091797,
                "gamma": 0.0031337738037109375
              }
            ]
          ]
        }
      }
    ],
    "performance": {
      "time": {
        "total_time": 0.01890850067138672,
        "baseline_forward_time": 0.0072460174560546875,
        "injection_forward_time": 0.0067119598388671875,
        "bounds_computation_time": 0.0007462501525878906,
        "violation_detection_time": 0.0016369819641113281
      },
      "memory": {
        "peak_memory_allocated_mb": 1249.13232421875,
        "peak_memory_reserved_mb": 1786.0,
        "baseline_memory_mb": 1189.935546875,
        "injection_memory_mb": 1249.13232421875
      },
      "compute": {
        "num_attention_layers": 12,
        "num_attention_heads": 12,
        "sequence_length": 64,
        "batch_size": 2,
        "attention_flops": 0.0,
        "bounds_flops": 0.0
      },
      "extra": {}
    }
  }
}