{
  "exp_id": "gpt2_comprehensive_sweep_seed=42_injection_layers=[3]_injection_bit=29_injection_location=weights_injection_idx=(0, 3, 53, 43)",
  "num_runs": 1,
  "timestamp": "2025-10-14T18:17:47.585179",
  "baseline_loss": {
    "mean": 8.997108459472656,
    "std": 0.0,
    "min": 8.997108459472656,
    "max": 8.997108459472656
  },
  "injected_loss": {
    "mean": 8.997114181518555,
    "std": 0.0,
    "min": 8.997114181518555,
    "max": 8.997114181518555
  },
  "loss_diff": {
    "mean": 5.7220458984375e-06,
    "std": 0.0,
    "min": 5.7220458984375e-06,
    "max": 5.7220458984375e-06
  },
  "violation_detection": {
    "detection_rate": 0.0,
    "total_violations": 0,
    "avg_violations_per_run": 0.0
  }
}