{
  "exp_id": "gpt2_comprehensive_sweep_seed=3407_injection_layers=[0]_injection_bit=26_injection_location=weights_injection_idx=(0, 0, 10, 20)",
  "run_id": 0,
  "timestamp": "2025-12-12T07:03:39.963736",
  "baseline_loss": 13.588921546936035,
  "injected_loss": 13.58897876739502,
  "loss_diff": 5.7220458984375e-05,
  "bounds_valid": null,
  "violation_detected": false,
  "num_violations": 0,
  "violation_positions": [],
  "baseline_epsilon_stats": {
    "0": {
      "epsilon_mean": 4.467039108276367,
      "epsilon_std": 2.3451578617095947,
      "lower_mean": 0.39254388213157654,
      "upper_mean": 9.511073112487793,
      "gamma_mean": 0.164742574095726
    }
  },
  "injected_epsilon_stats": null,
  "injection_info": {
    "location": "weights",
    "idx": [
      0,
      0,
      10,
      20
    ],
    "bit": 26,
    "enabled": true,
    "multi_bit": false,
    "bit_list": null,
    "random_position": false,
    "injection_rate": 0.0
  },
  "extra_data": {
    "epsilon_analysis": [
      {
        "layer_idx": 0,
        "analysis": {
          "mean_diff": -1.2475065886974335e-06,
          "std_diff": 4.889207411906682e-05,
          "max_abs_diff": 0.0019161701202392578,
          "top_changes": [
            [
              [
                0,
                0,
                10
              ],
              {
                "baseline_epsilon": 2.523094415664673,
                "injected_epsilon": 2.5211782455444336,
                "epsilon_diff": -0.0019161701202392578,
                "abs_diff": 0.0019161701202392578
              },
              {
                "lower1": 0.0240748580545187,
                "middle": 0.04720572009682655,
                "upper": 3.395707607269287,
                "gamma": 0.006036937236785889
              }
            ]
          ]
        }
      }
    ],
    "performance": {
      "time": {
        "total_time": 0.01879572868347168,
        "baseline_forward_time": 0.0072629451751708984,
        "injection_forward_time": 0.006667613983154297,
        "bounds_computation_time": 0.0007686614990234375,
        "violation_detection_time": 0.0014629364013671875
      },
      "memory": {
        "peak_memory_allocated_mb": 1359.2666015625,
        "peak_memory_reserved_mb": 1854.0,
        "baseline_memory_mb": 1300.06982421875,
        "injection_memory_mb": 1359.2666015625
      },
      "compute": {
        "num_attention_layers": 12,
        "num_attention_heads": 12,
        "sequence_length": 64,
        "batch_size": 2,
        "attention_flops": 0.0,
        "bounds_flops": 0.0
      },
      "extra": {}
    }
  }
}