{
  "exp_id": "gpt2_comprehensive_sweep_seed=0_injection_layers=[6]_injection_bit=31_injection_location=k_injection_idx=(0, 3, 53, 43)",
  "num_runs": 1,
  "timestamp": "2025-12-12T07:16:58.045983",
  "baseline_loss": {
    "mean": 8.564264297485352,
    "std": 0.0,
    "min": 8.564264297485352,
    "max": 8.564264297485352
  },
  "injected_loss": {
    "mean": 8.563987731933594,
    "std": 0.0,
    "min": 8.563987731933594,
    "max": 8.563987731933594
  },
  "loss_diff": {
    "mean": -0.0002765655517578125,
    "std": 0.0,
    "min": -0.0002765655517578125,
    "max": -0.0002765655517578125
  },
  "violation_detection": {
    "detection_rate": 1.0,
    "total_violations": 1,
    "avg_violations_per_run": 1.0
  }
}