{
  "exp_id": "gpt2_comprehensive_sweep_seed=42_injection_layers=[9]_injection_bit=19_injection_location=k_injection_idx=(1, 6, 32, 1)",
  "run_id": 0,
  "timestamp": "2025-12-12T07:40:26.950083",
  "baseline_loss": 8.462052345275879,
  "injected_loss": 8.462052345275879,
  "loss_diff": 0.0,
  "bounds_valid": null,
  "violation_detected": false,
  "num_violations": 0,
  "violation_positions": [],
  "baseline_epsilon_stats": {
    "9": {
      "epsilon_mean": 6.7392191886901855,
      "epsilon_std": 4.8921427726745605,
      "lower_mean": 0.5418864488601685,
      "upper_mean": 9.379467010498047,
      "gamma_mean": 0.2731764018535614
    }
  },
  "injected_epsilon_stats": null,
  "injection_info": {
    "location": "k",
    "idx": [
      1,
      6,
      32,
      1
    ],
    "bit": 19,
    "enabled": true,
    "multi_bit": false,
    "bit_list": null,
    "random_position": false,
    "injection_rate": 0.0
  },
  "extra_data": {
    "epsilon_analysis": [
      {
        "layer_idx": 9,
        "analysis": {
          "mean_diff": 4.868101086685783e-07,
          "std_diff": 5.214019438426476e-06,
          "max_abs_diff": 0.00012302398681640625,
          "top_changes": [
            [
              [
                1,
                6,
                4
              ],
              {
                "baseline_epsilon": 2.6551408767700195,
                "injected_epsilon": 2.655263900756836,
                "epsilon_diff": 0.00012302398681640625,
                "abs_diff": 0.00012302398681640625
              },
              {
                "lower1": 0.555429995059967,
                "middle": 1.1730250120162964,
                "upper": 3.8138885498046875,
                "gamma": 0.1501016616821289
              }
            ],
            [
              [
                1,
                6,
                6
              ],
              {
                "baseline_epsilon": 4.245941162109375,
                "injected_epsilon": 4.245981216430664,
                "epsilon_diff": 4.00543212890625e-05,
                "abs_diff": 4.00543212890625e-05
              },
              {
                "lower1": 1.100629210472107,
                "middle": 2.5494019985198975,
                "upper": 7.012479782104492,
                "gamma": 0.32869696617126465
              }
            ],
            [
              [
                1,
                6,
                10
              ],
              {
                "baseline_epsilon": 1.833517074584961,
                "injected_epsilon": 1.8335552215576172,
                "epsilon_diff": 3.814697265625e-05,
                "abs_diff": 3.814697265625e-05
              },
              {
                "lower1": 0.0007781225722283125,
                "middle": 0.0015216273022815585,
                "upper": 4.30308723449707,
                "gamma": 0.000194549560546875
              }
            ],
            [
              [
                1,
                6,
                9
              ],
              {
                "baseline_epsilon": 1.7758769989013672,
                "injected_epsilon": 1.7759113311767578,
                "epsilon_diff": 3.4332275390625e-05,
                "abs_diff": 3.4332275390625e-05
              },
              {
                "lower1": 0.0015131946420297027,
                "middle": 0.002960796235129237,
                "upper": 3.9254684448242188,
                "gamma": 0.0003783702850341797
              }
            ],
            [
              [
                1,
                6,
                8
              ],
              {
                "baseline_epsilon": 3.491191864013672,
                "injected_epsilon": 3.4912261962890625,
                "epsilon_diff": 3.4332275390625e-05,
                "abs_diff": 3.4332275390625e-05
              },
              {
                "lower1": 0.8237775564193726,
                "middle": 1.8139727115631104,
                "upper": 5.300381660461426,
                "gamma": 0.23295676708221436
              }
            ],
            [
              [
                1,
                6,
                11
              ],
              {
                "baseline_epsilon": 1.855386734008789,
                "injected_epsilon": 1.8554191589355469,
                "epsilon_diff": 3.24249267578125e-05,
                "abs_diff": 3.24249267578125e-05
              },
              {
                "lower1": 0.001251025008969009,
                "middle": 0.002445539692416787,
                "upper": 4.668121337890625,
                "gamma": 0.00031280517578125
              }
            ],
            [
              [
                1,
                6,
                15
              ],
              {
                "baseline_epsilon": 1.8239822387695312,
                "injected_epsilon": 1.824014663696289,
                "epsilon_diff": 3.24249267578125e-05,
                "abs_diff": 3.24249267578125e-05
              },
              {
                "lower1": 0.006567323114722967,
                "middle": 0.012832456268370152,
                "upper": 5.9349365234375,
                "gamma": 0.0016431808471679688
              }
            ],
            [
              [
                1,
                6,
                12
              ],
              {
                "baseline_epsilon": 1.8575687408447266,
                "injected_epsilon": 1.8576011657714844,
                "epsilon_diff": 3.24249267578125e-05,
                "abs_diff": 3.24249267578125e-05
              },
              {
                "lower1": 0.0022681476548314095,
                "middle": 0.00443291524425149,
                "upper": 5.009332656860352,
                "gamma": 0.0005671977996826172
              }
            ],
            [
              [
                1,
                6,
                14
              ],
              {
                "baseline_epsilon": 1.8375415802001953,
                "injected_epsilon": 1.8375720977783203,
                "epsilon_diff": 3.0517578125e-05,
                "abs_diff": 3.0517578125e-05
              },
              {
                "lower1": 0.005099856294691563,
                "middle": 0.009965448640286922,
                "upper": 5.64088249206543,
                "gamma": 0.001275777816772461
              }
            ],
            [
              [
                1,
                6,
                13
              ],
              {
                "baseline_epsilon": 1.8497085571289062,
                "injected_epsilon": 1.8497390747070312,
                "epsilon_diff": 3.0517578125e-05,
                "abs_diff": 3.0517578125e-05
              },
              {
                "lower1": 0.0036204149946570396,
                "middle": 0.007075021043419838,
                "upper": 5.328035354614258,
                "gamma": 0.0009055137634277344
              }
            ],
            [
              [
                1,
                6,
                16
              ],
              {
                "baseline_epsilon": 1.8094768524169922,
                "injected_epsilon": 1.8095073699951172,
                "epsilon_diff": 3.0517578125e-05,
                "abs_diff": 3.0517578125e-05
              },
              {
                "lower1": 0.008219839073717594,
                "middle": 0.016061780974268913,
                "upper": 6.20042610168457,
                "gamma": 0.0020570755004882812
              }
            ],
            [
              [
                1,
                6,
                17
              ],
              {
                "baseline_epsilon": 1.796285629272461,
                "injected_epsilon": 1.7963142395019531,
                "epsilon_diff": 2.86102294921875e-05,
                "abs_diff": 2.86102294921875e-05
              },
              {
                "lower1": 0.009684254415333271,