{
  "exp_id": "gpt2_comprehensive_sweep_seed=0_injection_layers=[6]_injection_bit=31_injection_location=scores_injection_idx=(1, 9, 31, 62)",
  "num_runs": 1,
  "timestamp": "2025-10-14T18:15:12.744427",
  "baseline_loss": {
    "mean": 8.564263343811035,
    "std": 0.0,
    "min": 8.564263343811035,
    "max": 8.564263343811035
  },
  "injected_loss": {
    "mean": 8.56428050994873,
    "std": 0.0,
    "min": 8.56428050994873,
    "max": 8.56428050994873
  },
  "loss_diff": {
    "mean": 1.71661376953125e-05,
    "std": 0.0,
    "min": 1.71661376953125e-05,
    "max": 1.71661376953125e-05
  },
  "violation_detection": {
    "detection_rate": 0.0,
    "total_violations": 0,
    "avg_violations_per_run": 0.0
  }
}