{
  "exp_id": "gpt2_comprehensive_sweep_seed=123_injection_layers=[6]_injection_bit=20_injection_location=weights_injection_idx=(0, 3, 53, 43)",
  "run_id": 0,
  "timestamp": "2025-12-12T07:10:56.565080",
  "baseline_loss": 8.564264297485352,
  "injected_loss": 8.564262390136719,
  "loss_diff": -1.9073486328125e-06,
  "bounds_valid": null,
  "violation_detected": false,
  "num_violations": 0,
  "violation_positions": [],
  "baseline_epsilon_stats": {
    "6": {
      "epsilon_mean": 5.956024169921875,
      "epsilon_std": 4.427911758422852,
      "lower_mean": 0.5316863656044006,
      "upper_mean": 7.960529327392578,
      "gamma_mean": 0.18503431975841522
    }
  },
  "injected_epsilon_stats": null,
  "injection_info": {
    "location": "weights",
    "idx": [
      0,
      3,
      53,
      43
    ],
    "bit": 20,
    "enabled": true,
    "multi_bit": false,
    "bit_list": null,
    "random_position": false,
    "injection_rate": 0.0
  },
  "extra_data": {
    "epsilon_analysis": [
      {
        "layer_idx": 6,
        "analysis": {
          "mean_diff": 2.4953237698355224e-06,
          "std_diff": 9.779631363926455e-05,
          "max_abs_diff": 0.0038328170776367188,
          "top_changes": [
            [
              [
                0,
                3,
                53
              ],
              {
                "baseline_epsilon": 1.8343658447265625,
                "injected_epsilon": 1.8381986618041992,
                "epsilon_diff": 0.0038328170776367188,
                "abs_diff": 0.0038328170776367188
              },
              {
                "lower1": 0.02341434545814991,
                "middle": 0.046029046177864075,
                "upper": 2.09439754486084,
                "gamma": 0.005870819091796875
              }
            ]
          ]
        }
      }
    ],
    "performance": {
      "time": {
        "total_time": 0.01872873306274414,
        "baseline_forward_time": 0.0071849822998046875,
        "injection_forward_time": 0.006735324859619141,
        "bounds_computation_time": 0.0007734298706054688,
        "violation_detection_time": 0.0014514923095703125
      },
      "memory": {
        "peak_memory_allocated_mb": 1249.88232421875,
        "peak_memory_reserved_mb": 1830.0,
        "baseline_memory_mb": 1190.685546875,
        "injection_memory_mb": 1249.88232421875
      },
      "compute": {
        "num_attention_layers": 12,
        "num_attention_heads": 12,
        "sequence_length": 64,
        "batch_size": 2,
        "attention_flops": 0.0,
        "bounds_flops": 0.0
      },
      "extra": {}
    }
  }
}