{
  "exp_id": "gpt2_comprehensive_sweep_seed=3407_injection_layers=[6]_injection_bit=28_injection_location=k_injection_idx=(0, 3, 53, 43)",
  "run_id": 0,
  "timestamp": "2025-10-14T18:22:24.972815",
  "baseline_loss": 12.890384674072266,
  "injected_loss": 12.890384674072266,
  "loss_diff": 0.0,
  "bounds_valid": null,
  "violation_detected": false,
  "num_violations": 0,
  "violation_positions": [],
  "baseline_epsilon_stats": {
    "6": {
      "epsilon_mean": 7.864658355712891,
      "epsilon_std": 3.4537131786346436,
      "lower_mean": 0.852850615978241,
      "upper_mean": 17.020122528076172,
      "gamma_mean": 1.5244500637054443
    }
  },
  "injected_epsilon_stats": null,
  "injection_info": {
    "location": "k",
    "idx": [
      0,
      3,
      53,
      43
    ],
    "bit": 28,
    "enabled": true,
    "multi_bit": false,
    "bit_list": null,
    "random_position": false,
    "injection_rate": 0.0
  },
  "extra_data": {
    "epsilon_analysis": [
      {
        "layer_idx": 6,
        "analysis": {
          "mean_diff": -1.3203360140323639e-05,
          "std_diff": 0.004359295591711998,
          "max_abs_diff": 0.054187774658203125,
          "top_changes": [
            [
              [
                0,
                3,
                1
              ],
              {
                "baseline_epsilon": 6.088102340698242,
                "injected_epsilon": 6.033914566040039,
                "epsilon_diff": -0.054187774658203125,
                "abs_diff": 0.054187774658203125
              },
              {
                "lower1": 0.17579887807369232,
                "middle": 0.339783638715744,
                "upper": 16.74805450439453,
                "gamma": 0.04496026039123535
              }
            ],
            [
              [
                0,
                3,
                2
              ],
              {
                "baseline_epsilon": 6.1041259765625,
                "injected_epsilon": 6.0583038330078125,
                "epsilon_diff": -0.0458221435546875,
                "abs_diff": 0.0458221435546875
              },
              {
                "lower1": 0.18356981873512268,
                "middle": 0.3540189564228058,
                "upper": 18.279407501220703,
                "gamma": 0.0469965934753418
              }
            ],
            [
              [
                0,
                3,
                3
              ],
              {
                "baseline_epsilon": 6.178056716918945,
                "injected_epsilon": 6.139806747436523,
                "epsilon_diff": -0.038249969482421875,
                "abs_diff": 0.038249969482421875
              },
              {
                "lower1": 0.1981324851512909,
                "middle": 0.381146639585495,
                "upper": 18.457042694091797,
                "gamma": 0.05082440376281738
              }
            ],
            [
              [
                0,
                3,
                4
              ],
              {
                "baseline_epsilon": 6.261980056762695,
                "injected_epsilon": 6.228969573974609,
                "epsilon_diff": -0.03301048278808594,
                "abs_diff": 0.03301048278808594
              },
              {
                "lower1": 0.21386978030204773,
                "middle": 0.4105435013771057,
                "upper": 18.457042694091797,
                "gamma": 0.054978370666503906
              }
            ],
            [
              [
                0,
                3,
                46
              ],
              {
                "baseline_epsilon": 8.027734756469727,
                "injected_epsilon": 8.059586524963379,
                "epsilon_diff": 0.031851768493652344,
                "abs_diff": 0.031851768493652344
              },
              {
                "lower1": 1.2516957521438599,
                "middle": 6.083846092224121,
                "upper": 18.457042694091797,
                "gamma": 2.8433117866516113
              }
            ],
            [
              [
                0,
                3,
                47
              ],
              {
                "baseline_epsilon": 7.390068054199219,
                "injected_epsilon": 7.421703338623047,
                "epsilon_diff": 0.031635284423828125,
                "abs_diff": 0.031635284423828125
              },
              {
                "lower1": 1.1352007389068604,
                "middle": 5.672517776489258,
                "upper": 18.457042694091797,
                "gamma": 3.0042884349823
              }
            ],
            [
              [
                0,
                3,
                45
              ],
              {
                "baseline_epsilon": 8.677713394165039,
                "injected_epsilon": 8.709346771240234,
                "epsilon_diff": 0.03163337707519531,
                "abs_diff": 0.03163337707519531
              },
              {
                "lower1": 1.3794101476669312,
                "middle": 6.479957103729248,
                "upper": 18.457042694091797,
                "gamma": 2.675175428390503
              }
            ],
            [
              [
                0,
                3,
                48
              ],
              {
                "baseline_epsilon": 6.701047897338867,
                "injected_epsilon": 6.731902599334717,
                "epsilon_diff": 0.03085470199584961,
                "abs_diff": 0.03085470199584961
              },
              {
                "lower1": 1.011978030204773,
                "middle": 5.210747718811035,
                "upper": 18.457042694091797,
                "gamma": 3.1856837272644043
              }
            ],
            [
              [
                0,
                3,
                44
              ],
              {
                "baseline_epsilon": 9.325430870056152,
                "injected_epsilon": 9.356151580810547,
                "epsilon_diff": 0.03072071075439453,
                "abs_diff": 0.03072071075439453
              },
              {
                "lower1": 1.5200896263122559,
                "middle": 6.842500686645508,
                "upper": 18.457042694091797,
                "gamma": 2.496320962905884
              }
            ],
            [
              [
                0,
                3,
                49
              ],
              {
                "baseline_epsilon": 6.042936325073242,
                "injected_epsilon": 6.072690010070801,
                "epsilon_diff": 0.029753684997558594,
                "abs_diff": 0.029753684997558594
              },
              {
                "lower1": 0.9022226333618164,
                "middle": 4.752501010894775,
                "upper": 18.449172973632812,
                "gamma": 3.3601956367492676
              }
            ],
            [
              [
                0,
                3,
                43
              ],
              {
                "baseline_epsilon": 9.868110656738281,
                "injected_epsilon": 9.897562026977539,
                "epsilon_diff": 0.029451370239257812,
                "abs_diff": 0.029451370239257812
              },
              {
                "lower1": 1.6460685729980469,
                "middle": 7.115429878234863,
                "upper": 18.457042694091797,
                "gamma": 2.3384246826171875
              }
            ],
            [
              [
                0,
                3,
                5
              ],
              {
                "baseline_epsilon": 6.348052978515625,
                "injected_epsilon": 6.319009780883789,
                "epsilon_diff": -0.029043197631835938,
                "abs_diff": 0.029043197631835938
              },
              {
                "lower1": 0.2308676689863205,
                "middle": 0.442253440618515,