{
  "exp_id": "gpt2_comprehensive_sweep_seed=42_injection_layers=[6]_injection_bit=27_injection_location=k_injection_idx=(0, 3, 53, 43)",
  "run_id": 0,
  "timestamp": "2025-10-14T18:25:07.314282",
  "baseline_loss": 8.564263343811035,
  "injected_loss": 8.564131736755371,
  "loss_diff": -0.0001316070556640625,
  "bounds_valid": null,
  "violation_detected": true,
  "num_violations": 1,
  "violation_positions": [
    [
      6,
      [
        0,
        3,
        2
      ]
    ]
  ],
  "baseline_epsilon_stats": {
    "6": {
      "epsilon_mean": 5.956024169921875,
      "epsilon_std": 4.427911758422852,
      "lower_mean": 0.5316863656044006,
      "upper_mean": 7.960529327392578,
      "gamma_mean": 0.18503431975841522
    }
  },
  "injected_epsilon_stats": null,
  "injection_info": {
    "location": "k",
    "idx": [
      0,
      3,
      53,
      43
    ],
    "bit": 27,
    "enabled": true,
    "multi_bit": false,
    "bit_list": null,
    "random_position": false,
    "injection_rate": 0.0
  },
  "extra_data": {
    "epsilon_analysis": [
      {
        "layer_idx": 6,
        "analysis": {
          "mean_diff": -0.000320626946631819,
          "std_diff": 0.002634400734677911,
          "max_abs_diff": 0.07044786214828491,
          "top_changes": [
            [
              [
                0,
                3,
                2
              ],
              {
                "baseline_epsilon": 0.34604471921920776,
                "injected_epsilon": 0.4164925813674927,
                "epsilon_diff": 0.07044786214828491,
                "abs_diff": 0.07044786214828491
              },
              {
                "lower1": 0.0013660838594660163,
                "middle": 0.002687946194782853,
                "upper": 0.38397783041000366,
                "gamma": 0.0003415793180465698
              }
            ],
            [
              [
                0,
                3,
                63
              ],
              {
                "baseline_epsilon": 1.8331279754638672,
                "injected_epsilon": 1.8174920082092285,
                "epsilon_diff": -0.015635967254638672,
                "abs_diff": 0.015635967254638672
              },
              {
                "lower1": 0.019769446924328804,
                "middle": 0.038846321403980255,
                "upper": 2.085608959197998,
                "gamma": 0.004954636096954346
              }
            ],
            [
              [
                0,
                3,
                62
              ],
              {
                "baseline_epsilon": 1.832819938659668,
                "injected_epsilon": 1.8174562454223633,
                "epsilon_diff": -0.015363693237304688,
                "abs_diff": 0.015363693237304688
              },
              {
                "lower1": 0.02010962925851345,
                "middle": 0.03951648250222206,
                "upper": 2.085662364959717,
                "gamma": 0.005040109157562256
              }
            ],
            [
              [
                0,
                3,
                61
              ],
              {
                "baseline_epsilon": 1.8323960304260254,
                "injected_epsilon": 1.8172874450683594,
                "epsilon_diff": -0.015108585357666016,
                "abs_diff": 0.015108585357666016
              },
              {
                "lower1": 0.020633846521377563,
                "middle": 0.04054931178689003,
                "upper": 2.085360050201416,
                "gamma": 0.005171835422515869
              }
            ],
            [
              [
                0,
                3,
                60
              ],
              {
                "baseline_epsilon": 1.8332209587097168,
                "injected_epsilon": 1.8183789253234863,
                "epsilon_diff": -0.014842033386230469,
                "abs_diff": 0.014842033386230469
              },
              {
                "lower1": 0.020893791690468788,
                "middle": 0.04106136038899422,
                "upper": 2.0873422622680664,
                "gamma": 0.005237162113189697
              }
            ],
            [
              [
                0,
                3,
                59
              ],
              {
                "baseline_epsilon": 1.8317952156066895,
                "injected_epsilon": 1.817230224609375,
                "epsilon_diff": -0.014564990997314453,
                "abs_diff": 0.014564990997314453
              },
              {
                "lower1": 0.021273722872138023,
                "middle": 0.04181014746427536,
                "upper": 2.0862951278686523,
                "gamma": 0.005332648754119873
              }
            ],
            [
              [
                0,
                3,
                58
              ],
              {
                "baseline_epsilon": 1.8302416801452637,
                "injected_epsilon": 1.8159141540527344,
                "epsilon_diff": -0.014327526092529297,
                "abs_diff": 0.014327526092529297
              },
              {
                "lower1": 0.02150019071996212,
                "middle": 0.042256586253643036,
                "upper": 2.085310459136963,
                "gamma": 0.005389571189880371
              }
            ],
            [
              [
                0,
                3,
                57
              ],
              {
                "baseline_epsilon": 1.8335480690002441,
                "injected_epsilon": 1.8194904327392578,
                "epsilon_diff": -0.014057636260986328,
                "abs_diff": 0.014057636260986328
              },
              {
                "lower1": 0.022092506289482117,
                "middle": 0.04342355579137802,
                "upper": 2.0895166397094727,
                "gamma": 0.005538463592529297
              }
            ],
            [
              [
                0,
                3,
                56
              ],
              {
                "baseline_epsilon": 1.8330917358398438,
                "injected_epsilon": 1.8192849159240723,
                "epsilon_diff": -0.013806819915771484,
                "abs_diff": 0.013806819915771484
              },
              {
                "lower1": 0.02242063730955124,
                "middle": 0.04407032951712608,
                "upper": 2.090181350708008,
                "gamma": 0.0056209564208984375
              }
            ],
            [
              [
                0,
                3,
                55
              ],
              {
                "baseline_epsilon": 1.833014965057373,
                "injected_epsilon": 1.8194670677185059,
                "epsilon_diff": -0.013547897338867188,
                "abs_diff": 0.013547897338867188
              },
              {
                "lower1": 0.022764619439840317,
                "middle": 0.04474838823080063,
                "upper": 2.090843677520752,
                "gamma": 0.005707442760467529
              }
            ],
            [
              [
                0,
                3,
                54
              ],
              {
                "baseline_epsilon": 1.8337116241455078,
                "injected_epsilon": 1.8204340934753418,
                "epsilon_diff": -0.013277530670166016,
                "abs_diff": 0.013277530670166016
              },
              {
                "lower1": 0.022884806618094444,
                "middle": 0.04498516023159027,
                "upper": 2.0931410789489746,
                "gamma": 0.005737662315368652
              }
            ],
            [
              [
                0,
                3,
                53
              ],
              {
                "baseline_epsilon": 1.8343658447265625,
                "injected_epsilon": 1.8213386535644531,