{
  "exp_id": "gpt2_comprehensive_sweep_seed=3407_injection_layers=[0]_injection_bit=20_injection_location=q_injection_idx=(1, 6, 32, 1)",
  "run_id": 0,
  "timestamp": "2025-12-12T07:12:03.957325",
  "baseline_loss": 10.275479316711426,
  "injected_loss": 10.27547836303711,
  "loss_diff": -9.5367431640625e-07,
  "bounds_valid": null,
  "violation_detected": false,
  "num_violations": 0,
  "violation_positions": [],
  "baseline_epsilon_stats": {
    "0": {
      "epsilon_mean": 1.9825315475463867,
      "epsilon_std": 1.6013407707214355,
      "lower_mean": 0.3287202715873718,
      "upper_mean": 2.0460193157196045,
      "gamma_mean": 0.0896625965833664
    }
  },
  "injected_epsilon_stats": null,
  "injection_info": {
    "location": "q",
    "idx": [
      1,
      6,
      32,
      1
    ],
    "bit": 20,
    "enabled": true,
    "multi_bit": false,
    "bit_list": null,
    "random_position": false,
    "injection_rate": 0.0
  },
  "extra_data": {
    "epsilon_analysis": [
      {
        "layer_idx": 0,
        "analysis": {
          "mean_diff": 3.7901725136180175e-06,
          "std_diff": 0.00014854381151963025,
          "max_abs_diff": 0.005821704864501953,
          "top_changes": [
            [
              [
                1,
                6,
                32
              ],
              {
                "baseline_epsilon": 2.860581398010254,
                "injected_epsilon": 2.866403102874756,
                "epsilon_diff": 0.005821704864501953,
                "abs_diff": 0.005821704864501953
              },
              {
                "lower1": 0.42157915234565735,
                "middle": 0.8729342818260193,
                "upper": 2.9041638374328613,
                "gamma": 0.1116175651550293
              }
            ]
          ]
        }
      }
    ],
    "performance": {
      "time": {
        "total_time": 0.018688678741455078,
        "baseline_forward_time": 0.007263660430908203,
        "injection_forward_time": 0.006594657897949219,
        "bounds_computation_time": 0.0007700920104980469,
        "violation_detection_time": 0.0014541149139404297
      },
      "memory": {
        "peak_memory_allocated_mb": 1579.53515625,
        "peak_memory_reserved_mb": 1852.0,
        "baseline_memory_mb": 1520.33837890625,
        "injection_memory_mb": 1579.53515625
      },
      "compute": {
        "num_attention_layers": 12,
        "num_attention_heads": 12,
        "sequence_length": 64,
        "batch_size": 2,
        "attention_flops": 0.0,
        "bounds_flops": 0.0
      },
      "extra": {}
    }
  }
}