{
  "exp_id": "gpt2_comprehensive_sweep_seed=123_injection_layers=[9]_injection_bit=7_injection_location=k_injection_idx=(1, 9, 31, 62)",
  "run_id": 0,
  "timestamp": "2025-12-12T07:11:25.810062",
  "baseline_loss": 8.462052345275879,
  "injected_loss": 8.462052345275879,
  "loss_diff": 0.0,
  "bounds_valid": null,
  "violation_detected": false,
  "num_violations": 0,
  "violation_positions": [],
  "baseline_epsilon_stats": {
    "9": {
      "epsilon_mean": 6.7392191886901855,
      "epsilon_std": 4.8921427726745605,
      "lower_mean": 0.5418864488601685,
      "upper_mean": 9.379467010498047,
      "gamma_mean": 0.2731764018535614
    }
  },
  "injected_epsilon_stats": null,
  "injection_info": {
    "location": "k",
    "idx": [
      1,
      9,
      31,
      62
    ],
    "bit": 7,
    "enabled": true,
    "multi_bit": false,
    "bit_list": null,
    "random_position": false,
    "injection_rate": 0.0
  },
  "extra_data": {
    "epsilon_analysis": [
      {
        "layer_idx": 9,
        "analysis": {
          "mean_diff": -1.2417634698280722e-09,
          "std_diff": 8.431199916003607e-08,
          "max_abs_diff": 1.9073486328125e-06,
          "top_changes": [
            [
              [
                1,
                9,
                53
              ],
              {
                "baseline_epsilon": 7.105079650878906,
                "injected_epsilon": 7.105077743530273,
                "epsilon_diff": -1.9073486328125e-06,
                "abs_diff": 1.9073486328125e-06
              },
              {
                "lower1": 0.6873319745063782,
                "middle": 0.8429552912712097,
                "upper": 18.457042694091797,
                "gamma": 0.1897890567779541
              }
            ],
            [
              [
                1,
                9,
                4
              ],
              {
                "baseline_epsilon": 18.145700454711914,
                "injected_epsilon": 18.145702362060547,
                "epsilon_diff": 1.9073486328125e-06,
                "abs_diff": 1.9073486328125e-06
              },
              {
                "lower1": 1.629798173904419,
                "middle": 13.638021469116211,
                "upper": 18.457042694091797,
                "gamma": 2.3588204383850098
              }
            ],
            [
              [
                1,
                9,
                46
              ],
              {
                "baseline_epsilon": 7.091719627380371,
                "injected_epsilon": 7.091718673706055,
                "epsilon_diff": -9.5367431640625e-07,
                "abs_diff": 9.5367431640625e-07
              },
              {
                "lower1": 0.6913471221923828,
                "middle": 0.845899224281311,
                "upper": 18.457042694091797,
                "gamma": 0.19102716445922852
              }
            ],
            [
              [
                1,
                9,
                62
              ],
              {
                "baseline_epsilon": 7.236291885375977,
                "injected_epsilon": 7.23629093170166,
                "epsilon_diff": -9.5367431640625e-07,
                "abs_diff": 9.5367431640625e-07
              },
              {
                "lower1": 0.6999152898788452,
                "middle": 0.8648656010627747,
                "upper": 18.457042694091797,
                "gamma": 0.19367551803588867
              }
            ],
            [
              [
                1,
                9,
                21
              ],
              {
                "baseline_epsilon": 9.374991416931152,
                "injected_epsilon": 9.374990463256836,
                "epsilon_diff": -9.5367431640625e-07,
                "abs_diff": 9.5367431640625e-07
              },
              {
                "lower1": 0.9165313243865967,
                "middle": 1.2318655252456665,
                "upper": 18.457042694091797,
                "gamma": 0.2637021541595459
              }
            ],
            [
              [
                1,
                9,
                14
              ],
              {
                "baseline_epsilon": 12.520606994628906,
                "injected_epsilon": 12.520607948303223,
                "epsilon_diff": 9.5367431640625e-07,
                "abs_diff": 9.5367431640625e-07
              },
              {
                "lower1": 0.824794352054596,
                "middle": 1.272898554801941,
                "upper": 18.457042694091797,
                "gamma": 0.23328733444213867
              }
            ]
          ]
        }
      }
    ],
    "performance": {
      "time": {
        "total_time": 0.019092798233032227,
        "baseline_forward_time": 0.007123231887817383,
        "injection_forward_time": 0.006683826446533203,
        "bounds_computation_time": 0.0007658004760742188,
        "violation_detection_time": 0.001934051513671875
      },
      "memory": {
        "peak_memory_allocated_mb": 1249.13232421875,
        "peak_memory_reserved_mb": 1830.0,
        "baseline_memory_mb": 1189.935546875,
        "injection_memory_mb": 1249.13232421875
      },
      "compute": {
        "num_attention_layers": 12,
        "num_attention_heads": 12,
        "sequence_length": 64,
        "batch_size": 2,
        "attention_flops": 0.0,
        "bounds_flops": 0.0
      },
      "extra": {}
    }
  }
}