{
  "exp_id": "gpt2_comprehensive_sweep_seed=42_injection_layers=[0]_injection_bit=25_injection_location=weights_injection_idx=(0, 0, 10, 20)",
  "num_runs": 1,
  "timestamp": "2025-12-12T07:00:40.787681",
  "baseline_loss": {
    "mean": 13.588921546936035,
    "std": 0.0,
    "min": 13.588921546936035,
    "max": 13.588921546936035
  },
  "injected_loss": {
    "mean": 13.588170051574707,
    "std": 0.0,
    "min": 13.588170051574707,
    "max": 13.588170051574707
  },
  "loss_diff": {
    "mean": -0.000751495361328125,
    "std": 0.0,
    "min": -0.000751495361328125,
    "max": -0.000751495361328125
  },
  "violation_detection": {
    "detection_rate": 0.0,
    "total_violations": 0,
    "avg_violations_per_run": 0.0
  }
}