{
  "exp_id": "gpt2_comprehensive_sweep_seed=123_injection_layers=[0]_injection_bit=30_injection_location=scores_injection_idx=(1, 9, 31, 62)",
  "num_runs": 1,
  "timestamp": "2025-12-12T07:02:13.906284",
  "baseline_loss": {
    "mean": 13.588921546936035,
    "std": 0.0,
    "min": 13.588921546936035,
    "max": 13.588921546936035
  },
  "injected_loss": {
    "mean": 13.592096328735352,
    "std": 0.0,
    "min": 13.592096328735352,
    "max": 13.592096328735352
  },
  "loss_diff": {
    "mean": 0.0031747817993164062,
    "std": 0.0,
    "min": 0.0031747817993164062,
    "max": 0.0031747817993164062
  },
  "violation_detection": {
    "detection_rate": 1.0,
    "total_violations": 1,
    "avg_violations_per_run": 1.0
  }
}