{
  "exp_id": "gpt2_comprehensive_sweep_seed=3407_injection_layers=[3]_injection_bit=30_injection_location=weights_injection_idx=(1, 9, 31, 62)",
  "run_id": 0,
  "timestamp": "2025-12-12T07:12:51.318530",
  "baseline_loss": 8.997109413146973,
  "injected_loss": 8.998176574707031,
  "loss_diff": 0.0010671615600585938,
  "bounds_valid": null,
  "violation_detected": true,
  "num_violations": 1,
  "violation_positions": [
    [
      3,
      [
        1,
        9,
        31
      ]
    ]
  ],
  "baseline_epsilon_stats": {
    "3": {
      "epsilon_mean": 4.6995015144348145,
      "epsilon_std": 4.219686031341553,
      "lower_mean": 0.4203936457633972,
      "upper_mean": 5.6145782470703125,
      "gamma_mean": 0.16137349605560303
    }
  },
  "injected_epsilon_stats": null,
  "injection_info": {
    "location": "weights",
    "idx": [
      1,
      9,
      31,
      62
    ],
    "bit": 30,
    "enabled": true,
    "multi_bit": false,
    "bit_list": null,
    "random_position": false,
    "injection_rate": 0.0
  },
  "extra_data": {
    "epsilon_analysis": [
      {
        "layer_idx": 3,
        "analysis": {
          "mean_diff": -6.794774958098633e+33,
          "std_diff": Infinity,
          "max_abs_diff": 1.043677401872685e+37,
          "top_changes": [
            [
              [
                1,
                9,
                31
              ],
              {
                "baseline_epsilon": 0.6146464347839355,
                "injected_epsilon": -1.043677401872685e+37,
                "epsilon_diff": -1.043677401872685e+37,
                "abs_diff": 1.043677401872685e+37
              },
              {
                "lower1": 0.000405767816118896,
                "middle": 0.0007977315690368414,
                "upper": 0.8266172409057617,
                "gamma": 0.00010144710540771484
              }
            ]
          ]
        }
      }
    ],
    "performance": {
      "time": {
        "total_time": 0.018683195114135742,
        "baseline_forward_time": 0.007191896438598633,
        "injection_forward_time": 0.006630420684814453,
        "bounds_computation_time": 0.0007472038269042969,
        "violation_detection_time": 0.0014944076538085938
      },
      "memory": {
        "peak_memory_allocated_mb": 1329.22998046875,
        "peak_memory_reserved_mb": 1854.0,
        "baseline_memory_mb": 1270.033203125,
        "injection_memory_mb": 1329.22998046875
      },
      "compute": {
        "num_attention_layers": 12,
        "num_attention_heads": 12,
        "sequence_length": 64,
        "batch_size": 2,
        "attention_flops": 0.0,
        "bounds_flops": 0.0
      },
      "extra": {}
    }
  }
}