{
  "exp_id": "gpt2_comprehensive_sweep_seed=123_injection_layers=[0]_injection_bit=26_injection_location=weights_injection_idx=(0, 3, 53, 43)",
  "num_runs": 1,
  "timestamp": "2025-10-14T20:39:23.740878",
  "baseline_loss": {
    "mean": 10.27547836303711,
    "std": 0.0,
    "min": 10.27547836303711,
    "max": 10.27547836303711
  },
  "injected_loss": {
    "mean": 10.275477409362793,
    "std": 0.0,
    "min": 10.275477409362793,
    "max": 10.275477409362793
  },
  "loss_diff": {
    "mean": -9.5367431640625e-07,
    "std": 0.0,
    "min": -9.5367431640625e-07,
    "max": -9.5367431640625e-07
  },
  "violation_detection": {
    "detection_rate": 0.0,
    "total_violations": 0,
    "avg_violations_per_run": 0.0
  }
}