{
  "exp_id": "gpt2_comprehensive_sweep_seed=3407_injection_layers=[9]_injection_bit=26_injection_location=weights_injection_idx=(1, 6, 32, 1)",
  "num_runs": 1,
  "timestamp": "2025-12-12T07:04:46.199805",
  "baseline_loss": {
    "mean": 13.721663475036621,
    "std": 0.0,
    "min": 13.721663475036621,
    "max": 13.721663475036621
  },
  "injected_loss": {
    "mean": 13.721933364868164,
    "std": 0.0,
    "min": 13.721933364868164,
    "max": 13.721933364868164
  },
  "loss_diff": {
    "mean": 0.00026988983154296875,
    "std": 0.0,
    "min": 0.00026988983154296875,
    "max": 0.00026988983154296875
  },
  "violation_detection": {
    "detection_rate": 0.0,
    "total_violations": 0,
    "avg_violations_per_run": 0.0
  }
}