{
  "exp_id": "gpt2_comprehensive_sweep_seed=42_injection_layers=[9]_injection_bit=23_injection_location=k_injection_idx=(1, 6, 32, 1)",
  "run_id": 0,
  "timestamp": "2025-10-14T18:31:42.571495",
  "baseline_loss": 8.801229476928711,
  "injected_loss": 8.801223754882812,
  "loss_diff": -5.7220458984375e-06,
  "bounds_valid": null,
  "violation_detected": false,
  "num_violations": 0,
  "violation_positions": [],
  "baseline_epsilon_stats": {
    "9": {
      "epsilon_mean": 6.758882522583008,
      "epsilon_std": 3.844756841659546,
      "lower_mean": 0.5631410479545593,
      "upper_mean": 15.456985473632812,
      "gamma_mean": 0.17378351092338562
    }
  },
  "injected_epsilon_stats": null,
  "injection_info": {
    "location": "k",
    "idx": [
      1,
      6,
      32,
      1
    ],
    "bit": 23,
    "enabled": true,
    "multi_bit": false,
    "bit_list": null,
    "random_position": false,
    "injection_rate": 0.0
  },
  "extra_data": {
    "epsilon_analysis": [
      {
        "layer_idx": 9,
        "analysis": {
          "mean_diff": 2.385924381087534e-05,
          "std_diff": 0.00018133987032342702,
          "max_abs_diff": 0.002292633056640625,
          "top_changes": [
            [
              [
                1,
                6,
                12
              ],
              {
                "baseline_epsilon": 11.81688404083252,
                "injected_epsilon": 11.81917667388916,
                "epsilon_diff": 0.002292633056640625,
                "abs_diff": 0.002292633056640625
              },
              {
                "lower1": 1.4261711835861206,
                "middle": 2.1675992012023926,
                "upper": 18.457042694091797,
                "gamma": 0.46092891693115234
              }
            ],
            [
              [
                1,
                6,
                13
              ],
              {
                "baseline_epsilon": 13.26742935180664,
                "injected_epsilon": 13.269649505615234,
                "epsilon_diff": 0.00222015380859375,
                "abs_diff": 0.00222015380859375
              },
              {
                "lower1": 1.4061110019683838,
                "middle": 2.3192875385284424,
                "upper": 18.457042694091797,
                "gamma": 0.45195627212524414
              }
            ],
            [
              [
                1,
                6,
                11
              ],
              {
                "baseline_epsilon": 11.024808883666992,
                "injected_epsilon": 11.027009963989258,
                "epsilon_diff": 0.002201080322265625,
                "abs_diff": 0.002201080322265625
              },
              {
                "lower1": 1.4471755027770996,
                "middle": 2.114774465560913,
                "upper": 18.457042694091797,
                "gamma": 0.47046589851379395
              }
            ],
            [
              [
                1,
                6,
                10
              ],
              {
                "baseline_epsilon": 10.589786529541016,
                "injected_epsilon": 10.591736793518066,
                "epsilon_diff": 0.0019502639770507812,
                "abs_diff": 0.0019502639770507812
              },
              {
                "lower1": 1.4794586896896362,
                "middle": 2.1271767616271973,
                "upper": 18.457042694091797,
                "gamma": 0.48542141914367676
              }
            ],
            [
              [
                1,
                6,
                14
              ],
              {
                "baseline_epsilon": 14.353438377380371,
                "injected_epsilon": 14.355358123779297,
                "epsilon_diff": 0.0019197463989257812,
                "abs_diff": 0.0019197463989257812
              },
              {
                "lower1": 1.3774383068084717,
                "middle": 2.4478836059570312,
                "upper": 18.457042694091797,
                "gamma": 0.4393512010574341
              }
            ],
            [
              [
                1,
                6,
                17
              ],
              {
                "baseline_epsilon": 13.691631317138672,
                "injected_epsilon": 13.693531036376953,
                "epsilon_diff": 0.00189971923828125,
                "abs_diff": 0.00189971923828125
              },
              {
                "lower1": 1.4706292152404785,
                "middle": 2.5268383026123047,
                "upper": 18.457042694091797,
                "gamma": 0.4812941551208496
              }
            ],
            [
              [
                1,
                6,
                16
              ],
              {
                "baseline_epsilon": 14.691472053527832,
                "injected_epsilon": 14.693197250366211,
                "epsilon_diff": 0.0017251968383789062,
                "abs_diff": 0.0017251968383789062
              },
              {
                "lower1": 1.4078361988067627,
                "middle": 2.588467597961426,
                "upper": 18.457042694091797,
                "gamma": 0.4527229070663452
              }
            ],
            [
              [
                1,
                6,
                9
              ],
              {
                "baseline_epsilon": 11.607671737670898,
                "injected_epsilon": 11.609354019165039,
                "epsilon_diff": 0.001682281494140625,
                "abs_diff": 0.001682281494140625
              },
              {
                "lower1": 1.4403494596481323,
                "middle": 2.189852476119995,
                "upper": 18.457042694091797,
                "gamma": 0.4673502445220947
              }
            ],
            [
              [
                1,
                6,
                18
              ],
              {
                "baseline_epsilon": 12.553956985473633,
                "injected_epsilon": 12.555618286132812,
                "epsilon_diff": 0.0016613006591796875,
                "abs_diff": 0.0016613006591796875
              },
              {
                "lower1": 1.489530324935913,
                "middle": 2.3951985836029053,
                "upper": 18.457042694091797,
                "gamma": 0.49016427993774414
              }
            ],
            [
              [
                1,
                6,
                15
              ],
              {
                "baseline_epsilon": 14.890761375427246,
                "injected_epsilon": 14.892327308654785,
                "epsilon_diff": 0.0015659332275390625,
                "abs_diff": 0.0015659332275390625
              },
              {
                "lower1": 1.3502095937728882,
                "middle": 2.5215530395507812,
                "upper": 18.457042694091797,
                "gamma": 0.42760908603668213
              }
            ],
            [
              [
                1,
                6,
                8
              ],
              {
                "baseline_epsilon": 12.974983215332031,
                "injected_epsilon": 12.97651195526123,
                "epsilon_diff": 0.0015287399291992188,
                "abs_diff": 0.0015287399291992188
              },
              {
                "lower1": 1.3094103336334229,
                "middle": 2.1279776096343994,
                "upper": 18.457042694091797,
                "gamma": 0.41040706634521484
              }
            ],
            [
              [
                1,
                6,
                19
              ],
              {
                "baseline_epsilon": 12.974416732788086,
                "injected_epsilon": 12.975898742675781,
                "epsilon_diff": 0.0014820098876953125,