{
  "exp_id": "gpt2_comprehensive_sweep_seed=123_injection_layers=[0]_injection_bit=26_injection_location=k_injection_idx=(1, 6, 32, 1)",
  "num_runs": 1,
  "timestamp": "2025-12-12T07:02:11.182844",
  "baseline_loss": {
    "mean": 13.588921546936035,
    "std": 0.0,
    "min": 13.588921546936035,
    "max": 13.588921546936035
  },
  "injected_loss": {
    "mean": 13.595894813537598,
    "std": 0.0,
    "min": 13.595894813537598,
    "max": 13.595894813537598
  },
  "loss_diff": {
    "mean": 0.0069732666015625,
    "std": 0.0,
    "min": 0.0069732666015625,
    "max": 0.0069732666015625
  },
  "violation_detection": {
    "detection_rate": 1.0,
    "total_violations": 12,
    "avg_violations_per_run": 12.0
  }
}