{
  "exp_id": "gpt2_comprehensive_sweep_seed=123_injection_layers=[0]_injection_bit=23_injection_location=weights_injection_idx=(1, 9, 31, 62)",
  "num_runs": 1,
  "timestamp": "2025-12-12T07:02:08.515855",
  "baseline_loss": {
    "mean": 13.588921546936035,
    "std": 0.0,
    "min": 13.588921546936035,
    "max": 13.588921546936035
  },
  "injected_loss": {
    "mean": 13.58818531036377,
    "std": 0.0,
    "min": 13.58818531036377,
    "max": 13.58818531036377
  },
  "loss_diff": {
    "mean": -0.000736236572265625,
    "std": 0.0,
    "min": -0.000736236572265625,
    "max": -0.000736236572265625
  },
  "violation_detection": {
    "detection_rate": 0.0,
    "total_violations": 0,
    "avg_violations_per_run": 0.0
  }
}