{
  "exp_id": "gpt2_comprehensive_sweep_seed=123_injection_layers=[6]_injection_bit=22_injection_location=k_injection_idx=(0, 3, 53, 43)",
  "num_runs": 1,
  "timestamp": "2025-12-12T07:10:59.506640",
  "baseline_loss": {
    "mean": 8.564264297485352,
    "std": 0.0,
    "min": 8.564264297485352,
    "max": 8.564264297485352
  },
  "injected_loss": {
    "mean": 8.564308166503906,
    "std": 0.0,
    "min": 8.564308166503906,
    "max": 8.564308166503906
  },
  "loss_diff": {
    "mean": 4.38690185546875e-05,
    "std": 0.0,
    "min": 4.38690185546875e-05,
    "max": 4.38690185546875e-05
  },
  "violation_detection": {
    "detection_rate": 0.0,
    "total_violations": 0,
    "avg_violations_per_run": 0.0
  }
}