{
  "exp_id": "gpt2_comprehensive_sweep_seed=3407_injection_layers=[3]_injection_bit=31_injection_location=q_injection_idx=(0, 0, 10, 20)",
  "run_id": 0,
  "timestamp": "2025-10-14T18:16:15.047021",
  "baseline_loss": 8.997108459472656,
  "injected_loss": 8.997112274169922,
  "loss_diff": 3.814697265625e-06,
  "bounds_valid": null,
  "violation_detected": false,
  "num_violations": 0,
  "violation_positions": [],
  "baseline_epsilon_stats": {
    "3": {
      "epsilon_mean": 4.6995015144348145,
      "epsilon_std": 4.219686508178711,
      "lower_mean": 0.4203936457633972,
      "upper_mean": 5.6145782470703125,
      "gamma_mean": 0.16137349605560303
    }
  },
  "injected_epsilon_stats": null,
  "injection_info": {
    "location": "q",
    "idx": [
      0,
      0,
      10,
      20
    ],
    "bit": 31,
    "enabled": true,
    "multi_bit": false,
    "bit_list": null,
    "random_position": false,
    "injection_rate": 0.0
  },
  "extra_data": {
    "epsilon_analysis": [
      {
        "layer_idx": 3,
        "analysis": {
          "mean_diff": -4.69976439489983e-05,
          "std_diff": 0.0018419239204376936,
          "max_abs_diff": 0.0721883773803711,
          "top_changes": [
            [
              [
                0,
                0,
                10
              ],
              {
                "baseline_epsilon": 8.368999481201172,
                "injected_epsilon": 8.2968111038208,
                "epsilon_diff": -0.0721883773803711,
                "abs_diff": 0.0721883773803711
              },
              {
                "lower1": 0.2089780569076538,
                "middle": 0.40849027037620544,
                "upper": 9.748132705688477,
                "gamma": 0.05368521809577942
              }
            ]
          ]
        }
      }
    ],
    "performance": {
      "time": {
        "total_time": 0.01885843276977539,
        "baseline_forward_time": 0.0072345733642578125,
        "injection_forward_time": 0.006700992584228516,
        "bounds_computation_time": 0.0008084774017333984,
        "violation_detection_time": 0.0014729499816894531
      },
      "memory": {
        "peak_memory_allocated_mb": 1168.78466796875,
        "peak_memory_reserved_mb": 1718.0,
        "baseline_memory_mb": 1109.587890625,
        "injection_memory_mb": 1168.78466796875
      },
      "compute": {
        "num_attention_layers": 12,
        "num_attention_heads": 12,
        "sequence_length": 64,
        "batch_size": 2,
        "attention_flops": 0.0,
        "bounds_flops": 0.0
      },
      "extra": {}
    }
  }
}