{
  "exp_id": "gpt2_comprehensive_sweep_seed=3407_injection_layers=[9]_injection_bit=27_injection_location=q_injection_idx=(0, 0, 10, 20)",
  "num_runs": 1,
  "timestamp": "2025-10-14T18:22:29.692961",
  "baseline_loss": {
    "mean": 13.721664428710938,
    "std": 0.0,
    "min": 13.721664428710938,
    "max": 13.721664428710938
  },
  "injected_loss": {
    "mean": 13.721646308898926,
    "std": 0.0,
    "min": 13.721646308898926,
    "max": 13.721646308898926
  },
  "loss_diff": {
    "mean": -1.811981201171875e-05,
    "std": 0.0,
    "min": -1.811981201171875e-05,
    "max": -1.811981201171875e-05
  },
  "violation_detection": {
    "detection_rate": 0.0,
    "total_violations": 0,
    "avg_violations_per_run": 0.0
  }
}