{
  "exp_id": "gpt2_comprehensive_sweep_seed=0_injection_layers=[9]_injection_bit=26_injection_location=weights_injection_idx=(1, 9, 31, 62)",
  "num_runs": 1,
  "timestamp": "2025-12-12T07:00:18.372717",
  "baseline_loss": {
    "mean": 13.721663475036621,
    "std": 0.0,
    "min": 13.721663475036621,
    "max": 13.721663475036621
  },
  "injected_loss": {
    "mean": 13.717619895935059,
    "std": 0.0,
    "min": 13.717619895935059,
    "max": 13.717619895935059
  },
  "loss_diff": {
    "mean": -0.0040435791015625,
    "std": 0.0,
    "min": -0.0040435791015625,
    "max": -0.0040435791015625
  },
  "violation_detection": {
    "detection_rate": 1.0,
    "total_violations": 1,
    "avg_violations_per_run": 1.0
  }
}