{
  "exp_id": "gpt2_comprehensive_sweep_seed=3407_injection_layers=[3]_injection_bit=23_injection_location=k_injection_idx=(0, 3, 53, 43)",
  "num_runs": 1,
  "timestamp": "2025-10-14T18:13:30.039155",
  "baseline_loss": {
    "mean": 13.791719436645508,
    "std": 0.0,
    "min": 13.791719436645508,
    "max": 13.791719436645508
  },
  "injected_loss": {
    "mean": 13.791975975036621,
    "std": 0.0,
    "min": 13.791975975036621,
    "max": 13.791975975036621
  },
  "loss_diff": {
    "mean": 0.00025653839111328125,
    "std": 0.0,
    "min": 0.00025653839111328125,
    "max": 0.00025653839111328125
  },
  "violation_detection": {
    "detection_rate": 0.0,
    "total_violations": 0,
    "avg_violations_per_run": 0.0
  }
}