{
  "exp_id": "gpt2_comprehensive_sweep_seed=3407_injection_layers=[3]_injection_bit=23_injection_location=scores_injection_idx=(0, 0, 10, 20)",
  "run_id": 0,
  "timestamp": "2025-10-14T18:16:11.652266",
  "baseline_loss": 8.997108459472656,
  "injected_loss": 8.997143745422363,
  "loss_diff": 3.528594970703125e-05,
  "bounds_valid": null,
  "violation_detected": false,
  "num_violations": 0,
  "violation_positions": [],
  "baseline_epsilon_stats": {
    "3": {
      "epsilon_mean": 4.6995015144348145,
      "epsilon_std": 4.219686508178711,
      "lower_mean": 0.4203936457633972,
      "upper_mean": 5.6145782470703125,
      "gamma_mean": 0.16137349605560303
    }
  },
  "injected_epsilon_stats": null,
  "injection_info": {
    "location": "scores",
    "idx": [
      0,
      0,
      10,
      20
    ],
    "bit": 23,
    "enabled": true,
    "multi_bit": false,
    "bit_list": null,
    "random_position": false,
    "injection_rate": 0.0
  },
  "extra_data": {
    "epsilon_analysis": [
      {
        "layer_idx": 3,
        "analysis": {
          "mean_diff": 2.428765219519846e-05,
          "std_diff": 0.0009518776787444949,
          "max_abs_diff": 0.03730583190917969,
          "top_changes": [
            [
              [
                0,
                0,
                10
              ],
              {
                "baseline_epsilon": 8.368999481201172,
                "injected_epsilon": 8.406305313110352,
                "epsilon_diff": 0.03730583190917969,
                "abs_diff": 0.03730583190917969
              },
              {
                "lower1": 0.2089780569076538,
                "middle": 0.40849027037620544,
                "upper": 9.748132705688477,
                "gamma": 0.05368521809577942
              }
            ]
          ]
        }
      }
    ],
    "performance": {
      "time": {
        "total_time": 0.01851177215576172,
        "baseline_forward_time": 0.007097005844116211,
        "injection_forward_time": 0.006583452224731445,
        "bounds_computation_time": 0.0007779598236083984,
        "violation_detection_time": 0.0014429092407226562
      },
      "memory": {
        "peak_memory_allocated_mb": 1328.22998046875,
        "peak_memory_reserved_mb": 1718.0,
        "baseline_memory_mb": 1269.033203125,
        "injection_memory_mb": 1328.22998046875
      },
      "compute": {
        "num_attention_layers": 12,
        "num_attention_heads": 12,
        "sequence_length": 64,
        "batch_size": 2,
        "attention_flops": 0.0,
        "bounds_flops": 0.0
      },
      "extra": {}
    }
  }
}