{
  "exp_id": "gpt2_comprehensive_sweep_seed=123_injection_layers=[3]_injection_bit=24_injection_location=scores_injection_idx=(0, 3, 53, 43)",
  "run_id": 0,
  "timestamp": "2025-10-14T18:21:51.286131",
  "baseline_loss": 13.791719436645508,
  "injected_loss": 13.791719436645508,
  "loss_diff": 0.0,
  "bounds_valid": null,
  "violation_detected": false,
  "num_violations": 0,
  "violation_positions": [],
  "baseline_epsilon_stats": {
    "3": {
      "epsilon_mean": 6.302740097045898,
      "epsilon_std": 2.23594331741333,
      "lower_mean": 0.9555976390838623,
      "upper_mean": 17.05971336364746,
      "gamma_mean": 1.0718344449996948
    }
  },
  "injected_epsilon_stats": null,
  "injection_info": {
    "location": "scores",
    "idx": [
      0,
      3,
      53,
      43
    ],
    "bit": 24,
    "enabled": true,
    "multi_bit": false,
    "bit_list": null,
    "random_position": false,
    "injection_rate": 0.0
  },
  "extra_data": {
    "epsilon_analysis": [
      {
        "layer_idx": 3,
        "analysis": {
          "mean_diff": 8.239100861828774e-05,
          "std_diff": 0.0032290546223521233,
          "max_abs_diff": 0.12655258178710938,
          "top_changes": [
            [
              [
                0,
                3,
                53
              ],
              {
                "baseline_epsilon": 5.542889595031738,
                "injected_epsilon": 5.669442176818848,
                "epsilon_diff": 0.12655258178710938,
                "abs_diff": 0.12655258178710938
              },
              {
                "lower1": 1.9011311531066895,
                "middle": 2.842251777648926,
                "upper": 18.457042694091797,
                "gamma": 0.7315131425857544
              }
            ]
          ]
        }
      }
    ],
    "performance": {
      "time": {
        "total_time": 0.01850581169128418,
        "baseline_forward_time": 0.007219076156616211,
        "injection_forward_time": 0.006514787673950195,
        "bounds_computation_time": 0.0007641315460205078,
        "violation_detection_time": 0.0014576911926269531
      },
      "memory": {
        "peak_memory_allocated_mb": 1378.291015625,
        "peak_memory_reserved_mb": 1718.0,
        "baseline_memory_mb": 1319.09423828125,
        "injection_memory_mb": 1378.291015625
      },
      "compute": {
        "num_attention_layers": 12,
        "num_attention_heads": 12,
        "sequence_length": 64,
        "batch_size": 2,
        "attention_flops": 0.0,
        "bounds_flops": 0.0
      },
      "extra": {}
    }
  }
}