{
  "exp_id": "gpt2_comprehensive_sweep_seed=0_injection_layers=[3]_injection_bit=23_injection_location=q_injection_idx=(0, 0, 10, 20)",
  "num_runs": 1,
  "timestamp": "2025-10-14T18:12:24.120038",
  "baseline_loss": {
    "mean": 13.791719436645508,
    "std": 0.0,
    "min": 13.791719436645508,
    "max": 13.791719436645508
  },
  "injected_loss": {
    "mean": 13.791730880737305,
    "std": 0.0,
    "min": 13.791730880737305,
    "max": 13.791730880737305
  },
  "loss_diff": {
    "mean": 1.1444091796875e-05,
    "std": 0.0,
    "min": 1.1444091796875e-05,
    "max": 1.1444091796875e-05
  },
  "violation_detection": {
    "detection_rate": 1.0,
    "total_violations": 1,
    "avg_violations_per_run": 1.0
  }
}