{
  "exp_id": "gpt2_comprehensive_sweep_seed=0_injection_layers=[3]_injection_bit=17_injection_location=q_injection_idx=(0, 3, 53, 43)",
  "run_id": 0,
  "timestamp": "2025-10-14T18:12:22.085885",
  "baseline_loss": 13.791719436645508,
  "injected_loss": 13.791718482971191,
  "loss_diff": -9.5367431640625e-07,
  "bounds_valid": null,
  "violation_detected": false,
  "num_violations": 0,
  "violation_positions": [],
  "baseline_epsilon_stats": {
    "3": {
      "epsilon_mean": 6.302740097045898,
      "epsilon_std": 2.23594331741333,
      "lower_mean": 0.9555976390838623,
      "upper_mean": 17.05971336364746,
      "gamma_mean": 1.0718344449996948
    }
  },
  "injected_epsilon_stats": null,
  "injection_info": {
    "location": "q",
    "idx": [
      0,
      3,
      53,
      43
    ],
    "bit": 17,
    "enabled": true,
    "multi_bit": false,
    "bit_list": null,
    "random_position": false,
    "injection_rate": 0.0
  },
  "extra_data": {
    "epsilon_analysis": [
      {
        "layer_idx": 3,
        "analysis": {
          "mean_diff": -1.8849968910217285e-06,
          "std_diff": 7.387648656731471e-05,
          "max_abs_diff": 0.002895355224609375,
          "top_changes": [
            [
              [
                0,
                3,
                53
              ],
              {
                "baseline_epsilon": 5.542889595031738,
                "injected_epsilon": 5.539994239807129,
                "epsilon_diff": -0.002895355224609375,
                "abs_diff": 0.002895355224609375
              },
              {
                "lower1": 1.9011311531066895,
                "middle": 2.842251777648926,
                "upper": 18.457042694091797,
                "gamma": 0.7315131425857544
              }
            ]
          ]
        }
      }
    ],
    "performance": {
      "time": {
        "total_time": 0.018218994140625,
        "baseline_forward_time": 0.006988048553466797,
        "injection_forward_time": 0.0065021514892578125,
        "bounds_computation_time": 0.0007650852203369141,
        "violation_detection_time": 0.0014216899871826172
      },
      "memory": {
        "peak_memory_allocated_mb": 1248.13232421875,
        "peak_memory_reserved_mb": 1632.0,
        "baseline_memory_mb": 1188.935546875,
        "injection_memory_mb": 1248.13232421875
      },
      "compute": {
        "num_attention_layers": 12,
        "num_attention_heads": 12,
        "sequence_length": 64,
        "batch_size": 2,
        "attention_flops": 0.0,
        "bounds_flops": 0.0
      },
      "extra": {}
    }
  }
}