{
  "exp_id": "gpt2_comprehensive_sweep_seed=3407_injection_layers=[3]_injection_bit=24_injection_location=k_injection_idx=(1, 6, 32, 1)",
  "run_id": 0,
  "timestamp": "2025-12-12T07:21:48.847055",
  "baseline_loss": 8.997109413146973,
  "injected_loss": 8.9970703125,
  "loss_diff": -3.910064697265625e-05,
  "bounds_valid": null,
  "violation_detected": false,
  "num_violations": 0,
  "violation_positions": [],
  "baseline_epsilon_stats": {
    "3": {
      "epsilon_mean": 4.6995015144348145,
      "epsilon_std": 4.219686031341553,
      "lower_mean": 0.4203936457633972,
      "upper_mean": 5.6145782470703125,
      "gamma_mean": 0.16137349605560303
    }
  },
  "injected_epsilon_stats": null,
  "injection_info": {
    "location": "k",
    "idx": [
      1,
      6,
      32,
      1
    ],
    "bit": 24,
    "enabled": true,
    "multi_bit": false,
    "bit_list": null,
    "random_position": false,
    "injection_rate": 0.0
  },
  "extra_data": {
    "epsilon_analysis": [
      {
        "layer_idx": 3,
        "analysis": {
          "mean_diff": 5.227824203757336e-06,
          "std_diff": 8.843342220643535e-05,
          "max_abs_diff": 0.0024480819702148438,
          "top_changes": [
            [
              [
                1,
                6,
                6
              ],
              {
                "baseline_epsilon": 6.188518524169922,
                "injected_epsilon": 6.190966606140137,
                "epsilon_diff": 0.0024480819702148438,
                "abs_diff": 0.0024480819702148438
              },
              {
                "lower1": 0.7671127915382385,
                "middle": 1.6584347486495972,
                "upper": 6.536062717437744,
                "gamma": 0.21474844217300415
              }
            ],
            [
              [
                1,
                6,
                7
              ],
              {
                "baseline_epsilon": 6.251054763793945,
                "injected_epsilon": 6.253007888793945,
                "epsilon_diff": 0.001953125,
                "abs_diff": 0.001953125
              },
              {
                "lower1": 0.8127026557922363,
                "middle": 1.7710354328155518,
                "upper": 6.548864841461182,
                "gamma": 0.22936511039733887
              }
            ],
            [
              [
                1,
                6,
                8
              ],
              {
                "baseline_epsilon": 3.923581600189209,
                "injected_epsilon": 3.924123764038086,
                "epsilon_diff": 0.0005421638488769531,
                "abs_diff": 0.0005421638488769531
              },
              {
                "lower1": 0.6834068894386292,
                "middle": 1.469857931137085,
                "upper": 4.040070533752441,
                "gamma": 0.18858051300048828
              }
            ],
            [
              [
                1,
                6,
                9
              ],
              {
                "baseline_epsilon": 4.028690338134766,
                "injected_epsilon": 4.029142379760742,
                "epsilon_diff": 0.0004520416259765625,
                "abs_diff": 0.0004520416259765625
              },
              {
                "lower1": 0.8945799469947815,
                "middle": 1.997107744216919,
                "upper": 4.145866870880127,
                "gamma": 0.2563150227069855
              }
            ],
            [
              [
                1,
                6,
                10
              ],
              {
                "baseline_epsilon": 4.1456685066223145,
                "injected_epsilon": 4.14605712890625,
                "epsilon_diff": 0.0003886222839355469,
                "abs_diff": 0.0003886222839355469
              },
              {
                "lower1": 1.0247279405593872,
                "middle": 2.345918893814087,
                "upper": 4.269443035125732,
                "gamma": 0.3012040853500366
              }
            ],
            [
              [
                1,
                6,
                11
              ],
              {
                "baseline_epsilon": 4.242837905883789,
                "injected_epsilon": 4.24317741394043,
                "epsilon_diff": 0.000339508056640625,
                "abs_diff": 0.000339508056640625
              },
              {
                "lower1": 1.0712990760803223,
                "middle": 2.4754819869995117,
                "upper": 4.374897003173828,
                "gamma": 0.31794899702072144
              }
            ],
            [
              [
                1,
                6,
                12
              ],
              {
                "baseline_epsilon": 4.346863746643066,
                "injected_epsilon": 4.347170829772949,
                "epsilon_diff": 0.0003070831298828125,
                "abs_diff": 0.0003070831298828125
              },
              {
                "lower1": 1.1146668195724487,
                "middle": 2.5986838340759277,
                "upper": 4.488870620727539,
                "gamma": 0.333898663520813
              }
            ],
            [
              [
                1,
                6,
                63
              ],
              {
                "baseline_epsilon": 7.508205890655518,
                "injected_epsilon": 7.507911682128906,
                "epsilon_diff": -0.0002942085266113281,
                "abs_diff": 0.0002942085266113281
              },
              {
                "lower1": 1.8201093673706055,
                "middle": 5.169168472290039,
                "upper": 7.953960418701172,
                "gamma": 0.6738400459289551
              }
            ],
            [
              [
                1,
                6,
                13
              ],
              {
                "baseline_epsilon": 4.457736015319824,
                "injected_epsilon": 4.4580183029174805,
                "epsilon_diff": 0.00028228759765625,
                "abs_diff": 0.00028228759765625
              },
              {
                "lower1": 1.1610947847366333,
                "middle": 2.733628511428833,
                "upper": 4.609933376312256,
                "gamma": 0.351380318403244
              }
            ],
            [
              [
                1,
                6,
                62
              ],
              {
                "baseline_epsilon": 7.476348876953125,
                "injected_epsilon": 7.476072311401367,
                "epsilon_diff": -0.0002765655517578125,
                "abs_diff": 0.0002765655517578125
              },
              {
                "lower1": 1.8161474466323853,
                "middle": 5.14984655380249,
                "upper": 7.91745662689209,
                "gamma": 0.6711981892585754
              }
            ],
            [
              [
                1,
                6,
                14
              ],
              {
                "baseline_epsilon": 4.576796531677246,
                "injected_epsilon": 4.577059268951416,
                "epsilon_diff": 0.0002627372741699219,
                "abs_diff": 0.0002627372741699219
              },
              {
                "lower1": 1.2040467262268066,
                "middle": 2.861284017562866,
                "upper": 4.74040412902832,
                "gamma": 0.36795270442962646
              }
            ],
            [
              [
                1,
                6,
                61
              ],
              {
                "baseline_epsilon": 7.438272476196289,
                "injected_epsilon": 7.438015937805176,
                "epsilon_diff": -0.00025653839111328125,
                "abs_diff": 0.00025653839111328125
              },
              {
                "lower1": 1.8122113943099976,