{
  "exp_id": "gpt2_comprehensive_sweep_seed=0_injection_layers=[0]_injection_bit=11_injection_location=k_injection_idx=(1, 9, 31, 62)",
  "run_id": 0,
  "timestamp": "2025-12-12T06:59:03.252566",
  "baseline_loss": 13.588921546936035,
  "injected_loss": 13.588921546936035,
  "loss_diff": 0.0,
  "bounds_valid": null,
  "violation_detected": false,
  "num_violations": 0,
  "violation_positions": [],
  "baseline_epsilon_stats": {
    "0": {
      "epsilon_mean": 4.467039108276367,
      "epsilon_std": 2.3451578617095947,
      "lower_mean": 0.39254388213157654,
      "upper_mean": 9.511073112487793,
      "gamma_mean": 0.164742574095726
    }
  },
  "injected_epsilon_stats": null,
  "injection_info": {
    "location": "k",
    "idx": [
      1,
      9,
      31,
      62
    ],
    "bit": 11,
    "enabled": true,
    "multi_bit": false,
    "bit_list": null,
    "random_position": false,
    "injection_rate": 0.0
  },
  "extra_data": {
    "epsilon_analysis": [
      {
        "layer_idx": 0,
        "analysis": {
          "mean_diff": -2.3283064365386963e-10,
          "std_diff": 6.799645291266643e-09,
          "max_abs_diff": 2.384185791015625e-07,
          "top_changes": [
            [
              [
                1,
                9,
                2
              ],
              {
                "baseline_epsilon": 1.2417868375778198,
                "injected_epsilon": 1.2417865991592407,
                "epsilon_diff": -2.384185791015625e-07,
                "abs_diff": 2.384185791015625e-07
              },
              {
                "lower1": 0.0009382756543345749,
                "middle": 0.0018406221643090248,
                "upper": 2.3316450119018555,
                "gamma": 0.00023459643125534058
              }
            ],
            [
              [
                1,
                9,
                1
              ],
              {
                "baseline_epsilon": 1.2635716199874878,
                "injected_epsilon": 1.2635715007781982,
                "epsilon_diff": -1.1920928955078125e-07,
                "abs_diff": 1.1920928955078125e-07
              },
              {
                "lower1": 0.05061200261116028,
                "middle": 0.09988375753164291,
                "upper": 2.6685473918914795,
                "gamma": 0.012734077870845795
              }
            ]
          ]
        }
      }
    ],
    "performance": {
      "time": {
        "total_time": 0.01889491081237793,
        "baseline_forward_time": 0.007199287414550781,
        "injection_forward_time": 0.0067746639251708984,
        "bounds_computation_time": 0.000762939453125,
        "violation_detection_time": 0.0015833377838134766
      },
      "memory": {
        "peak_memory_allocated_mb": 1108.96142578125,
        "peak_memory_reserved_mb": 1720.0,
        "baseline_memory_mb": 1049.7646484375,
        "injection_memory_mb": 1108.96142578125
      },
      "compute": {
        "num_attention_layers": 12,
        "num_attention_heads": 12,
        "sequence_length": 64,
        "batch_size": 2,
        "attention_flops": 0.0,
        "bounds_flops": 0.0
      },
      "extra": {}
    }
  }
}