{
  "exp_id": "gpt2_comprehensive_sweep_seed=0_injection_layers=[0]_injection_bit=30_injection_location=weights_injection_idx=(1, 9, 31, 62)",
  "num_runs": 1,
  "timestamp": "2025-10-14T18:21:04.770955",
  "baseline_loss": {
    "mean": 13.588921546936035,
    "std": 0.0,
    "min": 13.588921546936035,
    "max": 13.588921546936035
  },
  "injected_loss": {
    "mean": 13.651315689086914,
    "std": 0.0,
    "min": 13.651315689086914,
    "max": 13.651315689086914
  },
  "loss_diff": {
    "mean": 0.062394142150878906,
    "std": 0.0,
    "min": 0.062394142150878906,
    "max": 0.062394142150878906
  },
  "violation_detection": {
    "detection_rate": 1.0,
    "total_violations": 1,
    "avg_violations_per_run": 1.0
  }
}