{
  "exp_id": "gpt2_comprehensive_sweep_seed=3407_injection_layers=[6]_injection_bit=21_injection_location=q_injection_idx=(0, 3, 53, 43)",
  "num_runs": 1,
  "timestamp": "2025-12-12T07:43:36.996803",
  "baseline_loss": {
    "mean": 8.564264297485352,
    "std": 0.0,
    "min": 8.564264297485352,
    "max": 8.564264297485352
  },
  "injected_loss": {
    "mean": 8.564266204833984,
    "std": 0.0,
    "min": 8.564266204833984,
    "max": 8.564266204833984
  },
  "loss_diff": {
    "mean": 1.9073486328125e-06,
    "std": 0.0,
    "min": 1.9073486328125e-06,
    "max": 1.9073486328125e-06
  },
  "violation_detection": {
    "detection_rate": 0.0,
    "total_violations": 0,
    "avg_violations_per_run": 0.0
  }
}