{
  "exp_id": "gpt2_comprehensive_sweep_seed=0_injection_layers=[6]_injection_bit=24_injection_location=q_injection_idx=(0, 3, 53, 43)",
  "num_runs": 1,
  "timestamp": "2025-10-14T18:24:41.948396",
  "baseline_loss": {
    "mean": 8.564263343811035,
    "std": 0.0,
    "min": 8.564263343811035,
    "max": 8.564263343811035
  },
  "injected_loss": {
    "mean": 8.564268112182617,
    "std": 0.0,
    "min": 8.564268112182617,
    "max": 8.564268112182617
  },
  "loss_diff": {
    "mean": 4.76837158203125e-06,
    "std": 0.0,
    "min": 4.76837158203125e-06,
    "max": 4.76837158203125e-06
  },
  "violation_detection": {
    "detection_rate": 0.0,
    "total_violations": 0,
    "avg_violations_per_run": 0.0
  }
}