{
  "exp_id": "gpt2_comprehensive_sweep_seed=3407_injection_layers=[0]_injection_bit=25_injection_location=weights_injection_idx=(1, 9, 31, 62)",
  "num_runs": 1,
  "timestamp": "2025-12-12T07:42:49.501581",
  "baseline_loss": {
    "mean": 10.275479316711426,
    "std": 0.0,
    "min": 10.275479316711426,
    "max": 10.275479316711426
  },
  "injected_loss": {
    "mean": 10.274248123168945,
    "std": 0.0,
    "min": 10.274248123168945,
    "max": 10.274248123168945
  },
  "loss_diff": {
    "mean": -0.0012311935424804688,
    "std": 0.0,
    "min": -0.0012311935424804688,
    "max": -0.0012311935424804688
  },
  "violation_detection": {
    "detection_rate": 1.0,
    "total_violations": 1,
    "avg_violations_per_run": 1.0
  }
}