{
  "exp_id": "gpt2_comprehensive_sweep_seed=123_injection_layers=[6]_injection_bit=7_injection_location=k_injection_idx=(0, 0, 10, 20)",
  "run_id": 0,
  "timestamp": "2025-10-14T17:46:17.858200",
  "baseline_loss": 8.564263343811035,
  "injected_loss": 8.564263343811035,
  "loss_diff": 0.0,
  "bounds_valid": null,
  "violation_detected": false,
  "num_violations": 0,
  "violation_positions": [],
  "baseline_epsilon_stats": {
    "6": {
      "epsilon_mean": 5.956024169921875,
      "epsilon_std": 4.427911758422852,
      "lower_mean": 0.5316863656044006,
      "upper_mean": 7.960529327392578,
      "gamma_mean": 0.18503431975841522
    }
  },
  "injected_epsilon_stats": null,
  "injection_info": {
    "location": "k",
    "idx": [
      0,
      0,
      10,
      20
    ],
    "bit": 7,
    "enabled": true,
    "multi_bit": false,
    "bit_list": null,
    "random_position": false,
    "injection_rate": 0.0
  },
  "extra_data": {
    "epsilon_analysis": [
      {
        "layer_idx": 6,
        "analysis": {
          "mean_diff": 0.0,
          "std_diff": 1.7211982950016136e-08,
          "max_abs_diff": 4.76837158203125e-07,
          "top_changes": [
            [
              [
                0,
                0,
                60
              ],
              {
                "baseline_epsilon": 0.8144221305847168,
                "injected_epsilon": 0.8144216537475586,
                "epsilon_diff": -4.76837158203125e-07,
                "abs_diff": 4.76837158203125e-07
              },
              {
                "lower1": 0.006944815628230572,
                "middle": 0.013657966628670692,
                "upper": 1.0468320846557617,
                "gamma": 0.0017377138137817383
              }
            ],
            [
              [
                0,
                0,
                5
              ],
              {
                "baseline_epsilon": 0.652280330657959,
                "injected_epsilon": 0.6522808074951172,
                "epsilon_diff": 4.76837158203125e-07,
                "abs_diff": 4.76837158203125e-07
              },
              {
                "lower1": 0.0021897517144680023,
                "middle": 0.004305641166865826,
                "upper": 0.8410100936889648,
                "gamma": 0.0005475878715515137
              }
            ]
          ]
        }
      }
    ],
    "performance": {
      "time": {
        "total_time": 0.018471479415893555,
        "baseline_forward_time": 0.007010936737060547,
        "injection_forward_time": 0.006603717803955078,
        "bounds_computation_time": 0.0007545948028564453,
        "violation_detection_time": 0.0015289783477783203
      },
      "memory": {
        "peak_memory_allocated_mb": 1348.25439453125,
        "peak_memory_reserved_mb": 1676.0,
        "baseline_memory_mb": 1289.0576171875,
        "injection_memory_mb": 1348.25439453125
      },
      "compute": {
        "num_attention_layers": 12,
        "num_attention_heads": 12,
        "sequence_length": 64,
        "batch_size": 2,
        "attention_flops": 0.0,
        "bounds_flops": 0.0
      },
      "extra": {}
    }
  }
}