{
  "exp_id": "gpt2_comprehensive_sweep_seed=42_injection_layers=[3]_injection_bit=23_injection_location=weights_injection_idx=(1, 6, 32, 1)",
  "run_id": 0,
  "timestamp": "2025-10-14T18:31:35.628103",
  "baseline_loss": 7.881114482879639,
  "injected_loss": 7.881114959716797,
  "loss_diff": 4.76837158203125e-07,
  "bounds_valid": null,
  "violation_detected": false,
  "num_violations": 0,
  "violation_positions": [],
  "baseline_epsilon_stats": {
    "3": {
      "epsilon_mean": 5.532190322875977,
      "epsilon_std": 2.821462392807007,
      "lower_mean": 0.26533496379852295,
      "upper_mean": 12.459569931030273,
      "gamma_mean": 0.07388841360807419
    }
  },
  "injected_epsilon_stats": null,
  "injection_info": {
    "location": "weights",
    "idx": [
      1,
      6,
      32,
      1
    ],
    "bit": 23,
    "enabled": true,
    "multi_bit": false,
    "bit_list": null,
    "random_position": false,
    "injection_rate": 0.0
  },
  "extra_data": {
    "epsilon_analysis": [
      {
        "layer_idx": 3,
        "analysis": {
          "mean_diff": -1.9868215517249155e-08,
          "std_diff": 7.786717901581142e-07,
          "max_abs_diff": 3.0517578125e-05,
          "top_changes": [
            [
              [
                1,
                6,
                32
              ],
              {
                "baseline_epsilon": 5.5349273681640625,
                "injected_epsilon": 5.5348968505859375,
                "epsilon_diff": -3.0517578125e-05,
                "abs_diff": 3.0517578125e-05
              },
              {
                "lower1": 0.2059442549943924,
                "middle": 0.39066675305366516,
                "upper": 18.457042694091797,
                "gamma": 0.05288410186767578
              }
            ]
          ]
        }
      }
    ],
    "performance": {
      "time": {
        "total_time": 0.01880931854248047,
        "baseline_forward_time": 0.007162570953369141,
        "injection_forward_time": 0.0066606998443603516,
        "bounds_computation_time": 0.0007872581481933594,
        "violation_detection_time": 0.0014638900756835938
      },
      "memory": {
        "peak_memory_allocated_mb": 1188.05908203125,
        "peak_memory_reserved_mb": 1676.0,
        "baseline_memory_mb": 1128.8623046875,
        "injection_memory_mb": 1188.05908203125
      },
      "compute": {
        "num_attention_layers": 12,
        "num_attention_heads": 12,
        "sequence_length": 64,
        "batch_size": 2,
        "attention_flops": 0.0,
        "bounds_flops": 0.0
      },
      "extra": {}
    }
  }
}