{
  "exp_id": "gpt2_comprehensive_sweep_seed=0_injection_layers=[0]_injection_bit=23_injection_location=scores_injection_idx=(1, 9, 31, 62)",
  "num_runs": 1,
  "timestamp": "2025-10-14T18:31:18.174348",
  "baseline_loss": {
    "mean": 6.073779106140137,
    "std": 0.0,
    "min": 6.073779106140137,
    "max": 6.073779106140137
  },
  "injected_loss": {
    "mean": 6.073779582977295,
    "std": 0.0,
    "min": 6.073779582977295,
    "max": 6.073779582977295
  },
  "loss_diff": {
    "mean": 4.76837158203125e-07,
    "std": 0.0,
    "min": 4.76837158203125e-07,
    "max": 4.76837158203125e-07
  },
  "violation_detection": {
    "detection_rate": 1.0,
    "total_violations": 1,
    "avg_violations_per_run": 1.0
  }
}