{
  "exp_id": "gpt2_comprehensive_sweep_seed=123_injection_layers=[6]_injection_bit=30_injection_location=k_injection_idx=(1, 9, 31, 62)",
  "num_runs": 1,
  "timestamp": "2025-12-12T07:02:58.828268",
  "baseline_loss": {
    "mean": 12.89038372039795,
    "std": 0.0,
    "min": 12.89038372039795,
    "max": 12.89038372039795
  },
  "injected_loss": {
    "mean": 12.89652156829834,
    "std": 0.0,
    "min": 12.89652156829834,
    "max": 12.89652156829834
  },
  "loss_diff": {
    "mean": 0.006137847900390625,
    "std": 0.0,
    "min": 0.006137847900390625,
    "max": 0.006137847900390625
  },
  "violation_detection": {
    "detection_rate": 1.0,
    "total_violations": 1,
    "avg_violations_per_run": 1.0
  }
}