{
  "exp_id": "gpt2_comprehensive_sweep_seed=0_injection_layers=[0]_injection_bit=31_injection_location=weights_injection_idx=(0, 0, 10, 20)",
  "num_runs": 1,
  "timestamp": "2025-10-14T20:38:39.673767",
  "baseline_loss": {
    "mean": 10.27547836303711,
    "std": 0.0,
    "min": 10.27547836303711,
    "max": 10.27547836303711
  },
  "injected_loss": {
    "mean": 10.275627136230469,
    "std": 0.0,
    "min": 10.275627136230469,
    "max": 10.275627136230469
  },
  "loss_diff": {
    "mean": 0.000148773193359375,
    "std": 0.0,
    "min": 0.000148773193359375,
    "max": 0.000148773193359375
  },
  "violation_detection": {
    "detection_rate": 0.0,
    "total_violations": 0,
    "avg_violations_per_run": 0.0
  }
}