{
  "exp_id": "gpt2_comprehensive_sweep_seed=123_injection_layers=[0]_injection_bit=30_injection_location=q_injection_idx=(1, 9, 31, 62)",
  "num_runs": 1,
  "timestamp": "2025-12-12T07:41:13.646589",
  "baseline_loss": {
    "mean": 10.275479316711426,
    "std": 0.0,
    "min": 10.275479316711426,
    "max": 10.275479316711426
  },
  "injected_loss": {
    "mean": 10.268884658813477,
    "std": 0.0,
    "min": 10.268884658813477,
    "max": 10.268884658813477
  },
  "loss_diff": {
    "mean": -0.006594657897949219,
    "std": 0.0,
    "min": -0.006594657897949219,
    "max": -0.006594657897949219
  },
  "violation_detection": {
    "detection_rate": 1.0,
    "total_violations": 2,
    "avg_violations_per_run": 2.0
  }
}