{
  "exp_id": "gpt2_comprehensive_sweep_seed=123_injection_layers=[9]_injection_bit=31_injection_location=k_injection_idx=(1, 9, 31, 62)",
  "num_runs": 1,
  "timestamp": "2025-12-12T07:21:00.464411",
  "baseline_loss": {
    "mean": 8.462052345275879,
    "std": 0.0,
    "min": 8.462052345275879,
    "max": 8.462052345275879
  },
  "injected_loss": {
    "mean": 8.462038040161133,
    "std": 0.0,
    "min": 8.462038040161133,
    "max": 8.462038040161133
  },
  "loss_diff": {
    "mean": -1.430511474609375e-05,
    "std": 0.0,
    "min": -1.430511474609375e-05,
    "max": -1.430511474609375e-05
  },
  "violation_detection": {
    "detection_rate": 0.0,
    "total_violations": 0,
    "avg_violations_per_run": 0.0
  }
}