{
  "exp_id": "gpt2_comprehensive_sweep_seed=42_injection_layers=[9]_injection_bit=31_injection_location=scores_injection_idx=(1, 6, 32, 1)",
  "num_runs": 1,
  "timestamp": "2025-12-12T07:01:50.530117",
  "baseline_loss": {
    "mean": 13.721663475036621,
    "std": 0.0,
    "min": 13.721663475036621,
    "max": 13.721663475036621
  },
  "injected_loss": {
    "mean": 13.723579406738281,
    "std": 0.0,
    "min": 13.723579406738281,
    "max": 13.723579406738281
  },
  "loss_diff": {
    "mean": 0.0019159317016601562,
    "std": 0.0,
    "min": 0.0019159317016601562,
    "max": 0.0019159317016601562
  },
  "violation_detection": {
    "detection_rate": 1.0,
    "total_violations": 1,
    "avg_violations_per_run": 1.0
  }
}