{
  "exp_id": "gpt2_comprehensive_sweep_seed=0_injection_layers=[0]_injection_bit=24_injection_location=weights_injection_idx=(0, 0, 10, 20)",
  "run_id": 0,
  "timestamp": "2025-12-12T07:06:51.056101",
  "baseline_loss": 10.275479316711426,
  "injected_loss": 10.275251388549805,
  "loss_diff": -0.00022792816162109375,
  "bounds_valid": null,
  "violation_detected": true,
  "num_violations": 1,
  "violation_positions": [
    [
      0,
      [
        0,
        0,
        10
      ]
    ]
  ],
  "baseline_epsilon_stats": {
    "0": {
      "epsilon_mean": 1.9825315475463867,
      "epsilon_std": 1.6013407707214355,
      "lower_mean": 0.3287202715873718,
      "upper_mean": 2.0460193157196045,
      "gamma_mean": 0.0896625965833664
    }
  },
  "injected_epsilon_stats": null,
  "injection_info": {
    "location": "weights",
    "idx": [
      0,
      0,
      10,
      20
    ],
    "bit": 24,
    "enabled": true,
    "multi_bit": false,
    "bit_list": null,
    "random_position": false,
    "injection_rate": 0.0
  },
  "extra_data": {
    "epsilon_analysis": [
      {
        "layer_idx": 0,
        "analysis": {
          "mean_diff": 6.192829459905624e-05,
          "std_diff": 0.002427083672955632,
          "max_abs_diff": 0.09512186050415039,
          "top_changes": [
            [
              [
                0,
                0,
                10
              ],
              {
                "baseline_epsilon": 1.0095866918563843,
                "injected_epsilon": 1.1047085523605347,
                "epsilon_diff": 0.09512186050415039,
                "abs_diff": 0.09512186050415039
              },
              {
                "lower1": 0.3560161888599396,
                "middle": 0.7336282730102539,
                "upper": 1.012832522392273,
                "gamma": 0.09335881471633911
              }
            ]
          ]
        }
      }
    ],
    "performance": {
      "time": {
        "total_time": 0.01866292953491211,
        "baseline_forward_time": 0.0071506500244140625,
        "injection_forward_time": 0.006623983383178711,
        "bounds_computation_time": 0.0007421970367431641,
        "violation_detection_time": 0.0015130043029785156
      },
      "memory": {
        "peak_memory_allocated_mb": 1439.3642578125,
        "peak_memory_reserved_mb": 1720.0,
        "baseline_memory_mb": 1380.16748046875,
        "injection_memory_mb": 1439.3642578125
      },
      "compute": {
        "num_attention_layers": 12,
        "num_attention_heads": 12,
        "sequence_length": 64,
        "batch_size": 2,
        "attention_flops": 0.0,
        "bounds_flops": 0.0
      },
      "extra": {}
    }
  }
}