{
  "exp_id": "gpt2_comprehensive_sweep_seed=42_injection_layers=[0]_injection_bit=31_injection_location=k_injection_idx=(1, 6, 32, 1)",
  "num_runs": 1,
  "timestamp": "2025-10-14T18:31:33.104102",
  "baseline_loss": {
    "mean": 6.073779106140137,
    "std": 0.0,
    "min": 6.073779106140137,
    "max": 6.073779106140137
  },
  "injected_loss": {
    "mean": 6.073817729949951,
    "std": 0.0,
    "min": 6.073817729949951,
    "max": 6.073817729949951
  },
  "loss_diff": {
    "mean": 3.8623809814453125e-05,
    "std": 0.0,
    "min": 3.8623809814453125e-05,
    "max": 3.8623809814453125e-05
  },
  "violation_detection": {
    "detection_rate": 0.0,
    "total_violations": 0,
    "avg_violations_per_run": 0.0
  }
}