{
  "exp_id": "gpt2_comprehensive_sweep_seed=123_injection_layers=[6]_injection_bit=10_injection_location=k_injection_idx=(0, 3, 53, 43)",
  "run_id": 0,
  "timestamp": "2025-12-12T07:02:45.400237",
  "baseline_loss": 12.89038372039795,
  "injected_loss": 12.890384674072266,
  "loss_diff": 9.5367431640625e-07,
  "bounds_valid": null,
  "violation_detected": false,
  "num_violations": 0,
  "violation_positions": [],
  "baseline_epsilon_stats": {
    "6": {
      "epsilon_mean": 7.864658355712891,
      "epsilon_std": 3.4537131786346436,
      "lower_mean": 0.852850615978241,
      "upper_mean": 17.020122528076172,
      "gamma_mean": 1.5244500637054443
    }
  },
  "injected_epsilon_stats": null,
  "injection_info": {
    "location": "k",
    "idx": [
      0,
      3,
      53,
      43
    ],
    "bit": 10,
    "enabled": true,
    "multi_bit": false,
    "bit_list": null,
    "random_position": false,
    "injection_rate": 0.0
  },
  "extra_data": {
    "epsilon_analysis": [
      {
        "layer_idx": 6,
        "analysis": {
          "mean_diff": 9.313225746154785e-09,
          "std_diff": 5.087609906695434e-07,
          "max_abs_diff": 5.7220458984375e-06,
          "top_changes": [
            [
              [
                0,
                3,
                2
              ],
              {
                "baseline_epsilon": 6.1041259765625,
                "injected_epsilon": 6.104131698608398,
                "epsilon_diff": 5.7220458984375e-06,
                "abs_diff": 5.7220458984375e-06
              },
              {
                "lower1": 0.18356981873512268,
                "middle": 0.3540189564228058,
                "upper": 18.279407501220703,
                "gamma": 0.0469965934753418
              }
            ],
            [
              [
                0,
                3,
                1
              ],
              {
                "baseline_epsilon": 6.088102340698242,
                "injected_epsilon": 6.088108062744141,
                "epsilon_diff": 5.7220458984375e-06,
                "abs_diff": 5.7220458984375e-06
              },
              {
                "lower1": 0.17579887807369232,
                "middle": 0.339783638715744,
                "upper": 16.74805450439453,
                "gamma": 0.04496026039123535
              }
            ],
            [
              [
                0,
                3,
                3
              ],
              {
                "baseline_epsilon": 6.178056716918945,
                "injected_epsilon": 6.178062438964844,
                "epsilon_diff": 5.7220458984375e-06,
                "abs_diff": 5.7220458984375e-06
              },
              {
                "lower1": 0.1981324851512909,
                "middle": 0.381146639585495,
                "upper": 18.457042694091797,
                "gamma": 0.05082440376281738
              }
            ],
            [
              [
                0,
                3,
                4
              ],
              {
                "baseline_epsilon": 6.261980056762695,
                "injected_epsilon": 6.261985778808594,
                "epsilon_diff": 5.7220458984375e-06,
                "abs_diff": 5.7220458984375e-06
              },
              {
                "lower1": 0.21386978030204773,
                "middle": 0.4105435013771057,
                "upper": 18.457042694091797,
                "gamma": 0.054978370666503906
              }
            ],
            [
              [
                0,
                3,
                15
              ],
              {
                "baseline_epsilon": 6.92994499206543,
                "injected_epsilon": 6.929948806762695,
                "epsilon_diff": 3.814697265625e-06,
                "abs_diff": 3.814697265625e-06
              },
              {
                "lower1": 0.38907769322395325,
                "middle": 0.7339040040969849,
                "upper": 18.457042694091797,
                "gamma": 0.10251998901367188
              }
            ],
            [
              [
                0,
                3,
                9
              ],
              {
                "baseline_epsilon": 6.640392303466797,
                "injected_epsilon": 6.6403961181640625,
                "epsilon_diff": 3.814697265625e-06,
                "abs_diff": 3.814697265625e-06
              },
              {
                "lower1": 0.2998322546482086,
                "middle": 0.5701088905334473,
                "upper": 18.457042694091797,
                "gamma": 0.07799839973449707
              }
            ],
            [
              [
                0,
                3,
                16
              ],
              {
                "baseline_epsilon": 6.963409423828125,
                "injected_epsilon": 6.963413238525391,
                "epsilon_diff": 3.814697265625e-06,
                "abs_diff": 3.814697265625e-06
              },
              {
                "lower1": 0.40153008699417114,
                "middle": 0.7567501664161682,
                "upper": 18.457042694091797,
                "gamma": 0.10599470138549805
              }
            ],
            [
              [
                0,
                3,
                23
              ],
              {
                "baseline_epsilon": 6.9496355056762695,
                "injected_epsilon": 6.949639320373535,
                "epsilon_diff": 3.814697265625e-06,
                "abs_diff": 3.814697265625e-06
              },
              {
                "lower1": 0.47788122296333313,
                "middle": 0.8994673490524292,
                "upper": 18.457042694091797,
                "gamma": 0.12760019302368164
              }
            ],
            [
              [
                0,
                3,
                6
              ],
              {
                "baseline_epsilon": 6.43010139465332,
                "injected_epsilon": 6.430105209350586,
                "epsilon_diff": 3.814697265625e-06,
                "abs_diff": 3.814697265625e-06
              },
              {
                "lower1": 0.24823616445064545,
                "middle": 0.47458595037460327,
                "upper": 18.457042694091797,
                "gamma": 0.06411361694335938
              }
            ],
            [
              [
                0,
                3,
                7
              ],
              {
                "baseline_epsilon": 6.505941390991211,
                "injected_epsilon": 6.505945205688477,
                "epsilon_diff": 3.814697265625e-06,
                "abs_diff": 3.814697265625e-06
              },
              {
                "lower1": 0.2656204104423523,
                "middle": 0.5068592429161072,
                "upper": 18.457042694091797,
                "gamma": 0.06876873970031738
              }
            ],
            [
              [
                0,
                3,
                59
              ],
              {
                "baseline_epsilon": 1.6781911849975586,
                "injected_epsilon": 1.6781883239746094,
                "epsilon_diff": -2.86102294921875e-06,
                "abs_diff": 2.86102294921875e-06
              },
              {
                "lower1": 0.2425481677055359,
                "middle": 1.421018123626709,
                "upper": 11.179363250732422,
                "gamma": 5.123996734619141
              }
            ],
            [
              [
                0,
                3,
                52
              ],
              {
                "baseline_epsilon": 4.336420059204102,
                "injected_epsilon": 4.336417198181152,
                "epsilon_diff": -2.86102294921875e-06,
                "abs_diff": 2.86102294921875e-06
              },
              {
                "lower1": 0.6318680644035339,
                "middle": 3.50632905960083,