{
  "exp_id": "gpt2_comprehensive_sweep_seed=3407_injection_layers=[9]_injection_bit=24_injection_location=weights_injection_idx=(0, 0, 10, 20)",
  "num_runs": 1,
  "timestamp": "2025-10-14T18:22:27.632945",
  "baseline_loss": {
    "mean": 13.721664428710938,
    "std": 0.0,
    "min": 13.721664428710938,
    "max": 13.721664428710938
  },
  "injected_loss": {
    "mean": 13.721662521362305,
    "std": 0.0,
    "min": 13.721662521362305,
    "max": 13.721662521362305
  },
  "loss_diff": {
    "mean": -1.9073486328125e-06,
    "std": 0.0,
    "min": -1.9073486328125e-06,
    "max": -1.9073486328125e-06
  },
  "violation_detection": {
    "detection_rate": 0.0,
    "total_violations": 0,
    "avg_violations_per_run": 0.0
  }
}