{
  "exp_id": "gpt2_comprehensive_sweep_seed=0_injection_layers=[6]_injection_bit=24_injection_location=k_injection_idx=(1, 9, 31, 62)",
  "run_id": 0,
  "timestamp": "2025-12-12T06:59:56.843129",
  "baseline_loss": 12.89038372039795,
  "injected_loss": 12.890356063842773,
  "loss_diff": -2.765655517578125e-05,
  "bounds_valid": null,
  "violation_detected": false,
  "num_violations": 0,
  "violation_positions": [],
  "baseline_epsilon_stats": {
    "6": {
      "epsilon_mean": 7.864658355712891,
      "epsilon_std": 3.4537131786346436,
      "lower_mean": 0.852850615978241,
      "upper_mean": 17.020122528076172,
      "gamma_mean": 1.5244500637054443
    }
  },
  "injected_epsilon_stats": null,
  "injection_info": {
    "location": "k",
    "idx": [
      1,
      9,
      31,
      62
    ],
    "bit": 24,
    "enabled": true,
    "multi_bit": false,
    "bit_list": null,
    "random_position": false,
    "injection_rate": 0.0
  },
  "extra_data": {
    "epsilon_analysis": [
      {
        "layer_idx": 6,
        "analysis": {
          "mean_diff": -0.0002639554440975189,
          "std_diff": 0.0015607539098709822,
          "max_abs_diff": 0.01782989501953125,
          "top_changes": [
            [
              [
                1,
                9,
                6
              ],
              {
                "baseline_epsilon": 13.29684829711914,
                "injected_epsilon": 13.27901840209961,
                "epsilon_diff": -0.01782989501953125,
                "abs_diff": 0.01782989501953125
              },
              {
                "lower1": 0.85069340467453,
                "middle": 10.420528411865234,
                "upper": 18.401947021484375,
                "gamma": 3.44744873046875
              }
            ],
            [
              [
                1,
                9,
                2
              ],
              {
                "baseline_epsilon": 12.748374938964844,
                "injected_epsilon": 12.732189178466797,
                "epsilon_diff": -0.016185760498046875,
                "abs_diff": 0.016185760498046875
              },
              {
                "lower1": 1.2596921920776367,
                "middle": 1.9627678394317627,
                "upper": 18.457042694091797,
                "gamma": 0.39003801345825195
              }
            ],
            [
              [
                1,
                9,
                10
              ],
              {
                "baseline_epsilon": 13.051254272460938,
                "injected_epsilon": 13.038278579711914,
                "epsilon_diff": -0.012975692749023438,
                "abs_diff": 0.012975692749023438
              },
              {
                "lower1": 0.5797891616821289,
                "middle": 11.544939041137695,
                "upper": 17.179668426513672,
                "gamma": 3.989990234375
              }
            ],
            [
              [
                1,
                9,
                9
              ],
              {
                "baseline_epsilon": 14.062338829040527,
                "injected_epsilon": 14.049428939819336,
                "epsilon_diff": -0.012909889221191406,
                "abs_diff": 0.012909889221191406
              },
              {
                "lower1": 0.6740373373031616,
                "middle": 12.340065002441406,
                "upper": 17.831623077392578,
                "gamma": 3.781499147415161
              }
            ],
            [
              [
                1,
                9,
                11
              ],
              {
                "baseline_epsilon": 12.23013973236084,
                "injected_epsilon": 12.217392921447754,
                "epsilon_diff": -0.012746810913085938,
                "abs_diff": 0.012746810913085938
              },
              {
                "lower1": 0.5148032307624817,
                "middle": 10.881091117858887,
                "upper": 16.537914276123047,
                "gamma": 4.151182174682617
              }
            ],
            [
              [
                1,
                9,
                12
              ],
              {
                "baseline_epsilon": 11.544179916381836,
                "injected_epsilon": 11.531749725341797,
                "epsilon_diff": -0.012430191040039062,
                "abs_diff": 0.012430191040039062
              },
              {
                "lower1": 0.4670131504535675,
                "middle": 10.314287185668945,
                "upper": 15.943604469299316,
                "gamma": 4.281387805938721
              }
            ],
            [
              [
                1,
                9,
                13
              ],
              {
                "baseline_epsilon": 10.949088096618652,
                "injected_epsilon": 10.937017440795898,
                "epsilon_diff": -0.012070655822753906,
                "abs_diff": 0.012070655822753906
              },
              {
                "lower1": 0.42918482422828674,
                "middle": 9.815742492675781,
                "upper": 15.387805938720703,
                "gamma": 4.393044471740723
              }
            ],
            [
              [
                1,
                9,
                8
              ],
              {
                "baseline_epsilon": 15.459742546081543,
                "injected_epsilon": 15.447805404663086,
                "epsilon_diff": -0.011937141418457031,
                "abs_diff": 0.011937141418457031
              },
              {
                "lower1": 0.8440462946891785,
                "middle": 13.386905670166016,
                "upper": 18.39250373840332,
                "gamma": 3.458989143371582
              }
            ],
            [
              [
                1,
                9,
                14
              ],
              {
                "baseline_epsilon": 10.444465637207031,
                "injected_epsilon": 10.432735443115234,
                "epsilon_diff": -0.011730194091796875,
                "abs_diff": 0.011730194091796875
              },
              {
                "lower1": 0.3998629152774811,
                "middle": 9.386653900146484,
                "upper": 14.898768424987793,
                "gamma": 4.485783100128174
              }
            ],
            [
              [
                1,
                9,
                15
              ],
              {
                "baseline_epsilon": 9.999868392944336,
                "injected_epsilon": 9.98851203918457,
                "epsilon_diff": -0.011356353759765625,
                "abs_diff": 0.011356353759765625
              },
              {
                "lower1": 0.3757834732532501,
                "middle": 9.004617691040039,
                "upper": 14.455490112304688,
                "gamma": 4.566617012023926
              }
            ],
            [
              [
                1,
                9,
                1
              ],
              {
                "baseline_epsilon": 12.662757873535156,
                "injected_epsilon": 12.651634216308594,
                "epsilon_diff": -0.0111236572265625,
                "abs_diff": 0.0111236572265625
              },
              {
                "lower1": 2.2274389266967773,
                "middle": 4.644667148590088,
                "upper": 18.457042694091797,
                "gamma": 1.2606911659240723
              }
            ],
            [
              [
                1,
                9,
                16
              ],
              {
                "baseline_epsilon": 9.611581802368164,
                "injected_epsilon": 9.600563049316406,
                "epsilon_diff": -0.011018753051757812,
                "abs_diff": 0.011018753051757812
              },
              {
                "lower1": 0.35563424229621887,