{
  "exp_id": "gpt2_comprehensive_sweep_seed=123_injection_layers=[9]_injection_bit=31_injection_location=k_injection_idx=(0, 0, 10, 20)",
  "run_id": 0,
  "timestamp": "2025-10-14T17:41:29.809850",
  "baseline_loss": 13.721664428710938,
  "injected_loss": 13.721677780151367,
  "loss_diff": 1.33514404296875e-05,
  "bounds_valid": null,
  "violation_detected": false,
  "num_violations": 0,
  "violation_positions": [],
  "baseline_epsilon_stats": {
    "9": {
      "epsilon_mean": 10.922141075134277,
      "epsilon_std": 4.307835578918457,
      "lower_mean": 1.0468783378601074,
      "upper_mean": 16.82538414001465,
      "gamma_mean": 2.1429390907287598
    }
  },
  "injected_epsilon_stats": null,
  "injection_info": {
    "location": "k",
    "idx": [
      0,
      0,
      10,
      20
    ],
    "bit": 31,
    "enabled": true,
    "multi_bit": false,
    "bit_list": null,
    "random_position": false,
    "injection_rate": 0.0
  },
  "extra_data": {
    "epsilon_analysis": [
      {
        "layer_idx": 9,
        "analysis": {
          "mean_diff": -0.00024989870144054294,
          "std_diff": 0.0013388277729973197,
          "max_abs_diff": 0.015777587890625,
          "top_changes": [
            [
              [
                0,
                0,
                0
              ],
              {
                "baseline_epsilon": 12.657464027404785,
                "injected_epsilon": 12.67324161529541,
                "epsilon_diff": 0.015777587890625,
                "abs_diff": 0.015777587890625
              },
              {
                "lower1": 2.219292402267456,
                "middle": 10.117405891418457,
                "upper": 13.817161560058594,
                "gamma": 1.3790693283081055
              }
            ],
            [
              [
                0,
                0,
                3
              ],
              {
                "baseline_epsilon": 9.960235595703125,
                "injected_epsilon": 9.951279640197754,
                "epsilon_diff": -0.008955955505371094,
                "abs_diff": 0.008955955505371094
              },
              {
                "lower1": 1.7037097215652466,
                "middle": 4.455630779266357,
                "upper": 15.445990562438965,
                "gamma": 0.6016495227813721
              }
            ],
            [
              [
                0,
                0,
                2
              ],
              {
                "baseline_epsilon": 9.335550308227539,
                "injected_epsilon": 9.326644897460938,
                "epsilon_diff": -0.008905410766601562,
                "abs_diff": 0.008905410766601562
              },
              {
                "lower1": 1.5743592977523804,
                "middle": 3.9728188514709473,
                "upper": 14.111030578613281,
                "gamma": 0.5317075252532959
              }
            ],
            [
              [
                0,
                0,
                4
              ],
              {
                "baseline_epsilon": 10.439496994018555,
                "injected_epsilon": 10.430671691894531,
                "epsilon_diff": -0.008825302124023438,
                "abs_diff": 0.008825302124023438
              },
              {
                "lower1": 1.7957667112350464,
                "middle": 4.832884788513184,
                "upper": 16.545778274536133,
                "gamma": 0.6578369140625
              }
            ],
            [
              [
                0,
                0,
                1
              ],
              {
                "baseline_epsilon": 5.879602432250977,
                "injected_epsilon": 5.870950698852539,
                "epsilon_diff": -0.0086517333984375,
                "abs_diff": 0.0086517333984375
              },
              {
                "lower1": 0.28163033723831177,
                "middle": 0.5605645775794983,
                "upper": 10.02896785736084,
                "gamma": 0.07307648658752441
              }
            ],
            [
              [
                0,
                0,
                5
              ],
              {
                "baseline_epsilon": 10.687386512756348,
                "injected_epsilon": 10.678775787353516,
                "epsilon_diff": -0.008610725402832031,
                "abs_diff": 0.008610725402832031
              },
              {
                "lower1": 1.8331745862960815,
                "middle": 4.986363410949707,
                "upper": 17.379722595214844,
                "gamma": 0.6826589107513428
              }
            ],
            [
              [
                0,
                0,
                6
              ],
              {
                "baseline_epsilon": 10.763086318969727,
                "injected_epsilon": 10.754735946655273,
                "epsilon_diff": -0.008350372314453125,
                "abs_diff": 0.008350372314453125
              },
              {
                "lower1": 1.8344471454620361,
                "middle": 4.974465370178223,
                "upper": 17.99832534790039,
                "gamma": 0.6835267543792725
              }
            ],
            [
              [
                0,
                0,
                7
              ],
              {
                "baseline_epsilon": 10.8283052444458,
                "injected_epsilon": 10.820215225219727,
                "epsilon_diff": -0.008090019226074219,
                "abs_diff": 0.008090019226074219
              },
              {
                "lower1": 1.8364691734313965,
                "middle": 4.967148780822754,
                "upper": 18.457042694091797,
                "gamma": 0.6849093437194824
              }
            ],
            [
              [
                0,
                0,
                8
              ],
              {
                "baseline_epsilon": 10.878263473510742,
                "injected_epsilon": 10.87043571472168,
                "epsilon_diff": -0.0078277587890625,
                "abs_diff": 0.0078277587890625
              },
              {
                "lower1": 1.8371888399124146,
                "middle": 4.9545111656188965,
                "upper": 18.457042694091797,
                "gamma": 0.6854023933410645
              }
            ],
            [
              [
                0,
                0,
                9
              ],
              {
                "baseline_epsilon": 10.970586776733398,
                "injected_epsilon": 10.962972640991211,
                "epsilon_diff": -0.0076141357421875,
                "abs_diff": 0.0076141357421875
              },
              {
                "lower1": 1.8500211238861084,
                "middle": 4.999425888061523,
                "upper": 18.457042694091797,
                "gamma": 0.6942839622497559
              }
            ],
            [
              [
                0,
                0,
                10
              ],
              {
                "baseline_epsilon": 11.086742401123047,
                "injected_epsilon": 11.079341888427734,
                "epsilon_diff": -0.0074005126953125,
                "abs_diff": 0.0074005126953125
              },
              {
                "lower1": 1.8697459697723389,
                "middle": 5.078657627105713,
                "upper": 18.457042694091797,
                "gamma": 0.7082841396331787
              }
            ],
            [
              [
                0,
                0,
                11
              ],
              {
                "baseline_epsilon": 11.146368026733398,
                "injected_epsilon": 11.139183044433594,
                "epsilon_diff": -0.0071849822998046875,
                "abs_diff": 0.0071849822998046875
              },
              {
                "lower1": 1.8777050971984863,