{
  "exp_id": "gpt2_comprehensive_sweep_seed=0_injection_layers=[3]_injection_bit=18_injection_location=k_injection_idx=(0, 3, 53, 43)",
  "run_id": 0,
  "timestamp": "2025-12-12T06:59:31.230252",
  "baseline_loss": 13.791720390319824,
  "injected_loss": 13.791719436645508,
  "loss_diff": -9.5367431640625e-07,
  "bounds_valid": null,
  "violation_detected": false,
  "num_violations": 0,
  "violation_positions": [],
  "baseline_epsilon_stats": {
    "3": {
      "epsilon_mean": 6.302740097045898,
      "epsilon_std": 2.23594331741333,
      "lower_mean": 0.9555976390838623,
      "upper_mean": 17.05971336364746,
      "gamma_mean": 1.0718344449996948
    }
  },
  "injected_epsilon_stats": null,
  "injection_info": {
    "location": "k",
    "idx": [
      0,
      3,
      53,
      43
    ],
    "bit": 18,
    "enabled": true,
    "multi_bit": false,
    "bit_list": null,
    "random_position": false,
    "injection_rate": 0.0
  },
  "extra_data": {
    "epsilon_analysis": [
      {
        "layer_idx": 3,
        "analysis": {
          "mean_diff": -0.00021202582865953445,
          "std_diff": 0.0014868632424622774,
          "max_abs_diff": 0.015167236328125,
          "top_changes": [
            [
              [
                0,
                3,
                9
              ],
              {
                "baseline_epsilon": 6.4726715087890625,
                "injected_epsilon": 6.4575042724609375,
                "epsilon_diff": -0.015167236328125,
                "abs_diff": 0.015167236328125
              },
              {
                "lower1": 1.0409611463546753,
                "middle": 1.7933385372161865,
                "upper": 18.457042694091797,
                "gamma": 0.30699729919433594
              }
            ],
            [
              [
                0,
                3,
                10
              ],
              {
                "baseline_epsilon": 6.438079833984375,
                "injected_epsilon": 6.422943115234375,
                "epsilon_diff": -0.01513671875,
                "abs_diff": 0.01513671875
              },
              {
                "lower1": 1.099389672279358,
                "middle": 1.8793258666992188,
                "upper": 18.457042694091797,
                "gamma": 0.32823944091796875
              }
            ],
            [
              [
                0,
                3,
                11
              ],
              {
                "baseline_epsilon": 6.399932861328125,
                "injected_epsilon": 6.3851318359375,
                "epsilon_diff": -0.014801025390625,
                "abs_diff": 0.014801025390625
              },
              {
                "lower1": 1.1537537574768066,
                "middle": 1.9576020240783691,
                "upper": 18.457042694091797,
                "gamma": 0.3485870361328125
              }
            ],
            [
              [
                0,
                3,
                8
              ],
              {
                "baseline_epsilon": 6.505767822265625,
                "injected_epsilon": 6.49102783203125,
                "epsilon_diff": -0.014739990234375,
                "abs_diff": 0.014739990234375
              },
              {
                "lower1": 0.9757646918296814,
                "middle": 1.6953833103179932,
                "upper": 18.457042694091797,
                "gamma": 0.2840003967285156
              }
            ],
            [
              [
                0,
                3,
                12
              ],
              {
                "baseline_epsilon": 6.36346435546875,
                "injected_epsilon": 6.3491668701171875,
                "epsilon_diff": -0.0142974853515625,
                "abs_diff": 0.0142974853515625
              },
              {
                "lower1": 1.2023842334747314,
                "middle": 2.0263307094573975,
                "upper": 18.457042694091797,
                "gamma": 0.36730384826660156
              }
            ],
            [
              [
                0,
                3,
                13
              ],
              {
                "baseline_epsilon": 6.3274993896484375,
                "injected_epsilon": 6.3138275146484375,
                "epsilon_diff": -0.013671875,
                "abs_diff": 0.013671875
              },
              {
                "lower1": 1.2466919422149658,
                "middle": 2.0878188610076904,
                "upper": 18.457042694091797,
                "gamma": 0.3848133087158203
              }
            ],
            [
              [
                0,
                3,
                7
              ],
              {
                "baseline_epsilon": 6.531280517578125,
                "injected_epsilon": 6.5176239013671875,
                "epsilon_diff": -0.0136566162109375,
                "abs_diff": 0.0136566162109375
              },
              {
                "lower1": 0.9048202037811279,
                "middle": 1.5862724781036377,
                "upper": 18.457042694091797,
                "gamma": 0.2597522735595703
              }
            ],
            [
              [
                0,
                3,
                1
              ],
              {
                "baseline_epsilon": 6.0579986572265625,
                "injected_epsilon": 6.071136474609375,
                "epsilon_diff": 0.0131378173828125,
                "abs_diff": 0.0131378173828125
              },
              {
                "lower1": 0.3610355854034424,
                "middle": 0.6724874973297119,
                "upper": 18.457042694091797,
                "gamma": 0.09474372863769531
              }
            ],
            [
              [
                0,
                3,
                14
              ],
              {
                "baseline_epsilon": 6.293365478515625,
                "injected_epsilon": 6.2803497314453125,
                "epsilon_diff": -0.0130157470703125,
                "abs_diff": 0.0130157470703125
              },
              {
                "lower1": 1.2863951921463013,
                "middle": 2.1419410705566406,
                "upper": 18.457042694091797,
                "gamma": 0.40089988708496094
              }
            ],
            [
              [
                0,
                3,
                15
              ],
              {
                "baseline_epsilon": 6.25933837890625,
                "injected_epsilon": 6.2469940185546875,
                "epsilon_diff": -0.0123443603515625,
                "abs_diff": 0.0123443603515625
              },
              {
                "lower1": 1.3236995935440063,
                "middle": 2.1919565200805664,
                "upper": 18.457042694091797,
                "gamma": 0.4163799285888672
              }
            ],
            [
              [
                0,
                3,
                16
              ],
              {
                "baseline_epsilon": 6.2265777587890625,
                "injected_epsilon": 6.2148895263671875,
                "epsilon_diff": -0.011688232421875,
                "abs_diff": 0.011688232421875
              },
              {
                "lower1": 1.3582836389541626,
                "middle": 2.2376084327697754,
                "upper": 18.457042694091797,
                "gamma": 0.43106842041015625
              }
            ],
            [
              [
                0,
                3,
                6
              ],
              {
                "baseline_epsilon": 6.5467071533203125,
                "injected_epsilon": 6.5350494384765625,
                "epsilon_diff": -0.01165771484375,
                "abs_diff": 0.01165771484375
              },
              {
                "lower1": 0.8273987174034119,
                "middle": 1.4643932580947876,