{
  "exp_id": "gpt2_comprehensive_sweep_seed=123_injection_layers=[6]_injection_bit=18_injection_location=scores_injection_idx=(0, 3, 53, 43)",
  "run_id": 0,
  "timestamp": "2025-12-12T07:10:50.715946",
  "baseline_loss": 8.564264297485352,
  "injected_loss": 8.564263343811035,
  "loss_diff": -9.5367431640625e-07,
  "bounds_valid": null,
  "violation_detected": false,
  "num_violations": 0,
  "violation_positions": [],
  "baseline_epsilon_stats": {
    "6": {
      "epsilon_mean": 5.956024169921875,
      "epsilon_std": 4.427911758422852,
      "lower_mean": 0.5316863656044006,
      "upper_mean": 7.960529327392578,
      "gamma_mean": 0.18503431975841522
    }
  },
  "injected_epsilon_stats": null,
  "injection_info": {
    "location": "scores",
    "idx": [
      0,
      3,
      53,
      43
    ],
    "bit": 18,
    "enabled": true,
    "multi_bit": false,
    "bit_list": null,
    "random_position": false,
    "injection_rate": 0.0
  },
  "extra_data": {
    "epsilon_analysis": [
      {
        "layer_idx": 6,
        "analysis": {
          "mean_diff": -5.62518835067749e-07,
          "std_diff": 2.204614611400757e-05,
          "max_abs_diff": 0.0008640289306640625,
          "top_changes": [
            [
              [
                0,
                3,
                53
              ],
              {
                "baseline_epsilon": 1.8343658447265625,
                "injected_epsilon": 1.8335018157958984,
                "epsilon_diff": -0.0008640289306640625,
                "abs_diff": 0.0008640289306640625
              },
              {
                "lower1": 0.02341434545814991,
                "middle": 0.046029046177864075,
                "upper": 2.09439754486084,
                "gamma": 0.005870819091796875
              }
            ]
          ]
        }
      }
    ],
    "performance": {
      "time": {
        "total_time": 0.018553495407104492,
        "baseline_forward_time": 0.007201194763183594,
        "injection_forward_time": 0.0065364837646484375,
        "bounds_computation_time": 0.0007531642913818359,
        "violation_detection_time": 0.0014450550079345703
      },
      "memory": {
        "peak_memory_allocated_mb": 1159.7724609375,
        "peak_memory_reserved_mb": 1830.0,
        "baseline_memory_mb": 1100.57568359375,
        "injection_memory_mb": 1159.7724609375
      },
      "compute": {
        "num_attention_layers": 12,
        "num_attention_heads": 12,
        "sequence_length": 64,
        "batch_size": 2,
        "attention_flops": 0.0,
        "bounds_flops": 0.0
      },
      "extra": {}
    }
  }
}