{
  "exp_id": "gpt2_comprehensive_sweep_seed=123_injection_layers=[0]_injection_bit=21_injection_location=k_injection_idx=(1, 6, 32, 1)",
  "num_runs": 1,
  "timestamp": "2025-10-14T18:13:01.331345",
  "baseline_loss": {
    "mean": 13.588921546936035,
    "std": 0.0,
    "min": 13.588921546936035,
    "max": 13.588921546936035
  },
  "injected_loss": {
    "mean": 13.588976860046387,
    "std": 0.0,
    "min": 13.588976860046387,
    "max": 13.588976860046387
  },
  "loss_diff": {
    "mean": 5.53131103515625e-05,
    "std": 0.0,
    "min": 5.53131103515625e-05,
    "max": 5.53131103515625e-05
  },
  "violation_detection": {
    "detection_rate": 0.0,
    "total_violations": 0,
    "avg_violations_per_run": 0.0
  }
}