{
  "exp_id": "gpt2_comprehensive_sweep_seed=123_injection_layers=[3]_injection_bit=18_injection_location=k_injection_idx=(0, 0, 10, 20)",
  "run_id": 0,
  "timestamp": "2025-12-12T07:10:27.014670",
  "baseline_loss": 8.997109413146973,
  "injected_loss": 8.997109413146973,
  "loss_diff": 0.0,
  "bounds_valid": null,
  "violation_detected": false,
  "num_violations": 0,
  "violation_positions": [],
  "baseline_epsilon_stats": {
    "3": {
      "epsilon_mean": 4.6995015144348145,
      "epsilon_std": 4.219686031341553,
      "lower_mean": 0.4203936457633972,
      "upper_mean": 5.6145782470703125,
      "gamma_mean": 0.16137349605560303
    }
  },
  "injected_epsilon_stats": null,
  "injection_info": {
    "location": "k",
    "idx": [
      0,
      0,
      10,
      20
    ],
    "bit": 18,
    "enabled": true,
    "multi_bit": false,
    "bit_list": null,
    "random_position": false,
    "injection_rate": 0.0
  },
  "extra_data": {
    "epsilon_analysis": [
      {
        "layer_idx": 3,
        "analysis": {
          "mean_diff": 4.4594830228561477e-07,
          "std_diff": 2.168429773519165e-06,
          "max_abs_diff": 1.33514404296875e-05,
          "top_changes": [
            [
              [
                0,
                0,
                52
              ],
              {
                "baseline_epsilon": 10.392995834350586,
                "injected_epsilon": 10.393009185791016,
                "epsilon_diff": 1.33514404296875e-05,
                "abs_diff": 1.33514404296875e-05
              },
              {
                "lower1": 0.3108709156513214,
                "middle": 0.6040602326393127,
                "upper": 12.77377700805664,
                "gamma": 0.08099612593650818
              }
            ],
            [
              [
                0,
                0,
                61
              ],
              {
                "baseline_epsilon": 10.675363540649414,
                "injected_epsilon": 10.675376892089844,
                "epsilon_diff": 1.33514404296875e-05,
                "abs_diff": 1.33514404296875e-05
              },
              {
                "lower1": 0.33009791374206543,
                "middle": 0.6407610774040222,
                "upper": 13.258743286132812,
                "gamma": 0.08624091744422913
              }
            ],
            [
              [
                0,
                0,
                54
              ],
              {
                "baseline_epsilon": 10.462158203125,
                "injected_epsilon": 10.46217155456543,
                "epsilon_diff": 1.33514404296875e-05,
                "abs_diff": 1.33514404296875e-05
              },
              {
                "lower1": 0.31627458333969116,
                "middle": 0.6144823431968689,
                "upper": 12.89091682434082,
                "gamma": 0.08246713876724243
              }
            ],
            [
              [
                0,
                0,
                47
              ],
              {
                "baseline_epsilon": 10.25042724609375,
                "injected_epsilon": 10.250439643859863,
                "epsilon_diff": 1.239776611328125e-05,
                "abs_diff": 1.239776611328125e-05
              },
              {
                "lower1": 0.3005284368991852,
                "middle": 0.5841405391693115,
                "upper": 12.540335655212402,
                "gamma": 0.07818716764450073
              }
            ],
            [
              [
                0,
                0,
                60
              ],
              {
                "baseline_epsilon": 10.643903732299805,
                "injected_epsilon": 10.643916130065918,
                "epsilon_diff": 1.239776611328125e-05,
                "abs_diff": 1.239776611328125e-05
              },
              {
                "lower1": 0.3290746808052063,
                "middle": 0.6389644145965576,
                "upper": 13.202434539794922,
                "gamma": 0.08596104383468628
              }
            ],
            [
              [
                0,
                0,
                44
              ],
              {
                "baseline_epsilon": 10.159499168395996,
                "injected_epsilon": 10.15951156616211,
                "epsilon_diff": 1.239776611328125e-05,
                "abs_diff": 1.239776611328125e-05
              },
              {
                "lower1": 0.2938230335712433,
                "middle": 0.5711928606033325,
                "upper": 12.392528533935547,
                "gamma": 0.07637056708335876
              }
            ],
            [
              [
                0,
                0,
                50
              ],
              {
                "baseline_epsilon": 10.341845512390137,
                "injected_epsilon": 10.34185791015625,
                "epsilon_diff": 1.239776611328125e-05,
                "abs_diff": 1.239776611328125e-05
              },
              {
                "lower1": 0.30752745270729065,
                "middle": 0.5976698994636536,
                "upper": 12.687493324279785,
                "gamma": 0.08008712530136108
              }
            ],
            [
              [
                0,
                0,
                53
              ],
              {
                "baseline_epsilon": 10.433623313903809,
                "injected_epsilon": 10.433635711669922,
                "epsilon_diff": 1.239776611328125e-05,
                "abs_diff": 1.239776611328125e-05
              },
              {
                "lower1": 0.313493549823761,
                "middle": 0.609062671661377,
                "upper": 12.843100547790527,
                "gamma": 0.08170977234840393
              }
            ],
            [
              [
                0,
                0,
                35
              ],
              {
                "baseline_epsilon": 9.861967086791992,
                "injected_epsilon": 9.861978530883789,
                "epsilon_diff": 1.1444091796875e-05,
                "abs_diff": 1.1444091796875e-05
              },
              {
                "lower1": 0.2717142701148987,
                "middle": 0.5283709168434143,
                "upper": 11.921777725219727,
                "gamma": 0.07040604948997498
              }
            ],
            [
              [
                0,
                0,
                34
              ],
              {
                "baseline_epsilon": 9.842634201049805,
                "injected_epsilon": 9.842645645141602,
                "epsilon_diff": 1.1444091796875e-05,
                "abs_diff": 1.1444091796875e-05
              },
              {
                "lower1": 0.2706816792488098,
                "middle": 0.5263977646827698,
                "upper": 11.892069816589355,
                "gamma": 0.0701284110546112
              }
            ],
            [
              [
                0,
                0,
                32
              ],
              {
                "baseline_epsilon": 9.78518295288086,
                "injected_epsilon": 9.785194396972656,
                "epsilon_diff": 1.1444091796875e-05,
                "abs_diff": 1.1444091796875e-05
              },
              {
                "lower1": 0.2664198875427246,
                "middle": 0.5181208848953247,
                "upper": 11.804896354675293,
                "gamma": 0.06898337602615356
              }
            ],
            [
              [
                0,
                0,
                33
              ],
              {
                "baseline_epsilon": 9.786304473876953,
                "injected_epsilon": 9.78631591796875,
                "epsilon_diff": 1.1444091796875e-05,
                "abs_diff": 1.1444091796875e-05
              },
              {
                "lower1": 0.2675821781158447,