{
  "exp_id": "gpt2_comprehensive_sweep_seed=42_injection_layers=[0]_injection_bit=7_injection_location=scores_injection_idx=(1, 9, 31, 62)",
  "run_id": 0,
  "timestamp": "2025-12-12T07:17:27.666922",
  "baseline_loss": 10.275479316711426,
  "injected_loss": 10.27547836303711,
  "loss_diff": -9.5367431640625e-07,
  "bounds_valid": null,
  "violation_detected": false,
  "num_violations": 0,
  "violation_positions": [],
  "baseline_epsilon_stats": {
    "0": {
      "epsilon_mean": 1.9825315475463867,
      "epsilon_std": 1.6013407707214355,
      "lower_mean": 0.3287202715873718,
      "upper_mean": 2.0460193157196045,
      "gamma_mean": 0.0896625965833664
    }
  },
  "injected_epsilon_stats": null,
  "injection_info": {
    "location": "scores",
    "idx": [
      1,
      9,
      31,
      62
    ],
    "bit": 7,
    "enabled": true,
    "multi_bit": false,
    "bit_list": null,
    "random_position": false,
    "injection_rate": 0.0
  },
  "extra_data": {
    "epsilon_analysis": [
      {
        "layer_idx": 0,
        "analysis": {
          "mean_diff": 2.9976945370435715e-09,
          "std_diff": 2.6361263394392154e-07,
          "max_abs_diff": 1.5497207641601562e-06,
          "top_changes": [
            [
              [
                0,
                11,
                63
              ],
              {
                "baseline_epsilon": 0.9557163715362549,
                "injected_epsilon": 0.9557148218154907,
                "epsilon_diff": -1.5497207641601562e-06,
                "abs_diff": 1.5497207641601562e-06
              },
              {
                "lower1": 0.003621873911470175,
                "middle": 0.007118932902812958,
                "upper": 1.0176268815994263,
                "gamma": 0.0009058788418769836
              }
            ],
            [
              [
                0,
                11,
                36
              ],
              {
                "baseline_epsilon": 1.081941843032837,
                "injected_epsilon": 1.0819430351257324,
                "epsilon_diff": 1.1920928955078125e-06,
                "abs_diff": 1.1920928955078125e-06
              },
              {
                "lower1": 0.005336117930710316,
                "middle": 0.010487183928489685,
                "upper": 1.1784322261810303,
                "gamma": 0.0013349205255508423
              }
            ],
            [
              [
                1,
                9,
                16
              ],
              {
                "baseline_epsilon": 5.274151802062988,
                "injected_epsilon": 5.274152755737305,
                "epsilon_diff": 9.5367431640625e-07,
                "abs_diff": 9.5367431640625e-07
              },
              {
                "lower1": 0.37863269448280334,
                "middle": 0.7724146842956543,
                "upper": 5.543225288391113,
                "gamma": 0.09961572289466858
              }
            ],
            [
              [
                1,
                11,
                38
              ],
              {
                "baseline_epsilon": 2.4930734634399414,
                "injected_epsilon": 2.493072509765625,
                "epsilon_diff": -9.5367431640625e-07,
                "abs_diff": 9.5367431640625e-07
              },
              {
                "lower1": 0.609020471572876,
                "middle": 1.2994837760925293,
                "upper": 2.6016061305999756,
                "gamma": 0.16600188612937927
              }
            ],
            [
              [
                1,
                11,
                46
              ],
              {
                "baseline_epsilon": 3.029102087020874,
                "injected_epsilon": 3.0291011333465576,
                "epsilon_diff": -9.5367431640625e-07,
                "abs_diff": 9.5367431640625e-07
              },
              {
                "lower1": 0.8338522911071777,
                "middle": 1.8465052843093872,
                "upper": 3.131071090698242,
                "gamma": 0.2362382858991623
              }
            ],
            [
              [
                1,
                11,
                50
              ],
              {
                "baseline_epsilon": 3.361027956008911,
                "injected_epsilon": 3.3610270023345947,
                "epsilon_diff": -9.5367431640625e-07,
                "abs_diff": 9.5367431640625e-07
              },
              {
                "lower1": 0.8037352561950684,
                "middle": 1.7683676481246948,
                "upper": 3.467742681503296,
                "gamma": 0.22646886110305786
              }
            ],
            [
              [
                1,
                1,
                14
              ],
              {
                "baseline_epsilon": 2.131226062774658,
                "injected_epsilon": 2.131225109100342,
                "epsilon_diff": -9.5367431640625e-07,
                "abs_diff": 9.5367431640625e-07
              },
              {
                "lower1": 0.013550378382205963,
                "middle": 0.026591740548610687,
                "upper": 2.1712265014648438,
                "gamma": 0.0033933520317077637
              }
            ],
            [
              [
                1,
                6,
                7
              ],
              {
                "baseline_epsilon": 5.764826774597168,
                "injected_epsilon": 5.764827728271484,
                "epsilon_diff": 9.5367431640625e-07,
                "abs_diff": 9.5367431640625e-07
              },
              {
                "lower1": 0.44806796312332153,
                "middle": 0.9214057326316833,
                "upper": 6.147372245788574,
                "gamma": 0.11910116672515869
              }
            ],
            [
              [
                0,
                11,
                49
              ],
              {
                "baseline_epsilon": 1.0245327949523926,
                "injected_epsilon": 1.0245318412780762,
                "epsilon_diff": -9.5367431640625e-07,
                "abs_diff": 9.5367431640625e-07
              },
              {
                "lower1": 0.009007778950035572,
                "middle": 0.017713993787765503,
                "upper": 1.1035449504852295,
                "gamma": 0.002254486083984375
              }
            ],
            [
              [
                1,
                0,
                56
              ],
              {
                "baseline_epsilon": 6.186623573303223,
                "injected_epsilon": 6.186624526977539,
                "epsilon_diff": 9.5367431640625e-07,
                "abs_diff": 9.5367431640625e-07
              },
              {
                "lower1": 0.8835196495056152,
                "middle": 1.950838565826416,
                "upper": 6.546557903289795,
                "gamma": 0.2526196539402008
              }
            ],
            [
              [
                0,
                3,
                45
              ],
              {
                "baseline_epsilon": 1.6909054517745972,
                "injected_epsilon": 1.6909046173095703,
                "epsilon_diff": -8.344650268554688e-07,
                "abs_diff": 8.344650268554688e-07
              },
              {
                "lower1": 0.25325796008110046,
                "middle": 0.513486921787262,
                "upper": 1.774399757385254,
                "gamma": 0.06545595824718475
              }
            ],
            [
              [
                0,
                3,
                16
              ],
              {
                "baseline_epsilon": 0.5319523811340332,
                "injected_epsilon": 0.5319515466690063,
                "epsilon_diff": -8.344650268554688e-07,