{
  "exp_id": "gpt2_comprehensive_sweep_seed=0_injection_layers=[9]_injection_bit=24_injection_location=k_injection_idx=(1, 6, 32, 1)",
  "num_runs": 1,
  "timestamp": "2025-12-12T07:17:16.564729",
  "baseline_loss": {
    "mean": 8.462052345275879,
    "std": 0.0,
    "min": 8.462052345275879,
    "max": 8.462052345275879
  },
  "injected_loss": {
    "mean": 8.462039947509766,
    "std": 0.0,
    "min": 8.462039947509766,
    "max": 8.462039947509766
  },
  "loss_diff": {
    "mean": -1.239776611328125e-05,
    "std": 0.0,
    "min": -1.239776611328125e-05,
    "max": -1.239776611328125e-05
  },
  "violation_detection": {
    "detection_rate": 0.0,
    "total_violations": 0,
    "avg_violations_per_run": 0.0
  }
}