{
  "exp_id": "gpt2_comprehensive_sweep_seed=3407_injection_layers=[9]_injection_bit=4_injection_location=k_injection_idx=(0, 3, 53, 43)",
  "run_id": 0,
  "timestamp": "2025-12-12T07:04:32.336486",
  "baseline_loss": 13.721663475036621,
  "injected_loss": 13.721664428710938,
  "loss_diff": 9.5367431640625e-07,
  "bounds_valid": null,
  "violation_detected": false,
  "num_violations": 0,
  "violation_positions": [],
  "baseline_epsilon_stats": {
    "9": {
      "epsilon_mean": 10.922141075134277,
      "epsilon_std": 4.307835578918457,
      "lower_mean": 1.0468783378601074,
      "upper_mean": 16.82538414001465,
      "gamma_mean": 2.1429390907287598
    }
  },
  "injected_epsilon_stats": null,
  "injection_info": {
    "location": "k",
    "idx": [
      0,
      3,
      53,
      43
    ],
    "bit": 4,
    "enabled": true,
    "multi_bit": false,
    "bit_list": null,
    "random_position": false,
    "injection_rate": 0.0
  },
  "extra_data": {
    "epsilon_analysis": [
      {
        "layer_idx": 9,
        "analysis": {
          "mean_diff": 6.208817460162663e-09,
          "std_diff": 2.230063103070279e-07,
          "max_abs_diff": 7.62939453125e-06,
          "top_changes": [
            [
              [
                0,
                3,
                3
              ],
              {
                "baseline_epsilon": 5.7205352783203125,
                "injected_epsilon": 5.720542907714844,
                "epsilon_diff": 7.62939453125e-06,
                "abs_diff": 7.62939453125e-06
              },
              {
                "lower1": 0.2070894092321396,
                "middle": 0.3933897614479065,
                "upper": 18.457042694091797,
                "gamma": 0.05318641662597656
              }
            ],
            [
              [
                0,
                3,
                33
              ],
              {
                "baseline_epsilon": 6.920074462890625,
                "injected_epsilon": 6.920078277587891,
                "epsilon_diff": 3.814697265625e-06,
                "abs_diff": 3.814697265625e-06
              },
              {
                "lower1": 0.831388533115387,
                "middle": 1.4843502044677734,
                "upper": 18.457042694091797,
                "gamma": 0.23543453216552734
              }
            ],
            [
              [
                0,
                3,
                57
              ],
              {
                "baseline_epsilon": 7.1902055740356445,
                "injected_epsilon": 7.190203666687012,
                "epsilon_diff": -1.9073486328125e-06,
                "abs_diff": 1.9073486328125e-06
              },
              {
                "lower1": 0.9970396757125854,
                "middle": 1.7952909469604492,
                "upper": 18.457042694091797,
                "gamma": 0.2914266586303711
              }
            ]
          ]
        }
      }
    ],
    "performance": {
      "time": {
        "total_time": 0.018929719924926758,
        "baseline_forward_time": 0.007256507873535156,
        "injection_forward_time": 0.006667137145996094,
        "bounds_computation_time": 0.000759124755859375,
        "violation_detection_time": 0.0016727447509765625
      },
      "memory": {
        "peak_memory_allocated_mb": 1279.1689453125,
        "peak_memory_reserved_mb": 1874.0,
        "baseline_memory_mb": 1219.97216796875,
        "injection_memory_mb": 1279.1689453125
      },
      "compute": {
        "num_attention_layers": 12,
        "num_attention_heads": 12,
        "sequence_length": 64,
        "batch_size": 2,
        "attention_flops": 0.0,
        "bounds_flops": 0.0
      },
      "extra": {}
    }
  }
}