{
  "exp_id": "gpt2_comprehensive_sweep_seed=3407_injection_layers=[0]_injection_bit=27_injection_location=scores_injection_idx=(1, 6, 32, 1)",
  "run_id": 0,
  "timestamp": "2025-10-14T20:39:49.983178",
  "baseline_loss": 10.27547836303711,
  "injected_loss": 10.275474548339844,
  "loss_diff": -3.814697265625e-06,
  "bounds_valid": null,
  "violation_detected": false,
  "num_violations": 0,
  "violation_positions": [],
  "baseline_epsilon_stats": {
    "0": {
      "epsilon_mean": 1.9825315475463867,
      "epsilon_std": 1.6013407707214355,
      "lower_mean": 0.3287202715873718,
      "upper_mean": 2.0460193157196045,
      "gamma_mean": 0.0896625965833664
    }
  },
  "injected_epsilon_stats": null,
  "injection_info": {
    "location": "scores",
    "idx": [
      1,
      6,
      32,
      1
    ],
    "bit": 27,
    "enabled": true,
    "multi_bit": false,
    "bit_list": null,
    "random_position": false,
    "injection_rate": 0.0
  },
  "extra_data": {
    "epsilon_analysis": [
      {
        "layer_idx": 0,
        "analysis": {
          "mean_diff": -3.471970558166504e-06,
          "std_diff": 0.000136072892928496,
          "max_abs_diff": 0.00533294677734375,
          "top_changes": [
            [
              [
                1,
                6,
                32
              ],
              {
                "baseline_epsilon": 2.860581398010254,
                "injected_epsilon": 2.85524845123291,
                "epsilon_diff": -0.00533294677734375,
                "abs_diff": 0.00533294677734375
              },
              {
                "lower1": 0.42157915234565735,
                "middle": 0.8729342818260193,
                "upper": 2.9041638374328613,
                "gamma": 0.1116175651550293
              }
            ]
          ]
        }
      }
    ],
    "performance": {
      "time": {
        "total_time": 0.018858909606933594,
        "baseline_forward_time": 0.007003307342529297,
        "injection_forward_time": 0.006491422653198242,
        "bounds_computation_time": 0.0008401870727539062,
        "violation_detection_time": 0.0019352436065673828
      },
      "memory": {
        "peak_memory_allocated_mb": 1288.18115234375,
        "peak_memory_reserved_mb": 1718.0,
        "baseline_memory_mb": 1228.984375,
        "injection_memory_mb": 1288.18115234375
      },
      "compute": {
        "num_attention_layers": 12,
        "num_attention_heads": 12,
        "sequence_length": 64,
        "batch_size": 2,
        "attention_flops": 0.0,
        "bounds_flops": 0.0
      },
      "extra": {}
    }
  }
}