{
  "exp_id": "gpt2_comprehensive_sweep_seed=3407_injection_layers=[3]_injection_bit=21_injection_location=weights_injection_idx=(0, 0, 10, 20)",
  "num_runs": 1,
  "timestamp": "2025-12-12T07:43:12.146237",
  "baseline_loss": {
    "mean": 8.997109413146973,
    "std": 0.0,
    "min": 8.997109413146973,
    "max": 8.997109413146973
  },
  "injected_loss": {
    "mean": 8.99715518951416,
    "std": 0.0,
    "min": 8.99715518951416,
    "max": 8.99715518951416
  },
  "loss_diff": {
    "mean": 4.57763671875e-05,
    "std": 0.0,
    "min": 4.57763671875e-05,
    "max": 4.57763671875e-05
  },
  "violation_detection": {
    "detection_rate": 0.0,
    "total_violations": 0,
    "avg_violations_per_run": 0.0
  }
}