{
  "exp_id": "gpt2_comprehensive_sweep_seed=3407_injection_layers=[6]_injection_bit=23_injection_location=scores_injection_idx=(0, 0, 10, 20)",
  "num_runs": 1,
  "timestamp": "2025-12-12T07:43:38.186565",
  "baseline_loss": {
    "mean": 8.564264297485352,
    "std": 0.0,
    "min": 8.564264297485352,
    "max": 8.564264297485352
  },
  "injected_loss": {
    "mean": 8.564297676086426,
    "std": 0.0,
    "min": 8.564297676086426,
    "max": 8.564297676086426
  },
  "loss_diff": {
    "mean": 3.337860107421875e-05,
    "std": 0.0,
    "min": 3.337860107421875e-05,
    "max": 3.337860107421875e-05
  },
  "violation_detection": {
    "detection_rate": 1.0,
    "total_violations": 1,
    "avg_violations_per_run": 1.0
  }
}