{
  "exp_id": "gpt2_comprehensive_sweep_seed=42_injection_layers=[3]_injection_bit=31_injection_location=q_injection_idx=(0, 3, 53, 43)",
  "num_runs": 1,
  "timestamp": "2025-12-12T07:01:08.465303",
  "baseline_loss": {
    "mean": 13.791720390319824,
    "std": 0.0,
    "min": 13.791720390319824,
    "max": 13.791720390319824
  },
  "injected_loss": {
    "mean": 13.791794776916504,
    "std": 0.0,
    "min": 13.791794776916504,
    "max": 13.791794776916504
  },
  "loss_diff": {
    "mean": 7.43865966796875e-05,
    "std": 0.0,
    "min": 7.43865966796875e-05,
    "max": 7.43865966796875e-05
  },
  "violation_detection": {
    "detection_rate": 1.0,
    "total_violations": 1,
    "avg_violations_per_run": 1.0
  }
}