{
  "exp_id": "gpt2_comprehensive_sweep_seed=42_injection_layers=[6]_injection_bit=31_injection_location=q_injection_idx=(0, 3, 53, 43)",
  "num_runs": 1,
  "timestamp": "2025-10-14T18:17:54.308065",
  "baseline_loss": {
    "mean": 8.564263343811035,
    "std": 0.0,
    "min": 8.564263343811035,
    "max": 8.564263343811035
  },
  "injected_loss": {
    "mean": 8.564276695251465,
    "std": 0.0,
    "min": 8.564276695251465,
    "max": 8.564276695251465
  },
  "loss_diff": {
    "mean": 1.33514404296875e-05,
    "std": 0.0,
    "min": 1.33514404296875e-05,
    "max": 1.33514404296875e-05
  },
  "violation_detection": {
    "detection_rate": 1.0,
    "total_violations": 1,
    "avg_violations_per_run": 1.0
  }
}