{
  "exp_id": "gpt2_comprehensive_sweep_seed=42_injection_layers=[9]_injection_bit=7_injection_location=k_injection_idx=(0, 0, 10, 20)",
  "run_id": 0,
  "timestamp": "2025-10-14T17:41:14.244110",
  "baseline_loss": 13.721664428710938,
  "injected_loss": 13.721664428710938,
  "loss_diff": 0.0,
  "bounds_valid": null,
  "violation_detected": false,
  "num_violations": 0,
  "violation_positions": [],
  "baseline_epsilon_stats": {
    "9": {
      "epsilon_mean": 10.922141075134277,
      "epsilon_std": 4.307835578918457,
      "lower_mean": 1.0468783378601074,
      "upper_mean": 16.82538414001465,
      "gamma_mean": 2.1429390907287598
    }
  },
  "injected_epsilon_stats": null,
  "injection_info": {
    "location": "k",
    "idx": [
      0,
      0,
      10,
      20
    ],
    "bit": 7,
    "enabled": true,
    "multi_bit": false,
    "bit_list": null,
    "random_position": false,
    "injection_rate": 0.0
  },
  "extra_data": {
    "epsilon_analysis": [
      {
        "layer_idx": 9,
        "analysis": {
          "mean_diff": -6.208817349140361e-10,
          "std_diff": 2.4333493442441068e-08,
          "max_abs_diff": 9.5367431640625e-07,
          "top_changes": [
            [
              [
                0,
                0,
                8
              ],
              {
                "baseline_epsilon": 10.878263473510742,
                "injected_epsilon": 10.878262519836426,
                "epsilon_diff": -9.5367431640625e-07,
                "abs_diff": 9.5367431640625e-07
              },
              {
                "lower1": 1.8371888399124146,
                "middle": 4.9545111656188965,
                "upper": 18.457042694091797,
                "gamma": 0.6854023933410645
              }
            ]
          ]
        }
      }
    ],
    "performance": {
      "time": {
        "total_time": 0.018377304077148438,
        "baseline_forward_time": 0.007016181945800781,
        "injection_forward_time": 0.0066030025482177734,
        "bounds_computation_time": 0.00077056884765625,
        "violation_detection_time": 0.001443624496459961
      },
      "memory": {
        "peak_memory_allocated_mb": 1208.83349609375,
        "peak_memory_reserved_mb": 1632.0,
        "baseline_memory_mb": 1149.63671875,
        "injection_memory_mb": 1208.83349609375
      },
      "compute": {
        "num_attention_layers": 12,
        "num_attention_heads": 12,
        "sequence_length": 64,
        "batch_size": 2,
        "attention_flops": 0.0,
        "bounds_flops": 0.0
      },
      "extra": {}
    }
  }
}