{
  "exp_id": "gpt2_comprehensive_sweep_seed=0_injection_layers=[9]_injection_bit=14_injection_location=k_injection_idx=(0, 3, 53, 43)",
  "run_id": 0,
  "timestamp": "2025-12-12T07:38:00.120581",
  "baseline_loss": 8.462052345275879,
  "injected_loss": 8.462051391601562,
  "loss_diff": -9.5367431640625e-07,
  "bounds_valid": null,
  "violation_detected": false,
  "num_violations": 0,
  "violation_positions": [],
  "baseline_epsilon_stats": {
    "9": {
      "epsilon_mean": 6.7392191886901855,
      "epsilon_std": 4.8921427726745605,
      "lower_mean": 0.5418864488601685,
      "upper_mean": 9.379467010498047,
      "gamma_mean": 0.2731764018535614
    }
  },
  "injected_epsilon_stats": null,
  "injection_info": {
    "location": "k",
    "idx": [
      0,
      3,
      53,
      43
    ],
    "bit": 14,
    "enabled": true,
    "multi_bit": false,
    "bit_list": null,
    "random_position": false,
    "injection_rate": 0.0
  },
  "extra_data": {
    "epsilon_analysis": [
      {
        "layer_idx": 9,
        "analysis": {
          "mean_diff": 3.7233502325761947e-07,
          "std_diff": 2.6044942842418095e-06,
          "max_abs_diff": 1.9073486328125e-05,
          "top_changes": [
            [
              [
                0,
                3,
                9
              ],
              {
                "baseline_epsilon": 5.105859756469727,
                "injected_epsilon": 5.105878829956055,
                "epsilon_diff": 1.9073486328125e-05,
                "abs_diff": 1.9073486328125e-05
              },
              {
                "lower1": 0.042122796177864075,
                "middle": 0.08187147974967957,
                "upper": 7.255491256713867,
                "gamma": 0.010586738586425781
              }
            ],
            [
              [
                0,
                3,
                6
              ],
              {
                "baseline_epsilon": 5.249170303344727,
                "injected_epsilon": 5.249187469482422,
                "epsilon_diff": 1.71661376953125e-05,
                "abs_diff": 1.71661376953125e-05
              },
              {
                "lower1": 0.05419044569134712,
                "middle": 0.10541005432605743,
                "upper": 7.417875289916992,
                "gamma": 0.013640642166137695
              }
            ],
            [
              [
                0,
                3,
                20
              ],
              {
                "baseline_epsilon": 4.484155654907227,
                "injected_epsilon": 4.484170913696289,
                "epsilon_diff": 1.52587890625e-05,
                "abs_diff": 1.52587890625e-05
              },
              {
                "lower1": 0.016216648742556572,
                "middle": 0.03152227774262428,
                "upper": 6.236623764038086,
                "gamma": 0.0040624141693115234
              }
            ],
            [
              [
                0,
                3,
                7
              ],
              {
                "baseline_epsilon": 5.238216400146484,
                "injected_epsilon": 5.238229751586914,
                "epsilon_diff": 1.33514404296875e-05,
                "abs_diff": 1.33514404296875e-05
              },
              {
                "lower1": 0.04909905418753624,
                "middle": 0.09544472396373749,
                "upper": 7.445779800415039,
                "gamma": 0.012351036071777344
              }
            ],
            [
              [
                0,
                3,
                32
              ],
              {
                "baseline_epsilon": 4.476840972900391,
                "injected_epsilon": 4.47685432434082,
                "epsilon_diff": 1.33514404296875e-05,
                "abs_diff": 1.33514404296875e-05
              },
              {
                "lower1": 0.051011573523283005,
                "middle": 0.0996202677488327,
                "upper": 6.090930938720703,
                "gamma": 0.012835264205932617
              }
            ],
            [
              [
                0,
                3,
                5
              ],
              {
                "baseline_epsilon": 5.121498107910156,
                "injected_epsilon": 5.121511459350586,
                "epsilon_diff": 1.33514404296875e-05,
                "abs_diff": 1.33514404296875e-05
              },
              {
                "lower1": 0.043292660266160965,
                "middle": 0.08416850864887238,
                "upper": 7.107784271240234,
                "gamma": 0.010882377624511719
              }
            ],
            [
              [
                0,
                3,
                24
              ],
              {
                "baseline_epsilon": 4.419431686401367,
                "injected_epsilon": 4.419445037841797,
                "epsilon_diff": 1.33514404296875e-05,
                "abs_diff": 1.33514404296875e-05
              },
              {
                "lower1": 0.005939835216850042,
                "middle": 0.011535285040736198,
                "upper": 6.1068878173828125,
                "gamma": 0.001486063003540039
              }
            ],
            [
              [
                0,
                3,
                48
              ],
              {
                "baseline_epsilon": 4.736879348754883,
                "injected_epsilon": 4.7368927001953125,
                "epsilon_diff": 1.33514404296875e-05,
                "abs_diff": 1.33514404296875e-05
              },
              {
                "lower1": 0.01906123012304306,
                "middle": 0.03704071417450905,
                "upper": 6.257530212402344,
                "gamma": 0.004776716232299805
              }
            ],
            [
              [
                0,
                3,
                37
              ],
              {
                "baseline_epsilon": 4.5429229736328125,
                "injected_epsilon": 4.542934417724609,
                "epsilon_diff": 1.1444091796875e-05,
                "abs_diff": 1.1444091796875e-05
              },
              {
                "lower1": 0.0635613352060318,
                "middle": 0.124301016330719,
                "upper": 6.124692916870117,
                "gamma": 0.01601862907409668
              }
            ],
            [
              [
                0,
                3,
                36
              ],
              {
                "baseline_epsilon": 4.529232025146484,
                "injected_epsilon": 4.529243469238281,
                "epsilon_diff": 1.1444091796875e-05,
                "abs_diff": 1.1444091796875e-05
              },
              {
                "lower1": 0.07162877172231674,
                "middle": 0.1402292400598526,
                "upper": 6.116764068603516,
                "gamma": 0.018070459365844727
              }
            ],
            [
              [
                0,
                3,
                23
              ],
              {
                "baseline_epsilon": 4.424497604370117,
                "injected_epsilon": 4.424509048461914,
                "epsilon_diff": 1.1444091796875e-05,
                "abs_diff": 1.1444091796875e-05
              },
              {
                "lower1": 0.00026415905449539423,
                "middle": 0.000512615020852536,
                "upper": 6.127138137817383,
                "gamma": 6.604194641113281e-05
              }
            ],
            [
              [
                0,
                3,
                28
              ],
              {
                "baseline_epsilon": 4.43541145324707,
                "injected_epsilon": 4.435422897338867,
                "epsilon_diff": 1.1444091796875e-05,