{
  "exp_id": "gpt2_comprehensive_sweep_seed=123_injection_layers=[9]_injection_bit=25_injection_location=q_injection_idx=(1, 9, 31, 62)",
  "num_runs": 1,
  "timestamp": "2025-12-12T07:42:22.527094",
  "baseline_loss": {
    "mean": 8.462052345275879,
    "std": 0.0,
    "min": 8.462052345275879,
    "max": 8.462052345275879
  },
  "injected_loss": {
    "mean": 8.462082862854004,
    "std": 0.0,
    "min": 8.462082862854004,
    "max": 8.462082862854004
  },
  "loss_diff": {
    "mean": 3.0517578125e-05,
    "std": 0.0,
    "min": 3.0517578125e-05,
    "max": 3.0517578125e-05
  },
  "violation_detection": {
    "detection_rate": 1.0,
    "total_violations": 2,
    "avg_violations_per_run": 2.0
  }
}