{
  "exp_id": "gpt2_comprehensive_sweep_seed=3407_injection_layers=[3]_injection_bit=30_injection_location=weights_injection_idx=(1, 6, 32, 1)",
  "num_runs": 1,
  "timestamp": "2025-10-14T18:28:36.212306",
  "baseline_loss": {
    "mean": 8.997108459472656,
    "std": 0.0,
    "min": 8.997108459472656,
    "max": 8.997108459472656
  },
  "injected_loss": {
    "mean": 8.998893737792969,
    "std": 0.0,
    "min": 8.998893737792969,
    "max": 8.998893737792969
  },
  "loss_diff": {
    "mean": 0.0017852783203125,
    "std": 0.0,
    "min": 0.0017852783203125,
    "max": 0.0017852783203125
  },
  "violation_detection": {
    "detection_rate": 1.0,
    "total_violations": 1,
    "avg_violations_per_run": 1.0
  }
}