{
  "exp_id": "gpt2_comprehensive_sweep_seed=0_injection_layers=[0]_injection_bit=25_injection_location=q_injection_idx=(0, 0, 10, 20)",
  "run_id": 0,
  "timestamp": "2025-12-12T06:59:13.240321",
  "baseline_loss": 13.588921546936035,
  "injected_loss": 13.588919639587402,
  "loss_diff": -1.9073486328125e-06,
  "bounds_valid": null,
  "violation_detected": false,
  "num_violations": 0,
  "violation_positions": [],
  "baseline_epsilon_stats": {
    "0": {
      "epsilon_mean": 4.467039108276367,
      "epsilon_std": 2.3451578617095947,
      "lower_mean": 0.39254388213157654,
      "upper_mean": 9.511073112487793,
      "gamma_mean": 0.164742574095726
    }
  },
  "injected_epsilon_stats": null,
  "injection_info": {
    "location": "q",
    "idx": [
      0,
      0,
      10,
      20
    ],
    "bit": 25,
    "enabled": true,
    "multi_bit": false,
    "bit_list": null,
    "random_position": false,
    "injection_rate": 0.0
  },
  "extra_data": {
    "epsilon_analysis": [
      {
        "layer_idx": 0,
        "analysis": {
          "mean_diff": 1.486949622631073e-05,
          "std_diff": 0.0005827628774568439,
          "max_abs_diff": 0.02283954620361328,
          "top_changes": [
            [
              [
                0,
                0,
                10
              ],
              {
                "baseline_epsilon": 2.523094415664673,
                "injected_epsilon": 2.545933961868286,
                "epsilon_diff": 0.02283954620361328,
                "abs_diff": 0.02283954620361328
              },
              {
                "lower1": 0.0240748580545187,
                "middle": 0.04720572009682655,
                "upper": 3.395707607269287,
                "gamma": 0.006036937236785889
              }
            ]
          ]
        }
      }
    ],
    "performance": {
      "time": {
        "total_time": 0.018533706665039062,
        "baseline_forward_time": 0.007223606109619141,
        "injection_forward_time": 0.006564140319824219,
        "bounds_computation_time": 0.0007376670837402344,
        "violation_detection_time": 0.00144195556640625
      },
      "memory": {
        "peak_memory_allocated_mb": 1519.4619140625,
        "peak_memory_reserved_mb": 1720.0,
        "baseline_memory_mb": 1460.26513671875,
        "injection_memory_mb": 1519.4619140625
      },
      "compute": {
        "num_attention_layers": 12,
        "num_attention_heads": 12,
        "sequence_length": 64,
        "batch_size": 2,
        "attention_flops": 0.0,
        "bounds_flops": 0.0
      },
      "extra": {}
    }
  }
}