{
  "exp_id": "gpt2_comprehensive_sweep_seed=123_injection_layers=[0]_injection_bit=24_injection_location=k_injection_idx=(1, 9, 31, 62)",
  "num_runs": 1,
  "timestamp": "2025-12-12T07:02:09.680854",
  "baseline_loss": {
    "mean": 13.588921546936035,
    "std": 0.0,
    "min": 13.588921546936035,
    "max": 13.588921546936035
  },
  "injected_loss": {
    "mean": 13.588919639587402,
    "std": 0.0,
    "min": 13.588919639587402,
    "max": 13.588919639587402
  },
  "loss_diff": {
    "mean": -1.9073486328125e-06,
    "std": 0.0,
    "min": -1.9073486328125e-06,
    "max": -1.9073486328125e-06
  },
  "violation_detection": {
    "detection_rate": 0.0,
    "total_violations": 0,
    "avg_violations_per_run": 0.0
  }
}