{
  "exp_id": "gpt2_comprehensive_sweep_seed=0_injection_layers=[9]_injection_bit=23_injection_location=scores_injection_idx=(0, 0, 10, 20)",
  "num_runs": 1,
  "timestamp": "2025-12-12T07:08:00.897974",
  "baseline_loss": {
    "mean": 8.462052345275879,
    "std": 0.0,
    "min": 8.462052345275879,
    "max": 8.462052345275879
  },
  "injected_loss": {
    "mean": 8.462065696716309,
    "std": 0.0,
    "min": 8.462065696716309,
    "max": 8.462065696716309
  },
  "loss_diff": {
    "mean": 1.33514404296875e-05,
    "std": 0.0,
    "min": 1.33514404296875e-05,
    "max": 1.33514404296875e-05
  },
  "violation_detection": {
    "detection_rate": 1.0,
    "total_violations": 1,
    "avg_violations_per_run": 1.0
  }
}