{
  "exp_id": "gpt2_comprehensive_sweep_seed=0_injection_layers=[3]_injection_bit=24_injection_location=q_injection_idx=(0, 3, 53, 43)",
  "run_id": 0,
  "timestamp": "2025-12-12T07:07:17.556904",
  "baseline_loss": 8.997109413146973,
  "injected_loss": 8.99710750579834,
  "loss_diff": -1.9073486328125e-06,
  "bounds_valid": null,
  "violation_detected": true,
  "num_violations": 1,
  "violation_positions": [
    [
      3,
      [
        0,
        3,
        53
      ]
    ]
  ],
  "baseline_epsilon_stats": {
    "3": {
      "epsilon_mean": 4.6995015144348145,
      "epsilon_std": 4.219686031341553,
      "lower_mean": 0.4203936457633972,
      "upper_mean": 5.6145782470703125,
      "gamma_mean": 0.16137349605560303
    }
  },
  "injected_epsilon_stats": null,
  "injection_info": {
    "location": "q",
    "idx": [
      0,
      3,
      53,
      43
    ],
    "bit": 24,
    "enabled": true,
    "multi_bit": false,
    "bit_list": null,
    "random_position": false,
    "injection_rate": 0.0
  },
  "extra_data": {
    "epsilon_analysis": [
      {
        "layer_idx": 3,
        "analysis": {
          "mean_diff": 9.941558528225869e-05,
          "std_diff": 0.003896279027685523,
          "max_abs_diff": 0.15270233154296875,
          "top_changes": [
            [
              [
                0,
                3,
                53
              ],
              {
                "baseline_epsilon": 0.598240852355957,
                "injected_epsilon": 0.7509431838989258,
                "epsilon_diff": 0.15270233154296875,
                "abs_diff": 0.15270233154296875
              },
              {
                "lower1": 0.008363306522369385,
                "middle": 0.01645989529788494,
                "upper": 0.7396883964538574,
                "gamma": 0.002093017101287842
              }
            ]
          ]
        }
      }
    ],
    "performance": {
      "time": {
        "total_time": 0.019423246383666992,
        "baseline_forward_time": 0.007464885711669922,
        "injection_forward_time": 0.006998777389526367,
        "bounds_computation_time": 0.0007798671722412109,
        "violation_detection_time": 0.0015537738800048828
      },
      "memory": {
        "peak_memory_allocated_mb": 1149.01025390625,
        "peak_memory_reserved_mb": 1720.0,
        "baseline_memory_mb": 1089.8134765625,
        "injection_memory_mb": 1149.01025390625
      },
      "compute": {
        "num_attention_layers": 12,
        "num_attention_heads": 12,
        "sequence_length": 64,
        "batch_size": 2,
        "attention_flops": 0.0,
        "bounds_flops": 0.0
      },
      "extra": {}
    }
  }
}