{
  "exp_id": "gpt2_comprehensive_sweep_seed=0_injection_layers=[3]_injection_bit=21_injection_location=weights_injection_idx=(1, 9, 31, 62)",
  "num_runs": 1,
  "timestamp": "2025-12-12T06:59:33.033606",
  "baseline_loss": {
    "mean": 13.791720390319824,
    "std": 0.0,
    "min": 13.791720390319824,
    "max": 13.791720390319824
  },
  "injected_loss": {
    "mean": 13.791701316833496,
    "std": 0.0,
    "min": 13.791701316833496,
    "max": 13.791701316833496
  },
  "loss_diff": {
    "mean": -1.9073486328125e-05,
    "std": 0.0,
    "min": -1.9073486328125e-05,
    "max": -1.9073486328125e-05
  },
  "violation_detection": {
    "detection_rate": 0.0,
    "total_violations": 0,
    "avg_violations_per_run": 0.0
  }
}