{
  "exp_id": "gpt2_comprehensive_sweep_seed=123_injection_layers=[3]_injection_bit=17_injection_location=weights_injection_idx=(1, 9, 31, 62)",
  "run_id": 0,
  "timestamp": "2025-10-14T18:13:05.558238",
  "baseline_loss": 13.791719436645508,
  "injected_loss": 13.791715621948242,
  "loss_diff": -3.814697265625e-06,
  "bounds_valid": null,
  "violation_detected": false,
  "num_violations": 0,
  "violation_positions": [],
  "baseline_epsilon_stats": {
    "3": {
      "epsilon_mean": 6.302740097045898,
      "epsilon_std": 2.23594331741333,
      "lower_mean": 0.9555976390838623,
      "upper_mean": 17.05971336364746,
      "gamma_mean": 1.0718344449996948
    }
  },
  "injected_epsilon_stats": null,
  "injection_info": {
    "location": "weights",
    "idx": [
      1,
      9,
      31,
      62
    ],
    "bit": 17,
    "enabled": true,
    "multi_bit": false,
    "bit_list": null,
    "random_position": false,
    "injection_rate": 0.0
  },
  "extra_data": {
    "epsilon_analysis": [
      {
        "layer_idx": 3,
        "analysis": {
          "mean_diff": -8.877118671080098e-05,
          "std_diff": 0.0034791056532412767,
          "max_abs_diff": 0.1363525390625,
          "top_changes": [
            [
              [
                1,
                9,
                31
              ],
              {
                "baseline_epsilon": 6.732818603515625,
                "injected_epsilon": 6.596466064453125,
                "epsilon_diff": -0.1363525390625,
                "abs_diff": 0.1363525390625
              },
              {
                "lower1": 0.9584139585494995,
                "middle": 1.6730202436447144,
                "upper": 18.457042694091797,
                "gamma": 0.2779979705810547
              }
            ]
          ]
        }
      }
    ],
    "performance": {
      "time": {
        "total_time": 0.018239259719848633,
        "baseline_forward_time": 0.006964206695556641,
        "injection_forward_time": 0.006548166275024414,
        "bounds_computation_time": 0.0007658004760742188,
        "violation_detection_time": 0.001425027847290039
      },
      "memory": {
        "peak_memory_allocated_mb": 1428.35205078125,
        "peak_memory_reserved_mb": 1718.0,
        "baseline_memory_mb": 1369.1552734375,
        "injection_memory_mb": 1428.35205078125
      },
      "compute": {
        "num_attention_layers": 12,
        "num_attention_heads": 12,
        "sequence_length": 64,
        "batch_size": 2,
        "attention_flops": 0.0,
        "bounds_flops": 0.0
      },
      "extra": {}
    }
  }
}