{
  "exp_id": "gpt2_comprehensive_sweep_seed=3407_injection_layers=[9]_injection_bit=25_injection_location=weights_injection_idx=(0, 3, 53, 43)",
  "num_runs": 1,
  "timestamp": "2025-10-14T18:16:23.541576",
  "baseline_loss": {
    "mean": 8.462053298950195,
    "std": 0.0,
    "min": 8.462053298950195,
    "max": 8.462053298950195
  },
  "injected_loss": {
    "mean": 8.462185859680176,
    "std": 0.0,
    "min": 8.462185859680176,
    "max": 8.462185859680176
  },
  "loss_diff": {
    "mean": 0.00013256072998046875,
    "std": 0.0,
    "min": 0.00013256072998046875,
    "max": 0.00013256072998046875
  },
  "violation_detection": {
    "detection_rate": 0.0,
    "total_violations": 0,
    "avg_violations_per_run": 0.0
  }
}