{
  "exp_id": "gpt2_comprehensive_sweep_seed=3407_injection_layers=[9]_injection_bit=19_injection_location=k_injection_idx=(1, 6, 32, 1)",
  "run_id": 0,
  "timestamp": "2025-12-12T07:13:43.604024",
  "baseline_loss": 8.462052345275879,
  "injected_loss": 8.462052345275879,
  "loss_diff": 0.0,
  "bounds_valid": null,
  "violation_detected": false,
  "num_violations": 0,
  "violation_positions": [],
  "baseline_epsilon_stats": {
    "9": {
      "epsilon_mean": 6.7392191886901855,
      "epsilon_std": 4.8921427726745605,
      "lower_mean": 0.5418864488601685,
      "upper_mean": 9.379467010498047,
      "gamma_mean": 0.2731764018535614
    }
  },
  "injected_epsilon_stats": null,
  "injection_info": {
    "location": "k",
    "idx": [
      1,
      6,
      32,
      1
    ],
    "bit": 19,
    "enabled": true,
    "multi_bit": false,
    "bit_list": null,
    "random_position": false,
    "injection_rate": 0.0
  },
  "extra_data": {
    "epsilon_analysis": [
      {
        "layer_idx": 9,
        "analysis": {
          "mean_diff": 2.2554071620106697e-05,
          "std_diff": 0.00011158060078741983,
          "max_abs_diff": 0.00083160400390625,
          "top_changes": [
            [
              [
                1,
                6,
                4
              ],
              {
                "baseline_epsilon": 2.6551408767700195,
                "injected_epsilon": 2.655972480773926,
                "epsilon_diff": 0.00083160400390625,
                "abs_diff": 0.00083160400390625
              },
              {
                "lower1": 0.555429995059967,
                "middle": 1.1730250120162964,
                "upper": 3.8138885498046875,
                "gamma": 0.1501016616821289
              }
            ],
            [
              [
                1,
                6,
                63
              ],
              {
                "baseline_epsilon": 1.9200401306152344,
                "injected_epsilon": 1.9207115173339844,
                "epsilon_diff": 0.00067138671875,
                "abs_diff": 0.00067138671875
              },
              {
                "lower1": 0.011925986036658287,
                "middle": 0.023271478712558746,
                "upper": 8.335205078125,
                "gamma": 0.0029859542846679688
              }
            ],
            [
              [
                1,
                6,
                61
              ],
              {
                "baseline_epsilon": 1.9048347473144531,
                "injected_epsilon": 1.9055023193359375,
                "epsilon_diff": 0.000667572021484375,
                "abs_diff": 0.000667572021484375
              },
              {
                "lower1": 0.011640726588666439,
                "middle": 0.022715015336871147,
                "upper": 8.339933395385742,
                "gamma": 0.0029144287109375
              }
            ],
            [
              [
                1,
                6,
                60
              ],
              {
                "baseline_epsilon": 1.8967094421386719,
                "injected_epsilon": 1.8973731994628906,
                "epsilon_diff": 0.00066375732421875,
                "abs_diff": 0.00066375732421875
              },
              {
                "lower1": 0.010362518951296806,
                "middle": 0.020218076184391975,
                "upper": 8.338756561279297,
                "gamma": 0.002593994140625
              }
            ],
            [
              [
                1,
                6,
                59
              ],
              {
                "baseline_epsilon": 1.8892250061035156,
                "injected_epsilon": 1.8898849487304688,
                "epsilon_diff": 0.000659942626953125,
                "abs_diff": 0.000659942626953125
              },
              {
                "lower1": 0.009249458089470863,
                "middle": 0.01804426498711109,
                "upper": 8.34196662902832,
                "gamma": 0.002315044403076172
              }
            ],
            [
              [
                1,
                6,
                58
              ],
              {
                "baseline_epsilon": 1.8811454772949219,
                "injected_epsilon": 1.881805419921875,
                "epsilon_diff": 0.000659942626953125,
                "abs_diff": 0.000659942626953125
              },
              {
                "lower1": 0.008010457269847393,
                "middle": 0.015625154599547386,
                "upper": 8.340435028076172,
                "gamma": 0.0020046234130859375
              }
            ],
            [
              [
                1,
                6,
                62
              ],
              {
                "baseline_epsilon": 1.9122772216796875,
                "injected_epsilon": 1.9129371643066406,
                "epsilon_diff": 0.000659942626953125,
                "abs_diff": 0.000659942626953125
              },
              {
                "lower1": 0.012272071093320847,
                "middle": 0.023948412388563156,
                "upper": 8.335441589355469,
                "gamma": 0.0030727386474609375
              }
            ],
            [
              [
                1,
                6,
                56
              ],
              {
                "baseline_epsilon": 1.8658256530761719,
                "injected_epsilon": 1.8664817810058594,
                "epsilon_diff": 0.0006561279296875,
                "abs_diff": 0.0006561279296875
              },
              {
                "lower1": 0.005716048646718264,
                "middle": 0.0111470278352499,
                "upper": 8.338150024414062,
                "gamma": 0.0014300346374511719
              }
            ],
            [
              [
                1,
                6,
                57
              ],
              {
                "baseline_epsilon": 1.8736839294433594,
                "injected_epsilon": 1.8743400573730469,
                "epsilon_diff": 0.0006561279296875,
                "abs_diff": 0.0006561279296875
              },
              {
                "lower1": 0.006925299763679504,
                "middle": 0.013506893068552017,
                "upper": 8.342529296875,
                "gamma": 0.0017328262329101562
              }
            ],
            [
              [
                1,
                6,
                54
              ],
              {
                "baseline_epsilon": 1.8498611450195312,
                "injected_epsilon": 1.8505134582519531,
                "epsilon_diff": 0.000652313232421875,
                "abs_diff": 0.000652313232421875
              },
              {
                "lower1": 0.0033536190167069435,
                "middle": 0.00653837202116847,
                "upper": 8.338417053222656,
                "gamma": 0.0008387565612792969
              }
            ],
            [
              [
                1,
                6,
                55
              ],
              {
                "baseline_epsilon": 1.8574562072753906,
                "injected_epsilon": 1.8581085205078125,
                "epsilon_diff": 0.000652313232421875,
                "abs_diff": 0.000652313232421875
              },
              {
                "lower1": 0.0044607059098780155,
                "middle": 0.008697808720171452,
                "upper": 8.337820053100586,
                "gamma": 0.0011157989501953125
              }
            ],
            [
              [
                1,
                6,
                52
              ],
              {
                "baseline_epsilon": 1.8340110778808594,
                "injected_epsilon": 1.8346595764160156,
                "epsilon_diff": 0.00064849853515625,