{
  "exp_id": "gpt2_comprehensive_sweep_seed=42_injection_layers=[6]_injection_bit=25_injection_location=q_injection_idx=(1, 6, 32, 1)",
  "num_runs": 1,
  "timestamp": "2025-12-12T07:18:36.684145",
  "baseline_loss": {
    "mean": 8.564264297485352,
    "std": 0.0,
    "min": 8.564264297485352,
    "max": 8.564264297485352
  },
  "injected_loss": {
    "mean": 8.564229965209961,
    "std": 0.0,
    "min": 8.564229965209961,
    "max": 8.564229965209961
  },
  "loss_diff": {
    "mean": -3.4332275390625e-05,
    "std": 0.0,
    "min": -3.4332275390625e-05,
    "max": -3.4332275390625e-05
  },
  "violation_detection": {
    "detection_rate": 0.0,
    "total_violations": 0,
    "avg_violations_per_run": 0.0
  }
}