{
  "exp_id": "gpt2_comprehensive_sweep_seed=42_injection_layers=[6]_injection_bit=28_injection_location=k_injection_idx=(0, 0, 10, 20)",
  "run_id": 0,
  "timestamp": "2025-10-14T18:25:07.922415",
  "baseline_loss": 8.564263343811035,
  "injected_loss": 8.564270973205566,
  "loss_diff": 7.62939453125e-06,
  "bounds_valid": null,
  "violation_detected": false,
  "num_violations": 0,
  "violation_positions": [],
  "baseline_epsilon_stats": {
    "6": {
      "epsilon_mean": 5.956024169921875,
      "epsilon_std": 4.427911758422852,
      "lower_mean": 0.5316863656044006,
      "upper_mean": 7.960529327392578,
      "gamma_mean": 0.18503431975841522
    }
  },
  "injected_epsilon_stats": null,
  "injection_info": {
    "location": "k",
    "idx": [
      0,
      0,
      10,
      20
    ],
    "bit": 28,
    "enabled": true,
    "multi_bit": false,
    "bit_list": null,
    "random_position": false,
    "injection_rate": 0.0
  },
  "extra_data": {
    "epsilon_analysis": [
      {
        "layer_idx": 6,
        "analysis": {
          "mean_diff": -2.930068876594305e-05,
          "std_diff": 0.00014933824422769248,
          "max_abs_diff": 0.0011200904846191406,
          "top_changes": [
            [
              [
                0,
                0,
                3
              ],
              {
                "baseline_epsilon": 0.353961706161499,
                "injected_epsilon": 0.3528416156768799,
                "epsilon_diff": -0.0011200904846191406,
                "abs_diff": 0.0011200904846191406
              },
              {
                "lower1": 0.001135307247750461,
                "middle": 0.00223375647328794,
                "upper": 0.39533042907714844,
                "gamma": 0.00028386712074279785
              }
            ],
            [
              [
                0,
                0,
                4
              ],
              {
                "baseline_epsilon": 0.6481657028198242,
                "injected_epsilon": 0.6470990180969238,
                "epsilon_diff": -0.0010666847229003906,
                "abs_diff": 0.0010666847229003906
              },
              {
                "lower1": 0.002134945010766387,
                "middle": 0.004198002628982067,
                "upper": 0.8070235252380371,
                "gamma": 0.0005338788032531738
              }
            ],
            [
              [
                0,
                0,
                63
              ],
              {
                "baseline_epsilon": 0.8312740325927734,
                "injected_epsilon": 0.8303680419921875,
                "epsilon_diff": -0.0009059906005859375,
                "abs_diff": 0.0009059906005859375
              },
              {
                "lower1": 0.007239216938614845,
                "middle": 0.014236938208341599,
                "upper": 1.0629596710205078,
                "gamma": 0.0018114447593688965
              }
            ],
            [
              [
                0,
                0,
                62
              ],
              {
                "baseline_epsilon": 0.8241043090820312,
                "injected_epsilon": 0.8232064247131348,
                "epsilon_diff": -0.0008978843688964844,
                "abs_diff": 0.0008978843688964844
              },
              {
                "lower1": 0.007125932723283768,
                "middle": 0.014014177024364471,
                "upper": 1.0559182167053223,
                "gamma": 0.0017830729484558105
              }
            ],
            [
              [
                0,
                0,
                61
              ],
              {
                "baseline_epsilon": 0.8203206062316895,
                "injected_epsilon": 0.8194279670715332,
                "epsilon_diff": -0.00089263916015625,
                "abs_diff": 0.00089263916015625
              },
              {
                "lower1": 0.007042395882308483,
                "middle": 0.01384985912591219,
                "upper": 1.0526142120361328,
                "gamma": 0.0017621517181396484
              }
            ],
            [
              [
                0,
                0,
                60
              ],
              {
                "baseline_epsilon": 0.8144221305847168,
                "injected_epsilon": 0.813532829284668,
                "epsilon_diff": -0.0008893013000488281,
                "abs_diff": 0.0008893013000488281
              },
              {
                "lower1": 0.006944815628230572,
                "middle": 0.013657966628670692,
                "upper": 1.0468320846557617,
                "gamma": 0.0017377138137817383
              }
            ],
            [
              [
                0,
                0,
                59
              ],
              {
                "baseline_epsilon": 0.8086247444152832,
                "injected_epsilon": 0.8077449798583984,
                "epsilon_diff": -0.0008797645568847656,
                "abs_diff": 0.0008797645568847656
              },
              {
                "lower1": 0.006849613506346941,
                "middle": 0.013470754027366638,
                "upper": 1.0409431457519531,
                "gamma": 0.001713871955871582
              }
            ],
            [
              [
                0,
                0,
                58
              ],
              {
                "baseline_epsilon": 0.8024253845214844,
                "injected_epsilon": 0.8015494346618652,
                "epsilon_diff": -0.0008759498596191406,
                "abs_diff": 0.0008759498596191406
              },
              {
                "lower1": 0.006750837434083223,
                "middle": 0.01327651645988226,
                "upper": 1.0350027084350586,
                "gamma": 0.001689136028289795
              }
            ],
            [
              [
                0,
                0,
                57
              ],
              {
                "baseline_epsilon": 0.7977294921875,
                "injected_epsilon": 0.7968568801879883,
                "epsilon_diff": -0.0008726119995117188,
                "abs_diff": 0.0008726119995117188
              },
              {
                "lower1": 0.006655392702668905,
                "middle": 0.013088786974549294,
                "upper": 1.0306811332702637,
                "gamma": 0.0016652345657348633
              }
            ],
            [
              [
                0,
                0,
                56
              ],
              {
                "baseline_epsilon": 0.7923688888549805,
                "injected_epsilon": 0.79150390625,
                "epsilon_diff": -0.0008649826049804688,
                "abs_diff": 0.0008649826049804688
              },
              {
                "lower1": 0.0065597062930464745,
                "middle": 0.01290060393512249,
                "upper": 1.025681972503662,
                "gamma": 0.0016412734985351562
              }
            ],
            [
              [
                0,
                0,
                55
              ],
              {
                "baseline_epsilon": 0.7861227989196777,
                "injected_epsilon": 0.7852621078491211,
                "epsilon_diff": -0.0008606910705566406,
                "abs_diff": 0.0008606910705566406
              },
              {
                "lower1": 0.006462827790528536,
                "middle": 0.012710102833807468,
                "upper": 1.019547939300537,
                "gamma": 0.0016170144081115723
              }
            ],
            [
              [
                0,
                0,
                54
              ],
              {
                "baseline_epsilon": 0.7820711135864258,
                "injected_epsilon": 0.781212329864502,
                "epsilon_diff": -0.0008587837219238281,