{
  "exp_id": "gpt2_comprehensive_sweep_seed=0_injection_layers=[3]_injection_bit=29_injection_location=q_injection_idx=(0, 3, 53, 43)",
  "num_runs": 1,
  "timestamp": "2025-12-12T07:37:24.385363",
  "baseline_loss": {
    "mean": 8.997109413146973,
    "std": 0.0,
    "min": 8.997109413146973,
    "max": 8.997109413146973
  },
  "injected_loss": {
    "mean": 8.997048377990723,
    "std": 0.0,
    "min": 8.997048377990723,
    "max": 8.997048377990723
  },
  "loss_diff": {
    "mean": -6.103515625e-05,
    "std": 0.0,
    "min": -6.103515625e-05,
    "max": -6.103515625e-05
  },
  "violation_detection": {
    "detection_rate": 1.0,
    "total_violations": 2,
    "avg_violations_per_run": 2.0
  }
}