{
  "exp_id": "gpt2_comprehensive_sweep_seed=0_injection_layers=[6]_injection_bit=26_injection_location=k_injection_idx=(1, 6, 32, 1)",
  "num_runs": 1,
  "timestamp": "2025-12-12T07:07:41.659250",
  "baseline_loss": {
    "mean": 8.564264297485352,
    "std": 0.0,
    "min": 8.564264297485352,
    "max": 8.564264297485352
  },
  "injected_loss": {
    "mean": 8.56449031829834,
    "std": 0.0,
    "min": 8.56449031829834,
    "max": 8.56449031829834
  },
  "loss_diff": {
    "mean": 0.00022602081298828125,
    "std": 0.0,
    "min": 0.00022602081298828125,
    "max": 0.00022602081298828125
  },
  "violation_detection": {
    "detection_rate": 0.0,
    "total_violations": 0,
    "avg_violations_per_run": 0.0
  }
}