{
  "exp_id": "gpt2_comprehensive_sweep_seed=123_injection_layers=[6]_injection_bit=8_injection_location=k_injection_idx=(0, 3, 53, 43)",
  "run_id": 0,
  "timestamp": "2025-12-12T07:10:43.531432",
  "baseline_loss": 8.564264297485352,
  "injected_loss": 8.564263343811035,
  "loss_diff": -9.5367431640625e-07,
  "bounds_valid": null,
  "violation_detected": false,
  "num_violations": 0,
  "violation_positions": [],
  "baseline_epsilon_stats": {
    "6": {
      "epsilon_mean": 5.956024169921875,
      "epsilon_std": 4.427911758422852,
      "lower_mean": 0.5316863656044006,
      "upper_mean": 7.960529327392578,
      "gamma_mean": 0.18503431975841522
    }
  },
  "injected_epsilon_stats": null,
  "injection_info": {
    "location": "k",
    "idx": [
      0,
      3,
      53,
      43
    ],
    "bit": 8,
    "enabled": true,
    "multi_bit": false,
    "bit_list": null,
    "random_position": false,
    "injection_rate": 0.0
  },
  "extra_data": {
    "epsilon_analysis": [
      {
        "layer_idx": 6,
        "analysis": {
          "mean_diff": -7.450580596923828e-09,
          "std_diff": 7.661265755132263e-08,
          "max_abs_diff": 9.5367431640625e-07,
          "top_changes": [
            [
              [
                0,
                3,
                34
              ],
              {
                "baseline_epsilon": 1.8619208335876465,
                "injected_epsilon": 1.86191987991333,
                "epsilon_diff": -9.5367431640625e-07,
                "abs_diff": 9.5367431640625e-07
              },
              {
                "lower1": 0.02744515985250473,
                "middle": 0.053974445909261703,
                "upper": 2.1594953536987305,
                "gamma": 0.0068849921226501465
              }
            ],
            [
              [
                0,
                3,
                24
              ],
              {
                "baseline_epsilon": 1.8591127395629883,
                "injected_epsilon": 1.8591117858886719,
                "epsilon_diff": -9.5367431640625e-07,
                "abs_diff": 9.5367431640625e-07
              },
              {
                "lower1": 0.023029405623674393,
                "middle": 0.04526364430785179,
                "upper": 2.1923770904541016,
                "gamma": 0.005774021148681641
              }
            ],
            [
              [
                0,
                3,
                12
              ],
              {
                "baseline_epsilon": 1.7009773254394531,
                "injected_epsilon": 1.7009763717651367,
                "epsilon_diff": -9.5367431640625e-07,
                "abs_diff": 9.5367431640625e-07
              },
              {
                "lower1": 0.007447925396263599,
                "middle": 0.014615114778280258,
                "upper": 2.088970184326172,
                "gamma": 0.001863718032836914
              }
            ],
            [
              [
                0,
                3,
                33
              ],
              {
                "baseline_epsilon": 1.8658075332641602,
                "injected_epsilon": 1.865807056427002,
                "epsilon_diff": -4.76837158203125e-07,
                "abs_diff": 4.76837158203125e-07
              },
              {
                "lower1": 0.027266627177596092,
                "middle": 0.05362134054303169,
                "upper": 2.167616844177246,
                "gamma": 0.006840050220489502
              }
            ],
            [
              [
                0,
                3,
                8
              ],
              {
                "baseline_epsilon": 1.6041622161865234,
                "injected_epsilon": 1.6041617393493652,
                "epsilon_diff": -4.76837158203125e-07,
                "abs_diff": 4.76837158203125e-07
              },
              {
                "lower1": 0.001811570837162435,
                "middle": 0.0035531125031411648,
                "upper": 2.0207509994506836,
                "gamma": 0.00045299530029296875
              }
            ],
            [
              [
                0,
                3,
                32
              ],
              {
                "baseline_epsilon": 1.8664617538452148,
                "injected_epsilon": 1.8664612770080566,
                "epsilon_diff": -4.76837158203125e-07,
                "abs_diff": 4.76837158203125e-07
              },
              {
                "lower1": 0.027254313230514526,
                "middle": 0.05359679460525513,
                "upper": 2.1709718704223633,
                "gamma": 0.006836950778961182
              }
            ],
            [
              [
                0,
                3,
                27
              ],
              {
                "baseline_epsilon": 1.8654975891113281,
                "injected_epsilon": 1.86549711227417,
                "epsilon_diff": -4.76837158203125e-07,
                "abs_diff": 4.76837158203125e-07
              },
              {
                "lower1": 0.025070995092391968,
                "middle": 0.049288783222436905,
                "upper": 2.1879162788391113,
                "gamma": 0.006287515163421631
              }
            ],
            [
              [
                0,
                3,
                29
              ],
              {
                "baseline_epsilon": 1.866755485534668,
                "injected_epsilon": 1.8667550086975098,
                "epsilon_diff": -4.76837158203125e-07,
                "abs_diff": 4.76837158203125e-07
              },
              {
                "lower1": 0.0261538065969944,
                "middle": 0.05142482742667198,
                "upper": 2.1816697120666504,
                "gamma": 0.006559967994689941
              }
            ],
            [
              [
                0,
                3,
                23
              ],
              {
                "baseline_epsilon": 1.8503165245056152,
                "injected_epsilon": 1.850316047668457,
                "epsilon_diff": -4.76837158203125e-07,
                "abs_diff": 4.76837158203125e-07
              },
              {
                "lower1": 0.021583186462521553,
                "middle": 0.04241421818733215,
                "upper": 2.186960220336914,
                "gamma": 0.005410432815551758
              }
            ],
            [
              [
                0,
                3,
                21
              ],
              {
                "baseline_epsilon": 1.8377151489257812,
                "injected_epsilon": 1.8377156257629395,
                "epsilon_diff": 4.76837158203125e-07,
                "abs_diff": 4.76837158203125e-07
              },
              {
                "lower1": 0.01901330053806305,
                "middle": 0.03735281154513359,
                "upper": 2.182249069213867,
                "gamma": 0.004764676094055176
              }
            ],
            [
              [
                0,
                3,
                25
              ],
              {
                "baseline_epsilon": 1.8602209091186523,
                "injected_epsilon": 1.8602204322814941,
                "epsilon_diff": -4.76837158203125e-07,
                "abs_diff": 4.76837158203125e-07
              },
              {
                "lower1": 0.023718424141407013,
                "middle": 0.04662202298641205,
                "upper": 2.189323902130127,
                "gamma": 0.005947291851043701
              }
            ],
            [
              [
                0,
                3,
                18
              ],
              {
                "baseline_epsilon": 1.804499626159668,
                "injected_epsilon": 1.8045001029968262,
                "epsilon_diff": 4.76837158203125e-07,