{
  "exp_id": "gpt2_comprehensive_sweep_seed=42_injection_layers=[3]_injection_bit=22_injection_location=k_injection_idx=(1, 9, 31, 62)",
  "run_id": 0,
  "timestamp": "2025-12-12T07:18:04.911510",
  "baseline_loss": 8.997109413146973,
  "injected_loss": 8.997109413146973,
  "loss_diff": 0.0,
  "bounds_valid": null,
  "violation_detected": false,
  "num_violations": 0,
  "violation_positions": [],
  "baseline_epsilon_stats": {
    "3": {
      "epsilon_mean": 4.6995015144348145,
      "epsilon_std": 4.219686031341553,
      "lower_mean": 0.4203936457633972,
      "upper_mean": 5.6145782470703125,
      "gamma_mean": 0.16137349605560303
    }
  },
  "injected_epsilon_stats": null,
  "injection_info": {
    "location": "k",
    "idx": [
      1,
      9,
      31,
      62
    ],
    "bit": 22,
    "enabled": true,
    "multi_bit": false,
    "bit_list": null,
    "random_position": false,
    "injection_rate": 0.0
  },
  "extra_data": {
    "epsilon_analysis": [
      {
        "layer_idx": 3,
        "analysis": {
          "mean_diff": 1.585770746714843e-06,
          "std_diff": 8.535905180906411e-06,
          "max_abs_diff": 5.4836273193359375e-05,
          "top_changes": [
            [
              [
                1,
                9,
                57
              ],
              {
                "baseline_epsilon": 0.7617466449737549,
                "injected_epsilon": 0.7618014812469482,
                "epsilon_diff": 5.4836273193359375e-05,
                "abs_diff": 5.4836273193359375e-05
              },
              {
                "lower1": 0.0880657359957695,
                "middle": 0.1750161051750183,
                "upper": 0.9919514656066895,
                "gamma": 0.0222642719745636
              }
            ],
            [
              [
                1,
                9,
                54
              ],
              {
                "baseline_epsilon": 0.6780581474304199,
                "injected_epsilon": 0.6781129837036133,
                "epsilon_diff": 5.4836273193359375e-05,
                "abs_diff": 5.4836273193359375e-05
              },
              {
                "lower1": 0.04381214827299118,
                "middle": 0.08659298717975616,
                "upper": 0.9074282646179199,
                "gamma": 0.011013686656951904
              }
            ],
            [
              [
                1,
                9,
                59
              ],
              {
                "baseline_epsilon": 0.7873163223266602,
                "injected_epsilon": 0.7873711585998535,
                "epsilon_diff": 5.4836273193359375e-05,
                "abs_diff": 5.4836273193359375e-05
              },
              {
                "lower1": 0.10118663311004639,
                "middle": 0.20142225921154022,
                "upper": 1.0186606645584106,
                "gamma": 0.025624960660934448
              }
            ],
            [
              [
                1,
                9,
                55
              ],
              {
                "baseline_epsilon": 0.7148778438568115,
                "injected_epsilon": 0.7149324417114258,
                "epsilon_diff": 5.459785461425781e-05,
                "abs_diff": 5.459785461425781e-05
              },
              {
                "lower1": 0.06307615339756012,
                "middle": 0.1249641627073288,
                "upper": 0.9439855813980103,
                "gamma": 0.015895366668701172
              }
            ],
            [
              [
                1,
                9,
                51
              ],
              {
                "baseline_epsilon": 0.6485114097595215,
                "injected_epsilon": 0.6485657691955566,
                "epsilon_diff": 5.435943603515625e-05,
                "abs_diff": 5.435943603515625e-05
              },
              {
                "lower1": 0.028428256511688232,
                "middle": 0.05608164519071579,
                "upper": 0.8759311437606812,
                "gamma": 0.007132500410079956
              }
            ],
            [
              [
                1,
                9,
                56
              ],
              {
                "baseline_epsilon": 0.7361817359924316,
                "injected_epsilon": 0.7362360954284668,
                "epsilon_diff": 5.435943603515625e-05,
                "abs_diff": 5.435943603515625e-05
              },
              {
                "lower1": 0.073690265417099,
                "middle": 0.14618438482284546,
                "upper": 0.9662618637084961,
                "gamma": 0.018595457077026367
              }
            ],
            [
              [
                1,
                9,
                53
              ],
              {
                "baseline_epsilon": 0.6662788391113281,
                "injected_epsilon": 0.6663329601287842,
                "epsilon_diff": 5.412101745605469e-05,
                "abs_diff": 5.412101745605469e-05
              },
              {
                "lower1": 0.03741269186139107,
                "middle": 0.07388663291931152,
                "upper": 0.8949792385101318,
                "gamma": 0.009397327899932861
              }
            ],
            [
              [
                1,
                9,
                58
              ],
              {
                "baseline_epsilon": 0.7671732902526855,
                "injected_epsilon": 0.7672274112701416,
                "epsilon_diff": 5.412101745605469e-05,
                "abs_diff": 5.412101745605469e-05
              },
              {
                "lower1": 0.09019193053245544,
                "middle": 0.17928852140903473,
                "upper": 0.9983197450637817,
                "gamma": 0.022808074951171875
              }
            ],
            [
              [
                1,
                9,
                60
              ],
              {
                "baseline_epsilon": 0.8102962970733643,
                "injected_epsilon": 0.8103504180908203,
                "epsilon_diff": 5.412101745605469e-05,
                "abs_diff": 5.412101745605469e-05
              },
              {
                "lower1": 0.11305440962314606,
                "middle": 0.22538262605667114,
                "upper": 1.042447805404663,
                "gamma": 0.028674691915512085
              }
            ],
            [
              [
                1,
                9,
                63
              ],
              {
                "baseline_epsilon": 0.8702094554901123,
                "injected_epsilon": 0.8702633380889893,
                "epsilon_diff": 5.3882598876953125e-05,
                "abs_diff": 5.3882598876953125e-05
              },
              {
                "lower1": 0.14542877674102783,
                "middle": 0.29111969470977783,
                "upper": 1.1032092571258545,
                "gamma": 0.037043213844299316
              }
            ],
            [
              [
                1,
                9,
                49
              ],
              {
                "baseline_epsilon": 0.6059587001800537,
                "injected_epsilon": 0.6060125827789307,
                "epsilon_diff": 5.3882598876953125e-05,
                "abs_diff": 5.3882598876953125e-05
              },
              {
                "lower1": 0.00428351666778326,
                "middle": 0.008425437845289707,
                "upper": 0.8331344127655029,
                "gamma": 0.0010714530944824219
              }
            ],
            [
              [
                1,
                9,
                61
              ],
              {
                "baseline_epsilon": 0.8423397541046143,
                "injected_epsilon": 0.8423936367034912,
                "epsilon_diff": 5.3882598876953125e-05,