{
  "exp_id": "gpt2_comprehensive_sweep_seed=42_injection_layers=[3]_injection_bit=23_injection_location=k_injection_idx=(0, 3, 53, 43)",
  "run_id": 0,
  "timestamp": "2025-12-12T07:08:52.633752",
  "baseline_loss": 8.997109413146973,
  "injected_loss": 8.99712085723877,
  "loss_diff": 1.1444091796875e-05,
  "bounds_valid": null,
  "violation_detected": false,
  "num_violations": 0,
  "violation_positions": [],
  "baseline_epsilon_stats": {
    "3": {
      "epsilon_mean": 4.6995015144348145,
      "epsilon_std": 4.219686031341553,
      "lower_mean": 0.4203936457633972,
      "upper_mean": 5.6145782470703125,
      "gamma_mean": 0.16137349605560303
    }
  },
  "injected_epsilon_stats": null,
  "injection_info": {
    "location": "k",
    "idx": [
      0,
      3,
      53,
      43
    ],
    "bit": 23,
    "enabled": true,
    "multi_bit": false,
    "bit_list": null,
    "random_position": false,
    "injection_rate": 0.0
  },
  "extra_data": {
    "epsilon_analysis": [
      {
        "layer_idx": 3,
        "analysis": {
          "mean_diff": 0.00046603416558355093,
          "std_diff": 0.0023138346150517464,
          "max_abs_diff": 0.013082504272460938,
          "top_changes": [
            [
              [
                0,
                3,
                22
              ],
              {
                "baseline_epsilon": 0.5761990547180176,
                "injected_epsilon": 0.5892815589904785,
                "epsilon_diff": 0.013082504272460938,
                "abs_diff": 0.013082504272460938
              },
              {
                "lower1": 0.010179883800446987,
                "middle": 0.020040908828377724,
                "upper": 0.7034192085266113,
                "gamma": 0.0025482177734375
              }
            ],
            [
              [
                0,
                3,
                19
              ],
              {
                "baseline_epsilon": 0.5694670677185059,
                "injected_epsilon": 0.5825443267822266,
                "epsilon_diff": 0.013077259063720703,
                "abs_diff": 0.013077259063720703
              },
              {
                "lower1": 0.010017931461334229,
                "middle": 0.01972201280295849,
                "upper": 0.694122314453125,
                "gamma": 0.002507627010345459
              }
            ],
            [
              [
                0,
                3,
                20
              ],
              {
                "baseline_epsilon": 0.5717105865478516,
                "injected_epsilon": 0.5847821235656738,
                "epsilon_diff": 0.013071537017822266,
                "abs_diff": 0.013071537017822266
              },
              {
                "lower1": 0.01009617280215025,
                "middle": 0.01987612433731556,
                "upper": 0.6973443031311035,
                "gamma": 0.0025272369384765625
              }
            ],
            [
              [
                0,
                3,
                21
              ],
              {
                "baseline_epsilon": 0.5736160278320312,
                "injected_epsilon": 0.5866866111755371,
                "epsilon_diff": 0.01307058334350586,
                "abs_diff": 0.01307058334350586
              },
              {
                "lower1": 0.010093082673847675,
                "middle": 0.019869940355420113,
                "upper": 0.6997461318969727,
                "gamma": 0.0025264620780944824
              }
            ],
            [
              [
                0,
                3,
                23
              ],
              {
                "baseline_epsilon": 0.5772733688354492,
                "injected_epsilon": 0.5903158187866211,
                "epsilon_diff": 0.013042449951171875,
                "abs_diff": 0.013042449951171875
              },
              {
                "lower1": 0.01017370168119669,
                "middle": 0.020028671249747276,
                "upper": 0.7047390937805176,
                "gamma": 0.00254666805267334
              }
            ],
            [
              [
                0,
                3,
                24
              ],
              {
                "baseline_epsilon": 0.5802645683288574,
                "injected_epsilon": 0.5933055877685547,
                "epsilon_diff": 0.013041019439697266,
                "abs_diff": 0.013041019439697266
              },
              {
                "lower1": 0.010261690244078636,
                "middle": 0.020201964303851128,
                "upper": 0.7088303565979004,
                "gamma": 0.0025687217712402344
              }
            ],
            [
              [
                0,
                3,
                18
              ],
              {
                "baseline_epsilon": 0.5670890808105469,
                "injected_epsilon": 0.5801291465759277,
                "epsilon_diff": 0.01304006576538086,
                "abs_diff": 0.01304006576538086
              },
              {
                "lower1": 0.010017218068242073,
                "middle": 0.019720720127224922,
                "upper": 0.6910805702209473,
                "gamma": 0.002507448196411133
              }
            ],
            [
              [
                0,
                3,
                25
              ],
              {
                "baseline_epsilon": 0.5815763473510742,
                "injected_epsilon": 0.5945920944213867,
                "epsilon_diff": 0.0130157470703125,
                "abs_diff": 0.0130157470703125
              },
              {
                "lower1": 0.01029498316347599,
                "middle": 0.02026752382516861,
                "upper": 0.7107048034667969,
                "gamma": 0.002577066421508789
              }
            ],
            [
              [
                0,
                3,
                17
              ],
              {
                "baseline_epsilon": 0.5641708374023438,
                "injected_epsilon": 0.5771822929382324,
                "epsilon_diff": 0.013011455535888672,
                "abs_diff": 0.013011455535888672
              },
              {
                "lower1": 0.009921137243509293,
                "middle": 0.019531473517417908,
                "upper": 0.6871137619018555,
                "gamma": 0.002483367919921875
              }
            ],
            [
              [
                0,
                3,
                26
              ],
              {
                "baseline_epsilon": 0.5833368301391602,
                "injected_epsilon": 0.5963153839111328,
                "epsilon_diff": 0.012978553771972656,
                "abs_diff": 0.012978553771972656
              },
              {
                "lower1": 0.01030021533370018,
                "middle": 0.02027774602174759,
                "upper": 0.7131595611572266,
                "gamma": 0.0025783777236938477
              }
            ],
            [
              [
                0,
                3,
                16
              ],
              {
                "baseline_epsilon": 0.5616674423217773,
                "injected_epsilon": 0.5746307373046875,
                "epsilon_diff": 0.012963294982910156,
                "abs_diff": 0.012963294982910156
              },
              {
                "lower1": 0.009884274564683437,
                "middle": 0.01945893093943596,
                "upper": 0.6838545799255371,
                "gamma": 0.0024741291999816895
              }
            ],
            [
              [
                0,
                3,
                27
              ],
              {
                "baseline_epsilon": 0.5847029685974121,
                "injected_epsilon": 0.5976595878601074,
                "epsilon_diff": 0.012956619262695312,