{
  "exp_id": "gpt2_comprehensive_sweep_seed=42_injection_layers=[3]_injection_bit=21_injection_location=q_injection_idx=(0, 3, 53, 43)",
  "run_id": 0,
  "timestamp": "2025-12-12T07:01:01.022343",
  "baseline_loss": 13.791720390319824,
  "injected_loss": 13.791720390319824,
  "loss_diff": 0.0,
  "bounds_valid": null,
  "violation_detected": false,
  "num_violations": 0,
  "violation_positions": [],
  "baseline_epsilon_stats": {
    "3": {
      "epsilon_mean": 6.302740097045898,
      "epsilon_std": 2.23594331741333,
      "lower_mean": 0.9555976390838623,
      "upper_mean": 17.05971336364746,
      "gamma_mean": 1.0718344449996948
    }
  },
  "injected_epsilon_stats": null,
  "injection_info": {
    "location": "q",
    "idx": [
      0,
      3,
      53,
      43
    ],
    "bit": 21,
    "enabled": true,
    "multi_bit": false,
    "bit_list": null,
    "random_position": false,
    "injection_rate": 0.0
  },
  "extra_data": {
    "epsilon_analysis": [
      {
        "layer_idx": 3,
        "analysis": {
          "mean_diff": 3.8848571421112865e-05,
          "std_diff": 0.0015225467504933476,
          "max_abs_diff": 0.05967140197753906,
          "top_changes": [
            [
              [
                0,
                3,
                53
              ],
              {
                "baseline_epsilon": 5.542889595031738,
                "injected_epsilon": 5.602560997009277,
                "epsilon_diff": 0.05967140197753906,
                "abs_diff": 0.05967140197753906
              },
              {
                "lower1": 1.9011311531066895,
                "middle": 2.842251777648926,
                "upper": 18.457042694091797,
                "gamma": 0.7315131425857544
              }
            ]
          ]
        }
      }
    ],
    "performance": {
      "time": {
        "total_time": 0.018987178802490234,
        "baseline_forward_time": 0.00721430778503418,
        "injection_forward_time": 0.0066297054290771484,
        "bounds_computation_time": 0.0007648468017578125,
        "violation_detection_time": 0.0014643669128417969
      },
      "memory": {
        "peak_memory_allocated_mb": 1239.8701171875,
        "peak_memory_reserved_mb": 1786.0,
        "baseline_memory_mb": 1180.67333984375,
        "injection_memory_mb": 1239.8701171875
      },
      "compute": {
        "num_attention_layers": 12,
        "num_attention_heads": 12,
        "sequence_length": 64,
        "batch_size": 2,
        "attention_flops": 0.0,
        "bounds_flops": 0.0
      },
      "extra": {}
    }
  }
}