{
  "exp_id": "gpt2_comprehensive_sweep_seed=0_injection_layers=[9]_injection_bit=31_injection_location=k_injection_idx=(0, 0, 10, 20)",
  "run_id": 0,
  "timestamp": "2025-12-12T07:08:07.451752",
  "baseline_loss": 8.462052345275879,
  "injected_loss": 8.462051391601562,
  "loss_diff": -9.5367431640625e-07,
  "bounds_valid": null,
  "violation_detected": false,
  "num_violations": 0,
  "violation_positions": [],
  "baseline_epsilon_stats": {
    "9": {
      "epsilon_mean": 6.7392191886901855,
      "epsilon_std": 4.8921427726745605,
      "lower_mean": 0.5418864488601685,
      "upper_mean": 9.379467010498047,
      "gamma_mean": 0.2731764018535614
    }
  },
  "injected_epsilon_stats": null,
  "injection_info": {
    "location": "k",
    "idx": [
      0,
      0,
      10,
      20
    ],
    "bit": 31,
    "enabled": true,
    "multi_bit": false,
    "bit_list": null,
    "random_position": false,
    "injection_rate": 0.0
  },
  "extra_data": {
    "epsilon_analysis": [
      {
        "layer_idx": 9,
        "analysis": {
          "mean_diff": 2.946401946246624e-05,
          "std_diff": 0.00032354393624700606,
          "max_abs_diff": 0.010527849197387695,
          "top_changes": [
            [
              [
                0,
                0,
                2
              ],
              {
                "baseline_epsilon": 0.6054275035858154,
                "injected_epsilon": 0.5948996543884277,
                "epsilon_diff": -0.010527849197387695,
                "abs_diff": 0.010527849197387695
              },
              {
                "lower1": 0.005583080463111401,
                "middle": 0.010985158383846283,
                "upper": 0.6481122970581055,
                "gamma": 0.0013967454433441162
              }
            ],
            [
              [
                0,
                0,
                4
              ],
              {
                "baseline_epsilon": 1.5834851264953613,
                "injected_epsilon": 1.5848112106323242,
                "epsilon_diff": 0.0013260841369628906,
                "abs_diff": 0.0013260841369628906
              },
              {
                "lower1": 0.01022221427410841,
                "middle": 0.020069368183612823,
                "upper": 2.1288704872131348,
                "gamma": 0.0025588274002075195
              }
            ],
            [
              [
                0,
                0,
                5
              ],
              {
                "baseline_epsilon": 1.7628741264343262,
                "injected_epsilon": 1.7641668319702148,
                "epsilon_diff": 0.0012927055358886719,
                "abs_diff": 0.0012927055358886719
              },
              {
                "lower1": 0.016120243817567825,
                "middle": 0.031655602157115936,
                "upper": 2.3917593955993652,
                "gamma": 0.004038214683532715
              }
            ],
            [
              [
                0,
                0,
                6
              ],
              {
                "baseline_epsilon": 1.8692035675048828,
                "injected_epsilon": 1.8704419136047363,
                "epsilon_diff": 0.0012383460998535156,
                "abs_diff": 0.0012383460998535156
              },
              {
                "lower1": 0.023555129766464233,
                "middle": 0.046285275369882584,
                "upper": 2.518878936767578,
                "gamma": 0.005906224250793457
              }
            ],
            [
              [
                0,
                0,
                7
              ],
              {
                "baseline_epsilon": 1.8958892822265625,
                "injected_epsilon": 1.8970723152160645,
                "epsilon_diff": 0.0011830329895019531,
                "abs_diff": 0.0011830329895019531
              },
              {
                "lower1": 0.02490917220711708,
                "middle": 0.04895015433430672,
                "upper": 2.56196928024292,
                "gamma": 0.006246805191040039
              }
            ],
            [
              [
                0,
                0,
                8
              ],
              {
                "baseline_epsilon": 1.8723983764648438,
                "injected_epsilon": 1.8735218048095703,
                "epsilon_diff": 0.0011234283447265625,
                "abs_diff": 0.0011234283447265625
              },
              {
                "lower1": 0.0238603875041008,
                "middle": 0.04688548669219017,
                "upper": 2.547292709350586,
                "gamma": 0.00598299503326416
              }
            ],
            [
              [
                0,
                0,
                3
              ],
              {
                "baseline_epsilon": 1.0085296630859375,
                "injected_epsilon": 1.0096235275268555,
                "epsilon_diff": 0.0010938644409179688,
                "abs_diff": 0.0010938644409179688
              },
              {
                "lower1": 0.008420407772064209,
                "middle": 0.01655600033700466,
                "upper": 1.2294659614562988,
                "gamma": 0.0021073222160339355
              }
            ],
            [
              [
                0,
                0,
                9
              ],
              {
                "baseline_epsilon": 1.828606128692627,
                "injected_epsilon": 1.8296823501586914,
                "epsilon_diff": 0.0010762214660644531,
                "abs_diff": 0.0010762214660644531
              },
              {
                "lower1": 0.022139450535178185,
                "middle": 0.04349929466843605,
                "upper": 2.50738525390625,
                "gamma": 0.005550265312194824
              }
            ],
            [
              [
                0,
                0,
                10
              ],
              {
                "baseline_epsilon": 1.7749238014221191,
                "injected_epsilon": 1.7759599685668945,
                "epsilon_diff": 0.0010361671447753906,
                "abs_diff": 0.0010361671447753906
              },
              {
                "lower1": 0.02000122331082821,
                "middle": 0.03929297998547554,
                "upper": 2.456228256225586,
                "gamma": 0.005012869834899902
              }
            ],
            [
              [
                0,
                0,
                11
              ],
              {
                "baseline_epsilon": 1.7165307998657227,
                "injected_epsilon": 1.7175354957580566,
                "epsilon_diff": 0.0010046958923339844,
                "abs_diff": 0.0010046958923339844
              },
              {
                "lower1": 0.017812466248869896,
                "middle": 0.034988757222890854,
                "upper": 2.3982696533203125,
                "gamma": 0.004463076591491699
              }
            ],
            [
              [
                0,
                0,
                12
              ],
              {
                "baseline_epsilon": 1.6556649208068848,
                "injected_epsilon": 1.6566462516784668,
                "epsilon_diff": 0.0009813308715820312,
                "abs_diff": 0.0009813308715820312
              },
              {
                "lower1": 0.015252486802637577,
                "middle": 0.029955223202705383,
                "upper": 2.3391594886779785,
                "gamma": 0.0038204193115234375
              }
            ],
            [
              [
                0,
                0,
                13
              ],
              {
                "baseline_epsilon": 1.5901989936828613,
                "injected_epsilon": 1.5911636352539062,
                "epsilon_diff": 0.0009646415710449219,