{
  "exp_id": "gpt2_comprehensive_sweep_seed=123_injection_layers=[3]_injection_bit=22_injection_location=k_injection_idx=(1, 9, 31, 62)",
  "run_id": 0,
  "timestamp": "2025-12-12T07:10:29.999718",
  "baseline_loss": 8.997109413146973,
  "injected_loss": 8.997109413146973,
  "loss_diff": 0.0,
  "bounds_valid": null,
  "violation_detected": false,
  "num_violations": 0,
  "violation_positions": [],
  "baseline_epsilon_stats": {
    "3": {
      "epsilon_mean": 4.6995015144348145,
      "epsilon_std": 4.219686031341553,
      "lower_mean": 0.4203936457633972,
      "upper_mean": 5.6145782470703125,
      "gamma_mean": 0.16137349605560303
    }
  },
  "injected_epsilon_stats": null,
  "injection_info": {
    "location": "k",
    "idx": [
      1,
      9,
      31,
      62
    ],
    "bit": 22,
    "enabled": true,
    "multi_bit": false,
    "bit_list": null,
    "random_position": false,
    "injection_rate": 0.0
  },
  "extra_data": {
    "epsilon_analysis": [
      {
        "layer_idx": 3,
        "analysis": {
          "mean_diff": 2.3948106900206767e-05,
          "std_diff": 0.0001312026142841205,
          "max_abs_diff": 0.0008111000061035156,
          "top_changes": [
            [
              [
                1,
                9,
                62
              ],
              {
                "baseline_epsilon": 0.8571207523345947,
                "injected_epsilon": 0.8579318523406982,
                "epsilon_diff": 0.0008111000061035156,
                "abs_diff": 0.0008111000061035156
              },
              {
                "lower1": 0.1377912312746048,
                "middle": 0.2755610942840576,
                "upper": 1.0898995399475098,
                "gamma": 0.035062432289123535
              }
            ],
            [
              [
                1,
                9,
                60
              ],
              {
                "baseline_epsilon": 0.8102962970733643,
                "injected_epsilon": 0.8111062049865723,
                "epsilon_diff": 0.0008099079132080078,
                "abs_diff": 0.0008099079132080078
              },
              {
                "lower1": 0.11305440962314606,
                "middle": 0.22538262605667114,
                "upper": 1.042447805404663,
                "gamma": 0.028674691915512085
              }
            ],
            [
              [
                1,
                9,
                63
              ],
              {
                "baseline_epsilon": 0.8702094554901123,
                "injected_epsilon": 0.8710184097290039,
                "epsilon_diff": 0.0008089542388916016,
                "abs_diff": 0.0008089542388916016
              },
              {
                "lower1": 0.14542877674102783,
                "middle": 0.29111969470977783,
                "upper": 1.1032092571258545,
                "gamma": 0.037043213844299316
              }
            ],
            [
              [
                1,
                9,
                61
              ],
              {
                "baseline_epsilon": 0.8423397541046143,
                "injected_epsilon": 0.8431477546691895,
                "epsilon_diff": 0.0008080005645751953,
                "abs_diff": 0.0008080005645751953
              },
              {
                "lower1": 0.13017213344573975,
                "middle": 0.26007193326950073,
                "upper": 1.0745322704315186,
                "gamma": 0.03309047222137451
              }
            ],
            [
              [
                1,
                9,
                59
              ],
              {
                "baseline_epsilon": 0.7873163223266602,
                "injected_epsilon": 0.7881240844726562,
                "epsilon_diff": 0.0008077621459960938,
                "abs_diff": 0.0008077621459960938
              },
              {
                "lower1": 0.10118663311004639,
                "middle": 0.20142225921154022,
                "upper": 1.0186606645584106,
                "gamma": 0.025624960660934448
              }
            ],
            [
              [
                1,
                9,
                57
              ],
              {
                "baseline_epsilon": 0.7617466449737549,
                "injected_epsilon": 0.7625539302825928,
                "epsilon_diff": 0.0008072853088378906,
                "abs_diff": 0.0008072853088378906
              },
              {
                "lower1": 0.0880657359957695,
                "middle": 0.1750161051750183,
                "upper": 0.9919514656066895,
                "gamma": 0.0222642719745636
              }
            ],
            [
              [
                1,
                9,
                58
              ],
              {
                "baseline_epsilon": 0.7671732902526855,
                "injected_epsilon": 0.7679805755615234,
                "epsilon_diff": 0.0008072853088378906,
                "abs_diff": 0.0008072853088378906
              },
              {
                "lower1": 0.09019193053245544,
                "middle": 0.17928852140903473,
                "upper": 0.9983197450637817,
                "gamma": 0.022808074951171875
              }
            ],
            [
              [
                1,
                9,
                56
              ],
              {
                "baseline_epsilon": 0.7361817359924316,
                "injected_epsilon": 0.7369883060455322,
                "epsilon_diff": 0.0008065700531005859,
                "abs_diff": 0.0008065700531005859
              },
              {
                "lower1": 0.073690265417099,
                "middle": 0.14618438482284546,
                "upper": 0.9662618637084961,
                "gamma": 0.018595457077026367
              }
            ],
            [
              [
                1,
                9,
                54
              ],
              {
                "baseline_epsilon": 0.6780581474304199,
                "injected_epsilon": 0.6788632869720459,
                "epsilon_diff": 0.0008051395416259766,
                "abs_diff": 0.0008051395416259766
              },
              {
                "lower1": 0.04381214827299118,
                "middle": 0.08659298717975616,
                "upper": 0.9074282646179199,
                "gamma": 0.011013686656951904
              }
            ],
            [
              [
                1,
                9,
                53
              ],
              {
                "baseline_epsilon": 0.6662788391113281,
                "injected_epsilon": 0.6670835018157959,
                "epsilon_diff": 0.0008046627044677734,
                "abs_diff": 0.0008046627044677734
              },
              {
                "lower1": 0.03741269186139107,
                "middle": 0.07388663291931152,
                "upper": 0.8949792385101318,
                "gamma": 0.009397327899932861
              }
            ],
            [
              [
                1,
                9,
                55
              ],
              {
                "baseline_epsilon": 0.7148778438568115,
                "injected_epsilon": 0.7156820297241211,
                "epsilon_diff": 0.0008041858673095703,
                "abs_diff": 0.0008041858673095703
              },
              {
                "lower1": 0.06307615339756012,
                "middle": 0.1249641627073288,
                "upper": 0.9439855813980103,
                "gamma": 0.015895366668701172
              }
            ],
            [
              [
                1,
                9,
                51
              ],
              {
                "baseline_epsilon": 0.6485114097595215,
                "injected_epsilon": 0.6493151187896729,
                "epsilon_diff": 0.0008037090301513672,