{
  "exp_id": "gpt2_comprehensive_sweep_seed=42_injection_layers=[3]_injection_bit=28_injection_location=weights_injection_idx=(0, 0, 10, 20)",
  "num_runs": 1,
  "timestamp": "2025-12-12T07:39:09.580807",
  "baseline_loss": {
    "mean": 8.997109413146973,
    "std": 0.0,
    "min": 8.997109413146973,
    "max": 8.997109413146973
  },
  "injected_loss": {
    "mean": 8.9974946975708,
    "std": 0.0,
    "min": 8.9974946975708,
    "max": 8.9974946975708
  },
  "loss_diff": {
    "mean": 0.000385284423828125,
    "std": 0.0,
    "min": 0.000385284423828125,
    "max": 0.000385284423828125
  },
  "violation_detection": {
    "detection_rate": 0.0,
    "total_violations": 0,
    "avg_violations_per_run": 0.0
  }
}