{
  "exp_id": "gpt2_comprehensive_sweep_seed=0_injection_layers=[9]_injection_bit=29_injection_location=weights_injection_idx=(1, 6, 32, 1)",
  "run_id": 0,
  "timestamp": "2025-10-14T18:21:20.475370",
  "baseline_loss": 13.721664428710938,
  "injected_loss": 13.721661567687988,
  "loss_diff": -2.86102294921875e-06,
  "bounds_valid": null,
  "violation_detected": false,
  "num_violations": 0,
  "violation_positions": [],
  "baseline_epsilon_stats": {
    "9": {
      "epsilon_mean": 10.922141075134277,
      "epsilon_std": 4.307835578918457,
      "lower_mean": 1.0468783378601074,
      "upper_mean": 16.82538414001465,
      "gamma_mean": 2.1429390907287598
    }
  },
  "injected_epsilon_stats": null,
  "injection_info": {
    "location": "weights",
    "idx": [
      1,
      6,
      32,
      1
    ],
    "bit": 29,
    "enabled": true,
    "multi_bit": false,
    "bit_list": null,
    "random_position": false,
    "injection_rate": 0.0
  },
  "extra_data": {
    "epsilon_analysis": [
      {
        "layer_idx": 9,
        "analysis": {
          "mean_diff": -4.000961780548096e-06,
          "std_diff": 0.00015680503565818071,
          "max_abs_diff": 0.006145477294921875,
          "top_changes": [
            [
              [
                1,
                6,
                32
              ],
              {
                "baseline_epsilon": 9.039690017700195,
                "injected_epsilon": 9.033544540405273,
                "epsilon_diff": -0.006145477294921875,
                "abs_diff": 0.006145477294921875
              },
              {
                "lower1": 0.3000466525554657,
                "middle": 8.288954734802246,
                "upper": 12.781769752502441,
                "gamma": 4.855647087097168
              }
            ]
          ]
        }
      }
    ],
    "performance": {
      "time": {
        "total_time": 0.018497943878173828,
        "baseline_forward_time": 0.007051229476928711,
        "injection_forward_time": 0.006650447845458984,
        "bounds_computation_time": 0.0007696151733398438,
        "violation_detection_time": 0.0014634132385253906
      },
      "memory": {
        "peak_memory_allocated_mb": 1158.0224609375,
        "peak_memory_reserved_mb": 1632.0,
        "baseline_memory_mb": 1098.82568359375,
        "injection_memory_mb": 1158.0224609375
      },
      "compute": {
        "num_attention_layers": 12,
        "num_attention_heads": 12,
        "sequence_length": 64,
        "batch_size": 2,
        "attention_flops": 0.0,
        "bounds_flops": 0.0
      },
      "extra": {}
    }
  }
}