{
  "exp_id": "gpt2_comprehensive_sweep_seed=42_injection_layers=[0]_injection_bit=30_injection_location=k_injection_idx=(1, 6, 32, 1)",
  "run_id": 0,
  "timestamp": "2025-10-14T18:21:27.388173",
  "baseline_loss": 13.588921546936035,
  "injected_loss": 13.58869457244873,
  "loss_diff": -0.0002269744873046875,
  "bounds_valid": null,
  "violation_detected": false,
  "num_violations": 0,
  "violation_positions": [],
  "baseline_epsilon_stats": {
    "0": {
      "epsilon_mean": 4.467039108276367,
      "epsilon_std": 2.3451578617095947,
      "lower_mean": 0.39254388213157654,
      "upper_mean": 9.511073112487793,
      "gamma_mean": 0.164742574095726
    }
  },
  "injected_epsilon_stats": null,
  "injection_info": {
    "location": "k",
    "idx": [
      1,
      6,
      32,
      1
    ],
    "bit": 30,
    "enabled": true,
    "multi_bit": false,
    "bit_list": null,
    "random_position": false,
    "injection_rate": 0.0
  },
  "extra_data": {
    "epsilon_analysis": [
      {
        "layer_idx": 0,
        "analysis": {
          "mean_diff": -0.00036625665961764753,
          "std_diff": 0.003622661344707012,
          "max_abs_diff": 0.03914773464202881,
          "top_changes": [
            [
              [
                1,
                6,
                5
              ],
              {
                "baseline_epsilon": 1.9564502239227295,
                "injected_epsilon": 1.9955979585647583,
                "epsilon_diff": 0.03914773464202881,
                "abs_diff": 0.03914773464202881
              },
              {
                "lower1": 0.0457378588616848,
                "middle": 0.090036541223526,
                "upper": 3.353713035583496,
                "gamma": 0.01150059700012207
              }
            ],
            [
              [
                1,
                6,
                3
              ],
              {
                "baseline_epsilon": 5.674100875854492,
                "injected_epsilon": 5.704774856567383,
                "epsilon_diff": 0.030673980712890625,
                "abs_diff": 0.030673980712890625
              },
              {
                "lower1": 1.0332952737808228,
                "middle": 2.3552775382995605,
                "upper": 5.978893280029297,
                "gamma": 0.3042558431625366
              }
            ],
            [
              [
                1,
                6,
                63
              ],
              {
                "baseline_epsilon": 8.648144721984863,
                "injected_epsilon": 8.617693901062012,
                "epsilon_diff": -0.030450820922851562,
                "abs_diff": 0.030450820922851562
              },
              {
                "lower1": 1.4063527584075928,
                "middle": 3.432047128677368,
                "upper": 10.260064125061035,
                "gamma": 0.4520636796951294
              }
            ],
            [
              [
                1,
                6,
                61
              ],
              {
                "baseline_epsilon": 8.371987342834473,
                "injected_epsilon": 8.342314720153809,
                "epsilon_diff": -0.029672622680664062,
                "abs_diff": 0.029672622680664062
              },
              {
                "lower1": 1.443846583366394,
                "middle": 3.565962076187134,
                "upper": 10.059048652648926,
                "gamma": 0.4689444303512573
              }
            ],
            [
              [
                1,
                6,
                62
              ],
              {
                "baseline_epsilon": 8.516915321350098,
                "injected_epsilon": 8.487353324890137,
                "epsilon_diff": -0.029561996459960938,
                "abs_diff": 0.029561996459960938
              },
              {
                "lower1": 1.3930778503417969,
                "middle": 3.390110492706299,
                "upper": 10.163254737854004,
                "gamma": 0.44619524478912354
              }
            ],
            [
              [
                1,
                6,
                60
              ],
              {
                "baseline_epsilon": 8.233465194702148,
                "injected_epsilon": 8.204158782958984,
                "epsilon_diff": -0.029306411743164062,
                "abs_diff": 0.029306411743164062
              },
              {
                "lower1": 1.4284167289733887,
                "middle": 3.515746593475342,
                "upper": 9.933599472045898,
                "gamma": 0.4619414806365967
              }
            ],
            [
              [
                1,
                6,
                59
              ],
              {
                "baseline_epsilon": 8.06019115447998,
                "injected_epsilon": 8.031460762023926,
                "epsilon_diff": -0.028730392456054688,
                "abs_diff": 0.028730392456054688
              },
              {
                "lower1": 1.3545782566070557,
                "middle": 3.2719175815582275,
                "upper": 9.799145698547363,
                "gamma": 0.4294785261154175
              }
            ],
            [
              [
                1,
                6,
                58
              ],
              {
                "baseline_epsilon": 8.04340934753418,
                "injected_epsilon": 8.015064239501953,
                "epsilon_diff": -0.028345108032226562,
                "abs_diff": 0.028345108032226562
              },
              {
                "lower1": 1.3495842218399048,
                "middle": 3.2557661533355713,
                "upper": 9.80438232421875,
                "gamma": 0.42734193801879883
              }
            ],
            [
              [
                1,
                6,
                6
              ],
              {
                "baseline_epsilon": 1.1245832443237305,
                "injected_epsilon": 1.1514348983764648,
                "epsilon_diff": 0.026851654052734375,
                "abs_diff": 0.026851654052734375
              },
              {
                "lower1": 0.0805048942565918,
                "middle": 0.15967082977294922,
                "upper": 1.5314931869506836,
                "gamma": 0.020332932472229004
              }
            ],
            [
              [
                1,
                6,
                57
              ],
              {
                "baseline_epsilon": 7.9865217208862305,
                "injected_epsilon": 7.959952354431152,
                "epsilon_diff": -0.026569366455078125,
                "abs_diff": 0.026569366455078125
              },
              {
                "lower1": 1.314837098121643,
                "middle": 3.144702911376953,
                "upper": 9.791670799255371,
                "gamma": 0.4126690626144409
              }
            ],
            [
              [
                1,
                6,
                4
              ],
              {
                "baseline_epsilon": 2.5435376167297363,
                "injected_epsilon": 2.5695033073425293,
                "epsilon_diff": 0.02596569061279297,
                "abs_diff": 0.02596569061279297
              },
              {
                "lower1": 0.07141198217868805,
                "middle": 0.14093172550201416,
                "upper": 3.0630240440368652,
                "gamma": 0.018015265464782715
              }
            ],
            [
              [
                1,
                6,
                55
              ],
              {
                "baseline_epsilon": 7.723860740661621,
                "injected_epsilon": 7.6981611251831055,
                "epsilon_diff": -0.025699615478515625,
                "abs_diff": 0.025699615478515625
              },
              {
                "lower1": 1.205885887145996,