{
  "exp_id": "gpt2_comprehensive_sweep_seed=42_injection_layers=[3]_injection_bit=15_injection_location=scores_injection_idx=(1, 6, 32, 1)",
  "num_runs": 1,
  "timestamp": "2025-10-14T18:31:34.776431",
  "baseline_loss": {
    "mean": 7.881114482879639,
    "std": 0.0,
    "min": 7.881114482879639,
    "max": 7.881114482879639
  },
  "injected_loss": {
    "mean": 7.881115913391113,
    "std": 0.0,
    "min": 7.881115913391113,
    "max": 7.881115913391113
  },
  "loss_diff": {
    "mean": 1.430511474609375e-06,
    "std": 0.0,
    "min": 1.430511474609375e-06,
    "max": 1.430511474609375e-06
  },
  "violation_detection": {
    "detection_rate": 0.0,
    "total_violations": 0,
    "avg_violations_per_run": 0.0
  }
}