{
  "exp_id": "gpt2_comprehensive_sweep_seed=123_injection_layers=[6]_injection_bit=30_injection_location=weights_injection_idx=(1, 9, 31, 62)",
  "num_runs": 1,
  "timestamp": "2025-10-14T18:22:01.976271",
  "baseline_loss": {
    "mean": 12.890384674072266,
    "std": 0.0,
    "min": 12.890384674072266,
    "max": 12.890384674072266
  },
  "injected_loss": {
    "mean": 12.831937789916992,
    "std": 0.0,
    "min": 12.831937789916992,
    "max": 12.831937789916992
  },
  "loss_diff": {
    "mean": -0.05844688415527344,
    "std": 0.0,
    "min": -0.05844688415527344,
    "max": -0.05844688415527344
  },
  "violation_detection": {
    "detection_rate": 1.0,
    "total_violations": 1,
    "avg_violations_per_run": 1.0
  }
}