{
  "exp_id": "gpt2_comprehensive_sweep_seed=0_injection_layers=[9]_injection_bit=25_injection_location=k_injection_idx=(0, 3, 53, 43)",
  "num_runs": 1,
  "timestamp": "2025-12-12T07:00:17.989090",
  "baseline_loss": {
    "mean": 13.721663475036621,
    "std": 0.0,
    "min": 13.721663475036621,
    "max": 13.721663475036621
  },
  "injected_loss": {
    "mean": 13.721670150756836,
    "std": 0.0,
    "min": 13.721670150756836,
    "max": 13.721670150756836
  },
  "loss_diff": {
    "mean": 6.67572021484375e-06,
    "std": 0.0,
    "min": 6.67572021484375e-06,
    "max": 6.67572021484375e-06
  },
  "violation_detection": {
    "detection_rate": 0.0,
    "total_violations": 0,
    "avg_violations_per_run": 0.0
  }
}