{
  "exp_id": "gpt2_comprehensive_sweep_seed=3407_injection_layers=[0]_injection_bit=24_injection_location=k_injection_idx=(0, 3, 53, 43)",
  "num_runs": 1,
  "timestamp": "2025-10-14T18:25:41.631998",
  "baseline_loss": {
    "mean": 10.27547836303711,
    "std": 0.0,
    "min": 10.27547836303711,
    "max": 10.27547836303711
  },
  "injected_loss": {
    "mean": 10.275283813476562,
    "std": 0.0,
    "min": 10.275283813476562,
    "max": 10.275283813476562
  },
  "loss_diff": {
    "mean": -0.000194549560546875,
    "std": 0.0,
    "min": -0.000194549560546875,
    "max": -0.000194549560546875
  },
  "violation_detection": {
    "detection_rate": 0.0,
    "total_violations": 0,
    "avg_violations_per_run": 0.0
  }
}