{
  "exp_id": "gpt2_comprehensive_sweep_seed=3407_injection_layers=[3]_injection_bit=25_injection_location=weights_injection_idx=(1, 9, 31, 62)",
  "num_runs": 1,
  "timestamp": "2025-12-12T07:21:49.331647",
  "baseline_loss": {
    "mean": 8.997109413146973,
    "std": 0.0,
    "min": 8.997109413146973,
    "max": 8.997109413146973
  },
  "injected_loss": {
    "mean": 8.997204780578613,
    "std": 0.0,
    "min": 8.997204780578613,
    "max": 8.997204780578613
  },
  "loss_diff": {
    "mean": 9.5367431640625e-05,
    "std": 0.0,
    "min": 9.5367431640625e-05,
    "max": 9.5367431640625e-05
  },
  "violation_detection": {
    "detection_rate": 0.0,
    "total_violations": 0,
    "avg_violations_per_run": 0.0
  }
}