{
  "exp_id": "gpt2_comprehensive_sweep_seed=123_injection_layers=[3]_injection_bit=25_injection_location=weights_injection_idx=(1, 6, 32, 1)",
  "num_runs": 1,
  "timestamp": "2025-12-12T07:10:31.799895",
  "baseline_loss": {
    "mean": 8.997109413146973,
    "std": 0.0,
    "min": 8.997109413146973,
    "max": 8.997109413146973
  },
  "injected_loss": {
    "mean": 8.996988296508789,
    "std": 0.0,
    "min": 8.996988296508789,
    "max": 8.996988296508789
  },
  "loss_diff": {
    "mean": -0.00012111663818359375,
    "std": 0.0,
    "min": -0.00012111663818359375,
    "max": -0.00012111663818359375
  },
  "violation_detection": {
    "detection_rate": 0.0,
    "total_violations": 0,
    "avg_violations_per_run": 0.0
  }
}