{
  "exp_id": "gpt2_comprehensive_sweep_seed=0_injection_layers=[9]_injection_bit=25_injection_location=k_injection_idx=(0, 0, 10, 20)",
  "num_runs": 1,
  "timestamp": "2025-10-14T18:12:35.521120",
  "baseline_loss": {
    "mean": 13.721664428710938,
    "std": 0.0,
    "min": 13.721664428710938,
    "max": 13.721664428710938
  },
  "injected_loss": {
    "mean": 13.721670150756836,
    "std": 0.0,
    "min": 13.721670150756836,
    "max": 13.721670150756836
  },
  "loss_diff": {
    "mean": 5.7220458984375e-06,
    "std": 0.0,
    "min": 5.7220458984375e-06,
    "max": 5.7220458984375e-06
  },
  "violation_detection": {
    "detection_rate": 0.0,
    "total_violations": 0,
    "avg_violations_per_run": 0.0
  }
}