{
  "exp_id": "gpt2_comprehensive_sweep_seed=42_injection_layers=[9]_injection_bit=29_injection_location=scores_injection_idx=(0, 0, 10, 20)",
  "run_id": 0,
  "timestamp": "2025-10-14T20:39:19.721593",
  "baseline_loss": 8.462053298950195,
  "injected_loss": 8.462048530578613,
  "loss_diff": -4.76837158203125e-06,
  "bounds_valid": null,
  "violation_detected": false,
  "num_violations": 0,
  "violation_positions": [],
  "baseline_epsilon_stats": {
    "9": {
      "epsilon_mean": 6.7392191886901855,
      "epsilon_std": 4.8921427726745605,
      "lower_mean": 0.5418864488601685,
      "upper_mean": 9.379467010498047,
      "gamma_mean": 0.2731764018535614
    }
  },
  "injected_epsilon_stats": null,
  "injection_info": {
    "location": "scores",
    "idx": [
      0,
      0,
      10,
      20
    ],
    "bit": 29,
    "enabled": true,
    "multi_bit": false,
    "bit_list": null,
    "random_position": false,
    "injection_rate": 0.0
  },
  "extra_data": {
    "epsilon_analysis": [
      {
        "layer_idx": 9,
        "analysis": {
          "mean_diff": 3.692321479320526e-05,
          "std_diff": 0.0014470885507762432,
          "max_abs_diff": 0.05671405792236328,
          "top_changes": [
            [
              [
                0,
                0,
                10
              ],
              {
                "baseline_epsilon": 1.7749238014221191,
                "injected_epsilon": 1.8316378593444824,
                "epsilon_diff": 0.05671405792236328,
                "abs_diff": 0.05671405792236328
              },
              {
                "lower1": 0.02000122331082821,
                "middle": 0.03929297998547554,
                "upper": 2.456228256225586,
                "gamma": 0.005012869834899902
              }
            ]
          ]
        }
      }
    ],
    "performance": {
      "time": {
        "total_time": 0.01824498176574707,
        "baseline_forward_time": 0.006943941116333008,
        "injection_forward_time": 0.006506681442260742,
        "bounds_computation_time": 0.0007472038269042969,
        "violation_detection_time": 0.0015125274658203125
      },
      "memory": {
        "peak_memory_allocated_mb": 1097.94921875,
        "peak_memory_reserved_mb": 1718.0,
        "baseline_memory_mb": 1038.75244140625,
        "injection_memory_mb": 1097.94921875
      },
      "compute": {
        "num_attention_layers": 12,
        "num_attention_heads": 12,
        "sequence_length": 64,
        "batch_size": 2,
        "attention_flops": 0.0,
        "bounds_flops": 0.0
      },
      "extra": {}
    }
  }
}