{
  "exp_id": "gpt2_comprehensive_sweep_seed=0_injection_layers=[3]_injection_bit=6_injection_location=k_injection_idx=(0, 3, 53, 43)",
  "run_id": 0,
  "timestamp": "2025-12-12T06:59:22.931705",
  "baseline_loss": 13.791720390319824,
  "injected_loss": 13.791719436645508,
  "loss_diff": -9.5367431640625e-07,
  "bounds_valid": null,
  "violation_detected": false,
  "num_violations": 0,
  "violation_positions": [],
  "baseline_epsilon_stats": {
    "3": {
      "epsilon_mean": 6.302740097045898,
      "epsilon_std": 2.23594331741333,
      "lower_mean": 0.9555976390838623,
      "upper_mean": 17.05971336364746,
      "gamma_mean": 1.0718344449996948
    }
  },
  "injected_epsilon_stats": null,
  "injection_info": {
    "location": "k",
    "idx": [
      0,
      3,
      53,
      43
    ],
    "bit": 6,
    "enabled": true,
    "multi_bit": false,
    "bit_list": null,
    "random_position": false,
    "injection_rate": 0.0
  },
  "extra_data": {
    "epsilon_analysis": [
      {
        "layer_idx": 3,
        "analysis": {
          "mean_diff": 4.1599076183729267e-08,
          "std_diff": 2.176152293031919e-06,
          "max_abs_diff": 3.0517578125e-05,
          "top_changes": [
            [
              [
                0,
                3,
                11
              ],
              {
                "baseline_epsilon": 6.399932861328125,
                "injected_epsilon": 6.39996337890625,
                "epsilon_diff": 3.0517578125e-05,
                "abs_diff": 3.0517578125e-05
              },
              {
                "lower1": 1.1537537574768066,
                "middle": 1.9576020240783691,
                "upper": 18.457042694091797,
                "gamma": 0.3485870361328125
              }
            ],
            [
              [
                0,
                3,
                4
              ],
              {
                "baseline_epsilon": 6.513519287109375,
                "injected_epsilon": 6.51348876953125,
                "epsilon_diff": -3.0517578125e-05,
                "abs_diff": 3.0517578125e-05
              },
              {
                "lower1": 0.6548053622245789,
                "middle": 1.1823978424072266,
                "upper": 18.457042694091797,
                "gamma": 0.1798267364501953
              }
            ],
            [
              [
                0,
                3,
                2
              ],
              {
                "baseline_epsilon": 6.2875823974609375,
                "injected_epsilon": 6.2875518798828125,
                "epsilon_diff": -3.0517578125e-05,
                "abs_diff": 3.0517578125e-05
              },
              {
                "lower1": 0.4527885317802429,
                "middle": 0.8357411026954651,
                "upper": 18.457042694091797,
                "gamma": 0.12044143676757812
              }
            ],
            [
              [
                0,
                3,
                21
              ],
              {
                "baseline_epsilon": 6.0713958740234375,
                "injected_epsilon": 6.0714263916015625,
                "epsilon_diff": 3.0517578125e-05,
                "abs_diff": 3.0517578125e-05
              },
              {
                "lower1": 1.504607081413269,
                "middle": 2.422271728515625,
                "upper": 18.457042694091797,
                "gamma": 0.49733543395996094
              }
            ],
            [
              [
                0,
                3,
                34
              ],
              {
                "baseline_epsilon": 5.71929931640625,
                "injected_epsilon": 5.7193145751953125,
                "epsilon_diff": 1.52587890625e-05,
                "abs_diff": 1.52587890625e-05
              },
              {
                "lower1": 1.7609657049179077,
                "middle": 2.7070562839508057,
                "upper": 18.457042694091797,
                "gamma": 0.6358442306518555
              }
            ],
            [
              [
                0,
                3,
                39
              ],
              {
                "baseline_epsilon": 5.62628173828125,
                "injected_epsilon": 5.6262969970703125,
                "epsilon_diff": 1.52587890625e-05,
                "abs_diff": 1.52587890625e-05
              },
              {
                "lower1": 1.8172547817230225,
                "middle": 2.7617123126983643,
                "upper": 18.457042694091797,
                "gamma": 0.6719350814819336
              }
            ],
            [
              [
                0,
                3,
                15
              ],
              {
                "baseline_epsilon": 6.25933837890625,
                "injected_epsilon": 6.2593536376953125,
                "epsilon_diff": 1.52587890625e-05,
                "abs_diff": 1.52587890625e-05
              },
              {
                "lower1": 1.3236995935440063,
                "middle": 2.1919565200805664,
                "upper": 18.457042694091797,
                "gamma": 0.4163799285888672
              }
            ],
            [
              [
                0,
                3,
                13
              ],
              {
                "baseline_epsilon": 6.3274993896484375,
                "injected_epsilon": 6.3275146484375,
                "epsilon_diff": 1.52587890625e-05,
                "abs_diff": 1.52587890625e-05
              },
              {
                "lower1": 1.2466919422149658,
                "middle": 2.0878188610076904,
                "upper": 18.457042694091797,
                "gamma": 0.3848133087158203
              }
            ],
            [
              [
                0,
                3,
                25
              ],
              {
                "baseline_epsilon": 5.9529266357421875,
                "injected_epsilon": 5.952911376953125,
                "epsilon_diff": -1.52587890625e-05,
                "abs_diff": 1.52587890625e-05
              },
              {
                "lower1": 1.6006702184677124,
                "middle": 2.5353753566741943,
                "upper": 18.457042694091797,
                "gamma": 0.5452289581298828
              }
            ],
            [
              [
                0,
                3,
                19
              ],
              {
                "baseline_epsilon": 6.1317596435546875,
                "injected_epsilon": 6.13177490234375,
                "epsilon_diff": 1.52587890625e-05,
                "abs_diff": 1.52587890625e-05
              },
              {
                "lower1": 1.4507111310958862,
                "middle": 2.35589599609375,
                "upper": 18.457042694091797,
                "gamma": 0.47208595275878906
              }
            ],
            [
              [
                0,
                3,
                26
              ],
              {
                "baseline_epsilon": 5.9248809814453125,
                "injected_epsilon": 5.924896240234375,
                "epsilon_diff": 1.52587890625e-05,
                "abs_diff": 1.52587890625e-05
              },
              {
                "lower1": 1.621939778327942,
                "middle": 2.559481382369995,
                "upper": 18.457042694091797,
                "gamma": 0.5564041137695312
              }
            ],
            [
              [
                0,
                3,
                16
              ],
              {
                "baseline_epsilon": 6.2265777587890625,
                "injected_epsilon": 6.2265625,
                "epsilon_diff": -1.52587890625e-05,
                "abs_diff": 1.52587890625e-05
              },
              {
                "lower1": 1.3582836389541626,
                "middle": 2.2376084327697754,
                "upper": 18.457042694091797,