{
  "exp_id": "gpt2_comprehensive_sweep_seed=123_injection_layers=[0]_injection_bit=21_injection_location=k_injection_idx=(1, 9, 31, 62)",
  "run_id": 0,
  "timestamp": "2025-12-12T07:02:07.372320",
  "baseline_loss": 13.588921546936035,
  "injected_loss": 13.588920593261719,
  "loss_diff": -9.5367431640625e-07,
  "bounds_valid": null,
  "violation_detected": false,
  "num_violations": 0,
  "violation_positions": [],
  "baseline_epsilon_stats": {
    "0": {
      "epsilon_mean": 4.467039108276367,
      "epsilon_std": 2.3451578617095947,
      "lower_mean": 0.39254388213157654,
      "upper_mean": 9.511073112487793,
      "gamma_mean": 0.164742574095726
    }
  },
  "injected_epsilon_stats": null,
  "injection_info": {
    "location": "k",
    "idx": [
      1,
      9,
      31,
      62
    ],
    "bit": 21,
    "enabled": true,
    "multi_bit": false,
    "bit_list": null,
    "random_position": false,
    "injection_rate": 0.0
  },
  "extra_data": {
    "epsilon_analysis": [
      {
        "layer_idx": 0,
        "analysis": {
          "mean_diff": 2.443169648813637e-07,
          "std_diff": 4.614246336132055e-06,
          "max_abs_diff": 0.00011205673217773438,
          "top_changes": [
            [
              [
                1,
                9,
                4
              ],
              {
                "baseline_epsilon": 0.8793559074401855,
                "injected_epsilon": 0.8794679641723633,
                "epsilon_diff": 0.00011205673217773438,
                "abs_diff": 0.00011205673217773438
              },
              {
                "lower1": 0.029033144935965538,
                "middle": 0.05721883103251457,
                "upper": 1.7084803581237793,
                "gamma": 0.007284820079803467
              }
            ],
            [
              [
                1,
                9,
                3
              ],
              {
                "baseline_epsilon": 1.0639612674713135,
                "injected_epsilon": 1.0640352964401245,
                "epsilon_diff": 7.402896881103516e-05,
                "abs_diff": 7.402896881103516e-05
              },
              {
                "lower1": 0.0481034554541111,
                "middle": 0.09495379775762558,
                "upper": 2.455474853515625,
                "gamma": 0.01209905743598938
              }
            ],
            [
              [
                1,
                9,
                1
              ],
              {
                "baseline_epsilon": 1.2635716199874878,
                "injected_epsilon": 1.2636302709579468,
                "epsilon_diff": 5.8650970458984375e-05,
                "abs_diff": 5.8650970458984375e-05
              },
              {
                "lower1": 0.05061200261116028,
                "middle": 0.09988375753164291,
                "upper": 2.6685473918914795,
                "gamma": 0.012734077870845795
              }
            ],
            [
              [
                1,
                9,
                5
              ],
              {
                "baseline_epsilon": 1.6056928634643555,
                "injected_epsilon": 1.605638027191162,
                "epsilon_diff": -5.4836273193359375e-05,
                "abs_diff": 5.4836273193359375e-05
              },
              {
                "lower1": 0.03188968449831009,
                "middle": 0.06271570920944214,
                "upper": 3.216942310333252,
                "gamma": 0.008004456758499146
              }
            ],
            [
              [
                1,
                9,
                7
              ],
              {
                "baseline_epsilon": 0.9732961654663086,
                "injected_epsilon": 0.9733390808105469,
                "epsilon_diff": 4.291534423828125e-05,
                "abs_diff": 4.291534423828125e-05
              },
              {
                "lower1": 0.00786459632217884,
                "middle": 0.015443178825080395,
                "upper": 2.8162364959716797,
                "gamma": 0.001968085765838623
              }
            ],
            [
              [
                1,
                9,
                2
              ],
              {
                "baseline_epsilon": 1.2417868375778198,
                "injected_epsilon": 1.241817831993103,
                "epsilon_diff": 3.0994415283203125e-05,
                "abs_diff": 3.0994415283203125e-05
              },
              {
                "lower1": 0.0009382756543345749,
                "middle": 0.0018406221643090248,
                "upper": 2.3316450119018555,
                "gamma": 0.00023459643125534058
              }
            ],
            [
              [
                1,
                9,
                8
              ],
              {
                "baseline_epsilon": 1.3955121040344238,
                "injected_epsilon": 1.3955421447753906,
                "epsilon_diff": 3.0040740966796875e-05,
                "abs_diff": 3.0040740966796875e-05
              },
              {
                "lower1": 0.016495050862431526,
                "middle": 0.03239050880074501,
                "upper": 3.1643967628479004,
                "gamma": 0.004132300615310669
              }
            ],
            [
              [
                1,
                9,
                9
              ],
              {
                "baseline_epsilon": 1.505826473236084,
                "injected_epsilon": 1.5058543682098389,
                "epsilon_diff": 2.7894973754882812e-05,
                "abs_diff": 2.7894973754882812e-05
              },
              {
                "lower1": 0.015869008377194405,
                "middle": 0.031146584078669548,
                "upper": 3.3822970390319824,
                "gamma": 0.0039751529693603516
              }
            ],
            [
              [
                1,
                9,
                10
              ],
              {
                "baseline_epsilon": 1.611842155456543,
                "injected_epsilon": 1.6118650436401367,
                "epsilon_diff": 2.288818359375e-05,
                "abs_diff": 2.288818359375e-05
              },
              {
                "lower1": 0.015261273831129074,
                "middle": 0.029940025880932808,
                "upper": 3.5933644771575928,
                "gamma": 0.003822624683380127
              }
            ],
            [
              [
                1,
                9,
                11
              ],
              {
                "baseline_epsilon": 1.735830545425415,
                "injected_epsilon": 1.7358527183532715,
                "epsilon_diff": 2.2172927856445312e-05,
                "abs_diff": 2.2172927856445312e-05
              },
              {
                "lower1": 0.015122327953577042,
                "middle": 0.029653850942850113,
                "upper": 3.8216917514801025,
                "gamma": 0.0037877559661865234
              }
            ],
            [
              [
                1,
                9,
                13
              ],
              {
                "baseline_epsilon": 2.016735553741455,
                "injected_epsilon": 2.016754150390625,
                "epsilon_diff": 1.8596649169921875e-05,
                "abs_diff": 1.8596649169921875e-05
              },
              {
                "lower1": 0.016671815887093544,
                "middle": 0.032664693892002106,
                "upper": 4.339534282684326,
                "gamma": 0.004176676273345947
              }
            ],
            [
              [
                1,
                9,
                12
              ],
              {
                "baseline_epsilon": 1.8848533630371094,
                "injected_epsilon": 1.884871482849121,
                "epsilon_diff": 1.811981201171875e-05,