{
  "exp_id": "gpt2_comprehensive_sweep_seed=0_injection_layers=[6]_injection_bit=30_injection_location=q_injection_idx=(0, 0, 10, 20)",
  "num_runs": 1,
  "timestamp": "2025-12-12T07:00:00.565008",
  "baseline_loss": {
    "mean": 12.89038372039795,
    "std": 0.0,
    "min": 12.89038372039795,
    "max": 12.89038372039795
  },
  "injected_loss": {
    "mean": 12.890402793884277,
    "std": 0.0,
    "min": 12.890402793884277,
    "max": 12.890402793884277
  },
  "loss_diff": {
    "mean": 1.9073486328125e-05,
    "std": 0.0,
    "min": 1.9073486328125e-05,
    "max": 1.9073486328125e-05
  },
  "violation_detection": {
    "detection_rate": 1.0,
    "total_violations": 1,
    "avg_violations_per_run": 1.0
  }
}