{
  "exp_id": "gpt2_comprehensive_sweep_seed=123_injection_layers=[0]_injection_bit=8_injection_location=k_injection_idx=(1, 6, 32, 1)",
  "run_id": 0,
  "timestamp": "2025-12-12T07:01:57.452810",
  "baseline_loss": 13.588921546936035,
  "injected_loss": 13.588921546936035,
  "loss_diff": 0.0,
  "bounds_valid": null,
  "violation_detected": false,
  "num_violations": 0,
  "violation_positions": [],
  "baseline_epsilon_stats": {
    "0": {
      "epsilon_mean": 4.467039108276367,
      "epsilon_std": 2.3451578617095947,
      "lower_mean": 0.39254388213157654,
      "upper_mean": 9.511073112487793,
      "gamma_mean": 0.164742574095726
    }
  },
  "injected_epsilon_stats": null,
  "injection_info": {
    "location": "k",
    "idx": [
      1,
      6,
      32,
      1
    ],
    "bit": 8,
    "enabled": true,
    "multi_bit": false,
    "bit_list": null,
    "random_position": false,
    "injection_rate": 0.0
  },
  "extra_data": {
    "epsilon_analysis": [
      {
        "layer_idx": 0,
        "analysis": {
          "mean_diff": 7.761021825203329e-10,
          "std_diff": 2.360759623343256e-07,
          "max_abs_diff": 3.814697265625e-06,
          "top_changes": [
            [
              [
                1,
                6,
                56
              ],
              {
                "baseline_epsilon": 7.854972839355469,
                "injected_epsilon": 7.854976654052734,
                "epsilon_diff": 3.814697265625e-06,
                "abs_diff": 3.814697265625e-06
              },
              {
                "lower1": 1.2651233673095703,
                "middle": 2.9912045001983643,
                "upper": 9.686758041381836,
                "gamma": 0.39223289489746094
              }
            ],
            [
              [
                1,
                6,
                61
              ],
              {
                "baseline_epsilon": 8.371987342834473,
                "injected_epsilon": 8.371991157531738,
                "epsilon_diff": 3.814697265625e-06,
                "abs_diff": 3.814697265625e-06
              },
              {
                "lower1": 1.443846583366394,
                "middle": 3.565962076187134,
                "upper": 10.059048652648926,
                "gamma": 0.4689444303512573
              }
            ],
            [
              [
                1,
                6,
                54
              ],
              {
                "baseline_epsilon": 7.715794563293457,
                "injected_epsilon": 7.715792655944824,
                "epsilon_diff": -1.9073486328125e-06,
                "abs_diff": 1.9073486328125e-06
              },
              {
                "lower1": 1.2071709632873535,
                "middle": 2.8174121379852295,
                "upper": 9.59199047088623,
                "gamma": 0.36917388439178467
              }
            ],
            [
              [
                1,
                6,
                45
              ],
              {
                "baseline_epsilon": 6.902952194213867,
                "injected_epsilon": 6.9029541015625,
                "epsilon_diff": 1.9073486328125e-06,
                "abs_diff": 1.9073486328125e-06
              },
              {
                "lower1": 0.8616719841957092,
                "middle": 1.8801398277282715,
                "upper": 9.047466278076172,
                "gamma": 0.24537146091461182
              }
            ],
            [
              [
                1,
                6,
                32
              ],
              {
                "baseline_epsilon": 5.546673774719238,
                "injected_epsilon": 5.5466718673706055,
                "epsilon_diff": -1.9073486328125e-06,
                "abs_diff": 1.9073486328125e-06
              },
              {
                "lower1": 0.4267100989818573,
                "middle": 0.872336208820343,
                "upper": 7.716122627258301,
                "gamma": 0.11306226253509521
              }
            ],
            [
              [
                1,
                6,
                3
              ],
              {
                "baseline_epsilon": 5.674100875854492,
                "injected_epsilon": 5.674098968505859,
                "epsilon_diff": -1.9073486328125e-06,
                "abs_diff": 1.9073486328125e-06
              },
              {
                "lower1": 1.0332952737808228,
                "middle": 2.3552775382995605,
                "upper": 5.978893280029297,
                "gamma": 0.3042558431625366
              }
            ],
            [
              [
                1,
                6,
                38
              ],
              {
                "baseline_epsilon": 6.080410957336426,
                "injected_epsilon": 6.080409049987793,
                "epsilon_diff": -1.9073486328125e-06,
                "abs_diff": 1.9073486328125e-06
              },
              {
                "lower1": 0.5655766129493713,
                "middle": 1.177990198135376,
                "upper": 8.288058280944824,
                "gamma": 0.1530895233154297
              }
            ],
            [
              [
                1,
                6,
                44
              ],
              {
                "baseline_epsilon": 6.594916343688965,
                "injected_epsilon": 6.594918251037598,
                "epsilon_diff": 1.9073486328125e-06,
                "abs_diff": 1.9073486328125e-06
              },
              {
                "lower1": 0.7302135229110718,
                "middle": 1.5588159561157227,
                "upper": 8.767592430114746,
                "gamma": 0.2031095027923584
              }
            ],
            [
              [
                1,
                6,
                62
              ],
              {
                "baseline_epsilon": 8.516915321350098,
                "injected_epsilon": 8.516913414001465,
                "epsilon_diff": -1.9073486328125e-06,
                "abs_diff": 1.9073486328125e-06
              },
              {
                "lower1": 1.3930778503417969,
                "middle": 3.390110492706299,
                "upper": 10.163254737854004,
                "gamma": 0.44619524478912354
              }
            ],
            [
              [
                1,
                6,
                51
              ],
              {
                "baseline_epsilon": 7.259115219116211,
                "injected_epsilon": 7.259113311767578,
                "epsilon_diff": -1.9073486328125e-06,
                "abs_diff": 1.9073486328125e-06
              },
              {
                "lower1": 1.0080126523971558,
                "middle": 2.258957862854004,
                "upper": 9.243186950683594,
                "gamma": 0.29528605937957764
              }
            ],
            [
              [
                1,
                6,
                46
              ],
              {
                "baseline_epsilon": 6.958788871765137,
                "injected_epsilon": 6.958786964416504,
                "epsilon_diff": -1.9073486328125e-06,
                "abs_diff": 1.9073486328125e-06
              },
              {
                "lower1": 0.8888759613037109,
                "middle": 1.948934555053711,
                "upper": 9.068703651428223,
                "gamma": 0.25440704822540283
              }
            ],
            [
              [
                1,
                6,
                47
              ],
              {
                "baseline_epsilon": 6.985085487365723,
                "injected_epsilon": 6.9850873947143555,
                "epsilon_diff": 1.9073486328125e-06,
                "abs_diff": 1.9073486328125e-06
              },
              {
                "lower1": 0.8904868364334106,
                "middle": 1.9528071880340576,