{
  "exp_id": "gpt2_comprehensive_sweep_seed=42_injection_layers=[6]_injection_bit=15_injection_location=q_injection_idx=(1, 9, 31, 62)",
  "run_id": 0,
  "timestamp": "2025-10-14T18:31:38.522212",
  "baseline_loss": 8.242022514343262,
  "injected_loss": 8.242023468017578,
  "loss_diff": 9.5367431640625e-07,
  "bounds_valid": null,
  "violation_detected": false,
  "num_violations": 0,
  "violation_positions": [],
  "baseline_epsilon_stats": {
    "6": {
      "epsilon_mean": 6.548065185546875,
      "epsilon_std": 3.726759433746338,
      "lower_mean": 0.3866293430328369,
      "upper_mean": 13.199361801147461,
      "gamma_mean": 0.11128012835979462
    }
  },
  "injected_epsilon_stats": null,
  "injection_info": {
    "location": "q",
    "idx": [
      1,
      9,
      31,
      62
    ],
    "bit": 15,
    "enabled": true,
    "multi_bit": false,
    "bit_list": null,
    "random_position": false,
    "injection_rate": 0.0
  },
  "extra_data": {
    "epsilon_analysis": [
      {
        "layer_idx": 6,
        "analysis": {
          "mean_diff": 8.220474114750687e-07,
          "std_diff": 3.221754377591424e-05,
          "max_abs_diff": 0.001262664794921875,
          "top_changes": [
            [
              [
                1,
                9,
                31
              ],
              {
                "baseline_epsilon": 8.846702575683594,
                "injected_epsilon": 8.847965240478516,
                "epsilon_diff": 0.001262664794921875,
                "abs_diff": 0.001262664794921875
              },
              {
                "lower1": 1.1660196781158447,
                "middle": 2.4482834339141846,
                "upper": 18.457042694091797,
                "gamma": 0.35326051712036133
              }
            ]
          ]
        }
      }
    ],
    "performance": {
      "time": {
        "total_time": 0.02149033546447754,
        "baseline_forward_time": 0.008533477783203125,
        "injection_forward_time": 0.007696390151977539,
        "bounds_computation_time": 0.0007951259613037109,
        "violation_detection_time": 0.0014715194702148438
      },
      "memory": {
        "peak_memory_allocated_mb": 1388.30322265625,
        "peak_memory_reserved_mb": 1676.0,
        "baseline_memory_mb": 1329.1064453125,
        "injection_memory_mb": 1388.30322265625
      },
      "compute": {
        "num_attention_layers": 12,
        "num_attention_heads": 12,
        "sequence_length": 64,
        "batch_size": 2,
        "attention_flops": 0.0,
        "bounds_flops": 0.0
      },
      "extra": {}
    }
  }
}