{
  "exp_id": "gpt2_comprehensive_sweep_seed=123_injection_layers=[0]_injection_bit=6_injection_location=k_injection_idx=(1, 6, 32, 1)",
  "run_id": 0,
  "timestamp": "2025-12-12T07:01:55.990357",
  "baseline_loss": 13.588921546936035,
  "injected_loss": 13.588920593261719,
  "loss_diff": -9.5367431640625e-07,
  "bounds_valid": null,
  "violation_detected": false,
  "num_violations": 0,
  "violation_positions": [],
  "baseline_epsilon_stats": {
    "0": {
      "epsilon_mean": 4.467039108276367,
      "epsilon_std": 2.3451578617095947,
      "lower_mean": 0.39254388213157654,
      "upper_mean": 9.511073112487793,
      "gamma_mean": 0.164742574095726
    }
  },
  "injected_epsilon_stats": null,
  "injection_info": {
    "location": "k",
    "idx": [
      1,
      6,
      32,
      1
    ],
    "bit": 6,
    "enabled": true,
    "multi_bit": false,
    "bit_list": null,
    "random_position": false,
    "injection_rate": 0.0
  },
  "extra_data": {
    "epsilon_analysis": [
      {
        "layer_idx": 0,
        "analysis": {
          "mean_diff": -2.3283064365386963e-10,
          "std_diff": 2.2060972071358265e-07,
          "max_abs_diff": 3.814697265625e-06,
          "top_changes": [
            [
              [
                1,
                6,
                61
              ],
              {
                "baseline_epsilon": 8.371987342834473,
                "injected_epsilon": 8.371991157531738,
                "epsilon_diff": 3.814697265625e-06,
                "abs_diff": 3.814697265625e-06
              },
              {
                "lower1": 1.443846583366394,
                "middle": 3.565962076187134,
                "upper": 10.059048652648926,
                "gamma": 0.4689444303512573
              }
            ],
            [
              [
                1,
                6,
                56
              ],
              {
                "baseline_epsilon": 7.854972839355469,
                "injected_epsilon": 7.854976654052734,
                "epsilon_diff": 3.814697265625e-06,
                "abs_diff": 3.814697265625e-06
              },
              {
                "lower1": 1.2651233673095703,
                "middle": 2.9912045001983643,
                "upper": 9.686758041381836,
                "gamma": 0.39223289489746094
              }
            ],
            [
              [
                1,
                6,
                42
              ],
              {
                "baseline_epsilon": 6.603044509887695,
                "injected_epsilon": 6.603048324584961,
                "epsilon_diff": 3.814697265625e-06,
                "abs_diff": 3.814697265625e-06
              },
              {
                "lower1": 0.751991868019104,
                "middle": 1.6112396717071533,
                "upper": 8.797418594360352,
                "gamma": 0.20995867252349854
              }
            ],
            [
              [
                1,
                6,
                51
              ],
              {
                "baseline_epsilon": 7.259115219116211,
                "injected_epsilon": 7.259113311767578,
                "epsilon_diff": -1.9073486328125e-06,
                "abs_diff": 1.9073486328125e-06
              },
              {
                "lower1": 1.0080126523971558,
                "middle": 2.258957862854004,
                "upper": 9.243186950683594,
                "gamma": 0.29528605937957764
              }
            ],
            [
              [
                1,
                6,
                59
              ],
              {
                "baseline_epsilon": 8.06019115447998,
                "injected_epsilon": 8.060189247131348,
                "epsilon_diff": -1.9073486328125e-06,
                "abs_diff": 1.9073486328125e-06
              },
              {
                "lower1": 1.3545782566070557,
                "middle": 3.2719175815582275,
                "upper": 9.799145698547363,
                "gamma": 0.4294785261154175
              }
            ],
            [
              [
                1,
                6,
                55
              ],
              {
                "baseline_epsilon": 7.723860740661621,
                "injected_epsilon": 7.723862648010254,
                "epsilon_diff": 1.9073486328125e-06,
                "abs_diff": 1.9073486328125e-06
              },
              {
                "lower1": 1.205885887145996,
                "middle": 2.8135335445404053,
                "upper": 9.586678504943848,
                "gamma": 0.3686712980270386
              }
            ],
            [
              [
                1,
                6,
                43
              ],
              {
                "baseline_epsilon": 6.537619590759277,
                "injected_epsilon": 6.5376176834106445,
                "epsilon_diff": -1.9073486328125e-06,
                "abs_diff": 1.9073486328125e-06
              },
              {
                "lower1": 0.7164844274520874,
                "middle": 1.5263665914535522,
                "upper": 8.71182918548584,
                "gamma": 0.19882118701934814
              }
            ],
            [
              [
                1,
                6,
                50
              ],
              {
                "baseline_epsilon": 7.27993106842041,
                "injected_epsilon": 7.279929161071777,
                "epsilon_diff": -1.9073486328125e-06,
                "abs_diff": 1.9073486328125e-06
              },
              {
                "lower1": 1.007991075515747,
                "middle": 2.2583444118499756,
                "upper": 9.310975074768066,
                "gamma": 0.2952784299850464
              }
            ],
            [
              [
                1,
                6,
                58
              ],
              {
                "baseline_epsilon": 8.04340934753418,
                "injected_epsilon": 8.043407440185547,
                "epsilon_diff": -1.9073486328125e-06,
                "abs_diff": 1.9073486328125e-06
              },
              {
                "lower1": 1.3495842218399048,
                "middle": 3.2557661533355713,
                "upper": 9.80438232421875,
                "gamma": 0.42734193801879883
              }
            ],
            [
              [
                1,
                6,
                53
              ],
              {
                "baseline_epsilon": 7.664578437805176,
                "injected_epsilon": 7.664576530456543,
                "epsilon_diff": -1.9073486328125e-06,
                "abs_diff": 1.9073486328125e-06
              },
              {
                "lower1": 1.1670355796813965,
                "middle": 2.6991963386535645,
                "upper": 9.616921424865723,
                "gamma": 0.3536490201950073
              }
            ],
            [
              [
                1,
                6,
                30
              ],
              {
                "baseline_epsilon": 5.483473777770996,
                "injected_epsilon": 5.48347282409668,
                "epsilon_diff": -9.5367431640625e-07,
                "abs_diff": 9.5367431640625e-07
              },
              {
                "lower1": 0.4510107934474945,
                "middle": 0.9257815480232239,
                "upper": 7.588146209716797,
                "gamma": 0.11993646621704102
              }
            ],
            [
              [
                1,
                6,
                25
              ],
              {
                "baseline_epsilon": 5.556289196014404,
                "injected_epsilon": 5.556288242340088,
                "epsilon_diff": -9.5367431640625e-07,
                "abs_diff": 9.5367431640625e-07
              },
              {
                "lower1": 0.6558089256286621,
                "middle": 1.3906406164169312,