{
  "exp_id": "gpt2_comprehensive_sweep_seed=42_injection_layers=[3]_injection_bit=31_injection_location=k_injection_idx=(1, 9, 31, 62)",
  "run_id": 0,
  "timestamp": "2025-10-14T18:31:36.715619",
  "baseline_loss": 7.881114482879639,
  "injected_loss": 7.8810505867004395,
  "loss_diff": -6.389617919921875e-05,
  "bounds_valid": null,
  "violation_detected": false,
  "num_violations": 0,
  "violation_positions": [],
  "baseline_epsilon_stats": {
    "3": {
      "epsilon_mean": 5.532190322875977,
      "epsilon_std": 2.821462392807007,
      "lower_mean": 0.26533496379852295,
      "upper_mean": 12.459569931030273,
      "gamma_mean": 0.07388841360807419
    }
  },
  "injected_epsilon_stats": null,
  "injection_info": {
    "location": "k",
    "idx": [
      1,
      9,
      31,
      62
    ],
    "bit": 31,
    "enabled": true,
    "multi_bit": false,
    "bit_list": null,
    "random_position": false,
    "injection_rate": 0.0
  },
  "extra_data": {
    "epsilon_analysis": [
      {
        "layer_idx": 3,
        "analysis": {
          "mean_diff": 0.0004414276627358049,
          "std_diff": 0.0025330877397209406,
          "max_abs_diff": 0.03713417053222656,
          "top_changes": [
            [
              [
                1,
                9,
                2
              ],
              {
                "baseline_epsilon": 1.4459171295166016,
                "injected_epsilon": 1.4830513000488281,
                "epsilon_diff": 0.03713417053222656,
                "abs_diff": 0.03713417053222656
              },
              {
                "lower1": 0.07256510108709335,
                "middle": 0.1434231996536255,
                "upper": 3.850884437561035,
                "gamma": 0.01830887794494629
              }
            ],
            [
              [
                1,
                9,
                1
              ],
              {
                "baseline_epsilon": 1.9002838134765625,
                "injected_epsilon": 1.9305334091186523,
                "epsilon_diff": 0.030249595642089844,
                "abs_diff": 0.030249595642089844
              },
              {
                "lower1": 0.10008683800697327,
                "middle": 0.1983913779258728,
                "upper": 3.592543601989746,
                "gamma": 0.025342822074890137
              }
            ],
            [
              [
                1,
                9,
                4
              ],
              {
                "baseline_epsilon": 3.4896178245544434,
                "injected_epsilon": 3.5179309844970703,
                "epsilon_diff": 0.028313159942626953,
                "abs_diff": 0.028313159942626953
              },
              {
                "lower1": 0.011405848897993565,
                "middle": 0.022262098267674446,
                "upper": 4.404794216156006,
                "gamma": 0.002855539321899414
              }
            ],
            [
              [
                1,
                9,
                7
              ],
              {
                "baseline_epsilon": 2.723513603210449,
                "injected_epsilon": 2.748122215270996,
                "epsilon_diff": 0.024608612060546875,
                "abs_diff": 0.024608612060546875
              },
              {
                "lower1": 0.020773546770215034,
                "middle": 0.04064801335334778,
                "upper": 4.810148239135742,
                "gamma": 0.005206942558288574
              }
            ],
            [
              [
                1,
                9,
                6
              ],
              {
                "baseline_epsilon": 3.0032196044921875,
                "injected_epsilon": 3.027589797973633,
                "epsilon_diff": 0.024370193481445312,
                "abs_diff": 0.024370193481445312
              },
              {
                "lower1": 0.07900228351354599,
                "middle": 0.1555463820695877,
                "upper": 5.447519302368164,
                "gamma": 0.01994955539703369
              }
            ],
            [
              [
                1,
                9,
                5
              ],
              {
                "baseline_epsilon": 3.268240451812744,
                "injected_epsilon": 3.2857413291931152,
                "epsilon_diff": 0.017500877380371094,
                "abs_diff": 0.017500877380371094
              },
              {
                "lower1": 0.12385233491659164,
                "middle": 0.24530014395713806,
                "upper": 4.700472831726074,
                "gamma": 0.03145784139633179
              }
            ],
            [
              [
                1,
                9,
                8
              ],
              {
                "baseline_epsilon": 3.603550434112549,
                "injected_epsilon": 3.6199560165405273,
                "epsilon_diff": 0.016405582427978516,
                "abs_diff": 0.016405582427978516
              },
              {
                "lower1": 0.08119480311870575,
                "middle": 0.15953688323497772,
                "upper": 6.145879745483398,
                "gamma": 0.020509004592895508
              }
            ],
            [
              [
                1,
                9,
                41
              ],
              {
                "baseline_epsilon": 4.165699005126953,
                "injected_epsilon": 4.178226470947266,
                "epsilon_diff": 0.0125274658203125,
                "abs_diff": 0.0125274658203125
              },
              {
                "lower1": 0.08347991108894348,
                "middle": 0.1596951186656952,
                "upper": 18.457042694091797,
                "gamma": 0.02109241485595703
              }
            ],
            [
              [
                1,
                9,
                40
              ],
              {
                "baseline_epsilon": 4.167173385620117,
                "injected_epsilon": 4.179689407348633,
                "epsilon_diff": 0.012516021728515625,
                "abs_diff": 0.012516021728515625
              },
              {
                "lower1": 0.08381596952676773,
                "middle": 0.1603633165359497,
                "upper": 18.457042694091797,
                "gamma": 0.021178245544433594
              }
            ],
            [
              [
                1,
                9,
                42
              ],
              {
                "baseline_epsilon": 4.179431915283203,
                "injected_epsilon": 4.19194221496582,
                "epsilon_diff": 0.012510299682617188,
                "abs_diff": 0.012510299682617188
              },
              {
                "lower1": 0.08442176133394241,
                "middle": 0.16147065162658691,
                "upper": 18.457042694091797,
                "gamma": 0.021332979202270508
              }
            ],
            [
              [
                1,
                9,
                43
              ],
              {
                "baseline_epsilon": 4.186901092529297,
                "injected_epsilon": 4.199361801147461,
                "epsilon_diff": 0.012460708618164062,
                "abs_diff": 0.012460708618164062
              },
              {
                "lower1": 0.0848212018609047,
                "middle": 0.16221533715724945,
                "upper": 18.457042694091797,
                "gamma": 0.021435022354125977
              }
            ],
            [
              [
                1,
                9,
                39
              ],
              {
                "baseline_epsilon": 4.1578826904296875,
                "injected_epsilon": 4.170309066772461,
                "epsilon_diff": 0.012426376342773438,