{
  "exp_id": "gpt2_comprehensive_sweep_seed=42_injection_layers=[3]_injection_bit=31_injection_location=k_injection_idx=(1, 9, 31, 62)",
  "num_runs": 1,
  "timestamp": "2025-10-14T18:31:36.737625",
  "baseline_loss": {
    "mean": 7.881114482879639,
    "std": 0.0,
    "min": 7.881114482879639,
    "max": 7.881114482879639
  },
  "injected_loss": {
    "mean": 7.8810505867004395,
    "std": 0.0,
    "min": 7.8810505867004395,
    "max": 7.8810505867004395
  },
  "loss_diff": {
    "mean": -6.389617919921875e-05,
    "std": 0.0,
    "min": -6.389617919921875e-05,
    "max": -6.389617919921875e-05
  },
  "violation_detection": {
    "detection_rate": 0.0,
    "total_violations": 0,
    "avg_violations_per_run": 0.0
  }
}