{
  "exp_id": "gpt2_comprehensive_sweep_seed=0_injection_layers=[6]_injection_bit=14_injection_location=k_injection_idx=(0, 0, 10, 20)",
  "run_id": 0,
  "timestamp": "2025-12-12T06:59:50.247946",
  "baseline_loss": 12.89038372039795,
  "injected_loss": 12.890384674072266,
  "loss_diff": 9.5367431640625e-07,
  "bounds_valid": null,
  "violation_detected": false,
  "num_violations": 0,
  "violation_positions": [],
  "baseline_epsilon_stats": {
    "6": {
      "epsilon_mean": 7.864658355712891,
      "epsilon_std": 3.4537131786346436,
      "lower_mean": 0.852850615978241,
      "upper_mean": 17.020122528076172,
      "gamma_mean": 1.5244500637054443
    }
  },
  "injected_epsilon_stats": null,
  "injection_info": {
    "location": "k",
    "idx": [
      0,
      0,
      10,
      20
    ],
    "bit": 14,
    "enabled": true,
    "multi_bit": false,
    "bit_list": null,
    "random_position": false,
    "injection_rate": 0.0
  },
  "extra_data": {
    "epsilon_analysis": [
      {
        "layer_idx": 6,
        "analysis": {
          "mean_diff": -3.725290298461914e-09,
          "std_diff": 1.4600097131278744e-07,
          "max_abs_diff": 5.7220458984375e-06,
          "top_changes": [
            [
              [
                0,
                0,
                0
              ],
              {
                "baseline_epsilon": 0.4633979797363281,
                "injected_epsilon": 0.4633922576904297,
                "epsilon_diff": -5.7220458984375e-06,
                "abs_diff": 5.7220458984375e-06
              },
              {
                "lower1": 0.0012290971353650093,
                "middle": 0.0024176943115890026,
                "upper": 0.5406017303466797,
                "gamma": 0.00030732154846191406
              }
            ]
          ]
        }
      }
    ],
    "performance": {
      "time": {
        "total_time": 0.018667221069335938,
        "baseline_forward_time": 0.007241725921630859,
        "injection_forward_time": 0.0066242218017578125,
        "bounds_computation_time": 0.0007569789886474609,
        "violation_detection_time": 0.0014362335205078125
      },
      "memory": {
        "peak_memory_allocated_mb": 1098.94921875,
        "peak_memory_reserved_mb": 1720.0,
        "baseline_memory_mb": 1039.75244140625,
        "injection_memory_mb": 1098.94921875
      },
      "compute": {
        "num_attention_layers": 12,
        "num_attention_heads": 12,
        "sequence_length": 64,
        "batch_size": 2,
        "attention_flops": 0.0,
        "bounds_flops": 0.0
      },
      "extra": {}
    }
  }
}