{
  "exp_id": "gpt2_comprehensive_sweep_seed=3407_injection_layers=[3]_injection_bit=25_injection_location=k_injection_idx=(0, 3, 53, 43)",
  "num_runs": 1,
  "timestamp": "2025-12-12T07:12:47.598061",
  "baseline_loss": {
    "mean": 8.997109413146973,
    "std": 0.0,
    "min": 8.997109413146973,
    "max": 8.997109413146973
  },
  "injected_loss": {
    "mean": 8.99713134765625,
    "std": 0.0,
    "min": 8.99713134765625,
    "max": 8.99713134765625
  },
  "loss_diff": {
    "mean": 2.193450927734375e-05,
    "std": 0.0,
    "min": 2.193450927734375e-05,
    "max": 2.193450927734375e-05
  },
  "violation_detection": {
    "detection_rate": 1.0,
    "total_violations": 1,
    "avg_violations_per_run": 1.0
  }
}