{
  "exp_id": "gpt2_comprehensive_sweep_seed=3407_injection_layers=[3]_injection_bit=22_injection_location=k_injection_idx=(0, 0, 10, 20)",
  "run_id": 0,
  "timestamp": "2025-12-12T07:43:13.209931",
  "baseline_loss": 8.997109413146973,
  "injected_loss": 8.997106552124023,
  "loss_diff": -2.86102294921875e-06,
  "bounds_valid": null,
  "violation_detected": false,
  "num_violations": 0,
  "violation_positions": [],
  "baseline_epsilon_stats": {
    "3": {
      "epsilon_mean": 4.6995015144348145,
      "epsilon_std": 4.219686031341553,
      "lower_mean": 0.4203936457633972,
      "upper_mean": 5.6145782470703125,
      "gamma_mean": 0.16137349605560303
    }
  },
  "injected_epsilon_stats": null,
  "injection_info": {
    "location": "k",
    "idx": [
      0,
      0,
      10,
      20
    ],
    "bit": 22,
    "enabled": true,
    "multi_bit": false,
    "bit_list": null,
    "random_position": false,
    "injection_rate": 0.0
  },
  "extra_data": {
    "epsilon_analysis": [
      {
        "layer_idx": 3,
        "analysis": {
          "mean_diff": -2.3244259850230264e-08,
          "std_diff": 1.6173776202776935e-06,
          "max_abs_diff": 1.33514404296875e-05,
          "top_changes": [
            [
              [
                0,
                0,
                5
              ],
              {
                "baseline_epsilon": 6.710824012756348,
                "injected_epsilon": 6.710810661315918,
                "epsilon_diff": -1.33514404296875e-05,
                "abs_diff": 1.33514404296875e-05
              },
              {
                "lower1": 0.1572825014591217,
                "middle": 0.30876103043556213,
                "upper": 7.510522365570068,
                "gamma": 0.04012554883956909
              }
            ],
            [
              [
                0,
                0,
                61
              ],
              {
                "baseline_epsilon": 10.675363540649414,
                "injected_epsilon": 10.675376892089844,
                "epsilon_diff": 1.33514404296875e-05,
                "abs_diff": 1.33514404296875e-05
              },
              {
                "lower1": 0.33009791374206543,
                "middle": 0.6407610774040222,
                "upper": 13.258743286132812,
                "gamma": 0.08624091744422913
              }
            ],
            [
              [
                0,
                0,
                8
              ],
              {
                "baseline_epsilon": 7.951456546783447,
                "injected_epsilon": 7.951443672180176,
                "epsilon_diff": -1.2874603271484375e-05,
                "abs_diff": 1.2874603271484375e-05
              },
              {
                "lower1": 0.19600266218185425,
                "middle": 0.3836733400821686,
                "upper": 9.165173530578613,
                "gamma": 0.05026361346244812
              }
            ],
            [
              [
                0,
                0,
                63
              ],
              {
                "baseline_epsilon": 10.718515396118164,
                "injected_epsilon": 10.718527793884277,
                "epsilon_diff": 1.239776611328125e-05,
                "abs_diff": 1.239776611328125e-05
              },
              {
                "lower1": 0.3335910141468048,
                "middle": 0.6474663019180298,
                "upper": 13.33698558807373,
                "gamma": 0.08719700574874878
              }
            ],
            [
              [
                0,
                0,
                6
              ],
              {
                "baseline_epsilon": 7.343127727508545,
                "injected_epsilon": 7.343115329742432,
                "epsilon_diff": -1.239776611328125e-05,
                "abs_diff": 1.239776611328125e-05
              },
              {
                "lower1": 0.17669329047203064,
                "middle": 0.34642672538757324,
                "upper": 8.338634490966797,
                "gamma": 0.045194417238235474
              }
            ],
            [
              [
                0,
                0,
                7
              ],
              {
                "baseline_epsilon": 7.683872699737549,
                "injected_epsilon": 7.683861255645752,
                "epsilon_diff": -1.1444091796875e-05,
                "abs_diff": 1.1444091796875e-05
              },
              {
                "lower1": 0.18765904009342194,
                "middle": 0.3676277995109558,
                "upper": 8.797773361206055,
                "gamma": 0.048069894313812256
              }
            ],
            [
              [
                0,
                0,
                11
              ],
              {
                "baseline_epsilon": 8.516334533691406,
                "injected_epsilon": 8.51632308959961,
                "epsilon_diff": -1.1444091796875e-05,
                "abs_diff": 1.1444091796875e-05
              },
              {
                "lower1": 0.2136232554912567,
                "middle": 0.41734015941619873,
                "upper": 9.955305099487305,
                "gamma": 0.05491316318511963
              }
            ],
            [
              [
                0,
                0,
                10
              ],
              {
                "baseline_epsilon": 8.368999481201172,
                "injected_epsilon": 8.368988037109375,
                "epsilon_diff": -1.1444091796875e-05,
                "abs_diff": 1.1444091796875e-05
              },
              {
                "lower1": 0.2089780569076538,
                "middle": 0.40849027037620544,
                "upper": 9.748132705688477,
                "gamma": 0.05368521809577942
              }
            ],
            [
              [
                0,
                0,
                4
              ],
              {
                "baseline_epsilon": 5.534761428833008,
                "injected_epsilon": 5.534750461578369,
                "epsilon_diff": -1.0967254638671875e-05,
                "abs_diff": 1.0967254638671875e-05
              },
              {
                "lower1": 0.12405853718519211,
                "middle": 0.24395443499088287,
                "upper": 6.038518905639648,
                "gamma": 0.03151106834411621
              }
            ],
            [
              [
                0,
                0,
                62
              ],
              {
                "baseline_epsilon": 10.70683479309082,
                "injected_epsilon": 10.7068452835083,
                "epsilon_diff": 1.049041748046875e-05,
                "abs_diff": 1.049041748046875e-05
              },
              {
                "lower1": 0.33230701088905334,
                "middle": 0.6449609398841858,
                "upper": 13.316638946533203,
                "gamma": 0.08684545755386353
              }
            ],
            [
              [
                0,
                0,
                9
              ],
              {
                "baseline_epsilon": 8.189898490905762,
                "injected_epsilon": 8.189888000488281,
                "epsilon_diff": -1.049041748046875e-05,
                "abs_diff": 1.049041748046875e-05
              },
              {
                "lower1": 0.20306168496608734,
                "middle": 0.3971618115901947,
                "upper": 9.496485710144043,
                "gamma": 0.0521235466003418
              }
            ],
            [
              [
                0,
                0,
                12
              ],
              {
                "baseline_epsilon": 8.646923065185547,
                "injected_epsilon": 8.646913528442383,
                "epsilon_diff": -9.5367431640625e-06,