{
  "exp_id": "gpt2_comprehensive_sweep_seed=42_injection_layers=[6]_injection_bit=23_injection_location=q_injection_idx=(1, 6, 32, 1)",
  "num_runs": 1,
  "timestamp": "2025-10-14T18:31:39.338979",
  "baseline_loss": {
    "mean": 8.242022514343262,
    "std": 0.0,
    "min": 8.242022514343262,
    "max": 8.242022514343262
  },
  "injected_loss": {
    "mean": 8.241991996765137,
    "std": 0.0,
    "min": 8.241991996765137,
    "max": 8.241991996765137
  },
  "loss_diff": {
    "mean": -3.0517578125e-05,
    "std": 0.0,
    "min": -3.0517578125e-05,
    "max": -3.0517578125e-05
  },
  "violation_detection": {
    "detection_rate": 0.0,
    "total_violations": 0,
    "avg_violations_per_run": 0.0
  }
}