{
  "exp_id": "gpt2_comprehensive_sweep_seed=42_injection_layers=[6]_injection_bit=13_injection_location=scores_injection_idx=(1, 9, 31, 62)",
  "run_id": 0,
  "timestamp": "2025-12-12T07:01:17.355429",
  "baseline_loss": 12.89038372039795,
  "injected_loss": 12.89038372039795,
  "loss_diff": 0.0,
  "bounds_valid": null,
  "violation_detected": false,
  "num_violations": 0,
  "violation_positions": [],
  "baseline_epsilon_stats": {
    "6": {
      "epsilon_mean": 7.864658355712891,
      "epsilon_std": 3.4537131786346436,
      "lower_mean": 0.852850615978241,
      "upper_mean": 17.020122528076172,
      "gamma_mean": 1.5244500637054443
    }
  },
  "injected_epsilon_stats": null,
  "injection_info": {
    "location": "scores",
    "idx": [
      1,
      9,
      31,
      62
    ],
    "bit": 13,
    "enabled": true,
    "multi_bit": false,
    "bit_list": null,
    "random_position": false,
    "injection_rate": 0.0
  },
  "extra_data": {
    "epsilon_analysis": [
      {
        "layer_idx": 6,
        "analysis": {
          "mean_diff": 1.4156103134155273e-07,
          "std_diff": 5.5480368246207945e-06,
          "max_abs_diff": 0.000217437744140625,
          "top_changes": [
            [
              [
                1,
                9,
                31
              ],
              {
                "baseline_epsilon": 5.643606185913086,
                "injected_epsilon": 5.643823623657227,
                "epsilon_diff": 0.000217437744140625,
                "abs_diff": 0.000217437744140625
              },
              {
                "lower1": 0.1896509826183319,
                "middle": 5.151686668395996,
                "upper": 9.402652740478516,
                "gamma": 5.429478645324707
              }
            ]
          ]
        }
      }
    ],
    "performance": {
      "time": {
        "total_time": 0.018476009368896484,
        "baseline_forward_time": 0.007185697555541992,
        "injection_forward_time": 0.0065348148345947266,
        "bounds_computation_time": 0.0007467269897460938,
        "violation_detection_time": 0.001438140869140625
      },
      "memory": {
        "peak_memory_allocated_mb": 1199.0712890625,
        "peak_memory_reserved_mb": 1786.0,
        "baseline_memory_mb": 1139.87451171875,
        "injection_memory_mb": 1199.0712890625
      },
      "compute": {
        "num_attention_layers": 12,
        "num_attention_heads": 12,
        "sequence_length": 64,
        "batch_size": 2,
        "attention_flops": 0.0,
        "bounds_flops": 0.0
      },
      "extra": {}
    }
  }
}