{
  "exp_id": "gpt2_comprehensive_sweep_seed=3407_injection_layers=[6]_injection_bit=18_injection_location=k_injection_idx=(0, 0, 10, 20)",
  "run_id": 0,
  "timestamp": "2025-12-12T07:13:05.201772",
  "baseline_loss": 8.564264297485352,
  "injected_loss": 8.564264297485352,
  "loss_diff": 0.0,
  "bounds_valid": null,
  "violation_detected": false,
  "num_violations": 0,
  "violation_positions": [],
  "baseline_epsilon_stats": {
    "6": {
      "epsilon_mean": 5.956024169921875,
      "epsilon_std": 4.427911758422852,
      "lower_mean": 0.5316863656044006,
      "upper_mean": 7.960529327392578,
      "gamma_mean": 0.18503431975841522
    }
  },
  "injected_epsilon_stats": null,
  "injection_info": {
    "location": "k",
    "idx": [
      0,
      0,
      10,
      20
    ],
    "bit": 18,
    "enabled": true,
    "multi_bit": false,
    "bit_list": null,
    "random_position": false,
    "injection_rate": 0.0
  },
  "extra_data": {
    "epsilon_analysis": [
      {
        "layer_idx": 6,
        "analysis": {
          "mean_diff": -6.968233492443687e-07,
          "std_diff": 3.554185468601645e-06,
          "max_abs_diff": 2.6464462280273438e-05,
          "top_changes": [
            [
              [
                0,
                0,
                3
              ],
              {
                "baseline_epsilon": 0.353961706161499,
                "injected_epsilon": 0.35393524169921875,
                "epsilon_diff": -2.6464462280273438e-05,
                "abs_diff": 2.6464462280273438e-05
              },
              {
                "lower1": 0.001135307247750461,
                "middle": 0.00223375647328794,
                "upper": 0.39533042907714844,
                "gamma": 0.00028386712074279785
              }
            ],
            [
              [
                0,
                0,
                4
              ],
              {
                "baseline_epsilon": 0.6481657028198242,
                "injected_epsilon": 0.6481404304504395,
                "epsilon_diff": -2.5272369384765625e-05,
                "abs_diff": 2.5272369384765625e-05
              },
              {
                "lower1": 0.002134945010766387,
                "middle": 0.004198002628982067,
                "upper": 0.8070235252380371,
                "gamma": 0.0005338788032531738
              }
            ],
            [
              [
                0,
                0,
                63
              ],
              {
                "baseline_epsilon": 0.8312740325927734,
                "injected_epsilon": 0.8312520980834961,
                "epsilon_diff": -2.193450927734375e-05,
                "abs_diff": 2.193450927734375e-05
              },
              {
                "lower1": 0.007239216938614845,
                "middle": 0.014236938208341599,
                "upper": 1.0629596710205078,
                "gamma": 0.0018114447593688965
              }
            ],
            [
              [
                0,
                0,
                62
              ],
              {
                "baseline_epsilon": 0.8241043090820312,
                "injected_epsilon": 0.8240828514099121,
                "epsilon_diff": -2.1457672119140625e-05,
                "abs_diff": 2.1457672119140625e-05
              },
              {
                "lower1": 0.007125932723283768,
                "middle": 0.014014177024364471,
                "upper": 1.0559182167053223,
                "gamma": 0.0017830729484558105
              }
            ],
            [
              [
                0,
                0,
                61
              ],
              {
                "baseline_epsilon": 0.8203206062316895,
                "injected_epsilon": 0.8202991485595703,
                "epsilon_diff": -2.1457672119140625e-05,
                "abs_diff": 2.1457672119140625e-05
              },
              {
                "lower1": 0.007042395882308483,
                "middle": 0.01384985912591219,
                "upper": 1.0526142120361328,
                "gamma": 0.0017621517181396484
              }
            ],
            [
              [
                0,
                0,
                60
              ],
              {
                "baseline_epsilon": 0.8144221305847168,
                "injected_epsilon": 0.8144011497497559,
                "epsilon_diff": -2.09808349609375e-05,
                "abs_diff": 2.09808349609375e-05
              },
              {
                "lower1": 0.006944815628230572,
                "middle": 0.013657966628670692,
                "upper": 1.0468320846557617,
                "gamma": 0.0017377138137817383
              }
            ],
            [
              [
                0,
                0,
                58
              ],
              {
                "baseline_epsilon": 0.8024253845214844,
                "injected_epsilon": 0.8024044036865234,
                "epsilon_diff": -2.09808349609375e-05,
                "abs_diff": 2.09808349609375e-05
              },
              {
                "lower1": 0.006750837434083223,
                "middle": 0.01327651645988226,
                "upper": 1.0350027084350586,
                "gamma": 0.001689136028289795
              }
            ],
            [
              [
                0,
                0,
                57
              ],
              {
                "baseline_epsilon": 0.7977294921875,
                "injected_epsilon": 0.7977085113525391,
                "epsilon_diff": -2.09808349609375e-05,
                "abs_diff": 2.09808349609375e-05
              },
              {
                "lower1": 0.006655392702668905,
                "middle": 0.013088786974549294,
                "upper": 1.0306811332702637,
                "gamma": 0.0016652345657348633
              }
            ],
            [
              [
                0,
                0,
                55
              ],
              {
                "baseline_epsilon": 0.7861227989196777,
                "injected_epsilon": 0.7861018180847168,
                "epsilon_diff": -2.09808349609375e-05,
                "abs_diff": 2.09808349609375e-05
              },
              {
                "lower1": 0.006462827790528536,
                "middle": 0.012710102833807468,
                "upper": 1.019547939300537,
                "gamma": 0.0016170144081115723
              }
            ],
            [
              [
                0,
                0,
                53
              ],
              {
                "baseline_epsilon": 0.774268627166748,
                "injected_epsilon": 0.7742481231689453,
                "epsilon_diff": -2.0503997802734375e-05,
                "abs_diff": 2.0503997802734375e-05
              },
              {
                "lower1": 0.0062864418141543865,
                "middle": 0.012363267131149769,
                "upper": 1.007922649383545,
                "gamma": 0.0015728473663330078
              }
            ],
            [
              [
                0,
                0,
                54
              ],
              {
                "baseline_epsilon": 0.7820711135864258,
                "injected_epsilon": 0.782050609588623,
                "epsilon_diff": -2.0503997802734375e-05,
                "abs_diff": 2.0503997802734375e-05
              },
              {
                "lower1": 0.006379515863955021,
                "middle": 0.012546231970191002,
                "upper": 1.0161738395690918,
                "gamma": 0.0015961527824401855
              }
            ],
            [
              [
                0,
                0,
                59
              ],
              {
                "baseline_epsilon": 0.8086247444152832,
                "injected_epsilon": 0.8086042404174805,
                "epsilon_diff": -2.0503997802734375e-05,