{
  "exp_id": "gpt2_comprehensive_sweep_seed=0_injection_layers=[0]_injection_bit=31_injection_location=q_injection_idx=(1, 9, 31, 62)",
  "run_id": 0,
  "timestamp": "2025-12-12T06:59:17.971165",
  "baseline_loss": 13.588921546936035,
  "injected_loss": 13.588923454284668,
  "loss_diff": 1.9073486328125e-06,
  "bounds_valid": null,
  "violation_detected": false,
  "num_violations": 0,
  "violation_positions": [],
  "baseline_epsilon_stats": {
    "0": {
      "epsilon_mean": 4.467039108276367,
      "epsilon_std": 2.3451578617095947,
      "lower_mean": 0.39254388213157654,
      "upper_mean": 9.511073112487793,
      "gamma_mean": 0.164742574095726
    }
  },
  "injected_epsilon_stats": null,
  "injection_info": {
    "location": "q",
    "idx": [
      1,
      9,
      31,
      62
    ],
    "bit": 31,
    "enabled": true,
    "multi_bit": false,
    "bit_list": null,
    "random_position": false,
    "injection_rate": 0.0
  },
  "extra_data": {
    "epsilon_analysis": [
      {
        "layer_idx": 0,
        "analysis": {
          "mean_diff": -8.940696716308594e-07,
          "std_diff": 3.504023334244266e-05,
          "max_abs_diff": 0.001373291015625,
          "top_changes": [
            [
              [
                1,
                9,
                31
              ],
              {
                "baseline_epsilon": 4.158117294311523,
                "injected_epsilon": 4.156744003295898,
                "epsilon_diff": -0.001373291015625,
                "abs_diff": 0.001373291015625
              },
              {
                "lower1": 0.05947456881403923,
                "middle": 0.11599933356046677,
                "upper": 8.236154556274414,
                "gamma": 0.014980852603912354
              }
            ]
          ]
        }
      }
    ],
    "performance": {
      "time": {
        "total_time": 0.01878666877746582,
        "baseline_forward_time": 0.007289409637451172,
        "injection_forward_time": 0.006603240966796875,
        "bounds_computation_time": 0.0007698535919189453,
        "violation_detection_time": 0.001453399658203125
      },
      "memory": {
        "peak_memory_allocated_mb": 1459.388671875,
        "peak_memory_reserved_mb": 1720.0,
        "baseline_memory_mb": 1400.19189453125,
        "injection_memory_mb": 1459.388671875
      },
      "compute": {
        "num_attention_layers": 12,
        "num_attention_heads": 12,
        "sequence_length": 64,
        "batch_size": 2,
        "attention_flops": 0.0,
        "bounds_flops": 0.0
      },
      "extra": {}
    }
  }
}