{
  "exp_id": "gpt2_comprehensive_sweep_seed=42_injection_layers=[0]_injection_bit=21_injection_location=k_injection_idx=(1, 9, 31, 62)",
  "run_id": 0,
  "timestamp": "2025-12-12T07:08:27.148514",
  "baseline_loss": 10.275479316711426,
  "injected_loss": 10.275473594665527,
  "loss_diff": -5.7220458984375e-06,
  "bounds_valid": null,
  "violation_detected": false,
  "num_violations": 0,
  "violation_positions": [],
  "baseline_epsilon_stats": {
    "0": {
      "epsilon_mean": 1.9825315475463867,
      "epsilon_std": 1.6013407707214355,
      "lower_mean": 0.3287202715873718,
      "upper_mean": 2.0460193157196045,
      "gamma_mean": 0.0896625965833664
    }
  },
  "injected_epsilon_stats": null,
  "injection_info": {
    "location": "k",
    "idx": [
      1,
      9,
      31,
      62
    ],
    "bit": 21,
    "enabled": true,
    "multi_bit": false,
    "bit_list": null,
    "random_position": false,
    "injection_rate": 0.0
  },
  "extra_data": {
    "epsilon_analysis": [
      {
        "layer_idx": 0,
        "analysis": {
          "mean_diff": -1.2728075482471013e-08,
          "std_diff": 8.675765457155649e-07,
          "max_abs_diff": 1.52587890625e-05,
          "top_changes": [
            [
              [
                1,
                9,
                3
              ],
              {
                "baseline_epsilon": 6.357355117797852,
                "injected_epsilon": 6.357339859008789,
                "epsilon_diff": -1.52587890625e-05,
                "abs_diff": 1.52587890625e-05
              },
              {
                "lower1": 0.6110673546791077,
                "middle": 1.2854777574539185,
                "upper": 6.782403945922852,
                "gamma": 0.16661511361598969
              }
            ],
            [
              [
                1,
                9,
                4
              ],
              {
                "baseline_epsilon": 8.643350601196289,
                "injected_epsilon": 8.643336296081543,
                "epsilon_diff": -1.430511474609375e-05,
                "abs_diff": 1.430511474609375e-05
              },
              {
                "lower1": 0.695980429649353,
                "middle": 1.4614942073822021,
                "upper": 10.059882164001465,
                "gamma": 0.19245824217796326
              }
            ],
            [
              [
                1,
                9,
                1
              ],
              {
                "baseline_epsilon": 6.895520210266113,
                "injected_epsilon": 6.895509719848633,
                "epsilon_diff": -1.049041748046875e-05,
                "abs_diff": 1.049041748046875e-05
              },
              {
                "lower1": 0.7571368217468262,
                "middle": 1.6278698444366455,
                "upper": 7.397200584411621,
                "gamma": 0.21158522367477417
              }
            ],
            [
              [
                1,
                9,
                5
              ],
              {
                "baseline_epsilon": 5.597444534301758,
                "injected_epsilon": 5.597455024719238,
                "epsilon_diff": 1.049041748046875e-05,
                "abs_diff": 1.049041748046875e-05
              },
              {
                "lower1": 1.0319346189498901,
                "middle": 2.3525428771972656,
                "upper": 5.827201843261719,
                "gamma": 0.3037703037261963
              }
            ],
            [
              [
                1,
                9,
                7
              ],
              {
                "baseline_epsilon": 6.456324577331543,
                "injected_epsilon": 6.456316947937012,
                "epsilon_diff": -7.62939453125e-06,
                "abs_diff": 7.62939453125e-06
              },
              {
                "lower1": 0.9685622453689575,
                "middle": 2.1709952354431152,
                "upper": 6.8571858406066895,
                "gamma": 0.28150293231010437
              }
            ],
            [
              [
                1,
                9,
                2
              ],
              {
                "baseline_epsilon": 6.371062755584717,
                "injected_epsilon": 6.371057033538818,
                "epsilon_diff": -5.7220458984375e-06,
                "abs_diff": 5.7220458984375e-06
              },
              {
                "lower1": 0.7494136691093445,
                "middle": 1.6135250329971313,
                "upper": 6.791531562805176,
                "gamma": 0.20914483070373535
              }
            ],
            [
              [
                1,
                9,
                63
              ],
              {
                "baseline_epsilon": 3.8876876831054688,
                "injected_epsilon": 3.887693166732788,
                "epsilon_diff": 5.4836273193359375e-06,
                "abs_diff": 5.4836273193359375e-06
              },
              {
                "lower1": 0.7680280208587646,
                "middle": 1.676304817199707,
                "upper": 3.9975171089172363,
                "gamma": 0.21503926813602448
              }
            ],
            [
              [
                1,
                9,
                62
              ],
              {
                "baseline_epsilon": 3.924868106842041,
                "injected_epsilon": 3.9248733520507812,
                "epsilon_diff": 5.245208740234375e-06,
                "abs_diff": 5.245208740234375e-06
              },
              {
                "lower1": 0.7842659950256348,
                "middle": 1.7164530754089355,
                "upper": 4.035085201263428,
                "gamma": 0.22021666169166565
              }
            ],
            [
              [
                1,
                9,
                8
              ],
              {
                "baseline_epsilon": 5.9991135597229,
                "injected_epsilon": 5.99910831451416,
                "epsilon_diff": -5.245208740234375e-06,
                "abs_diff": 5.245208740234375e-06
              },
              {
                "lower1": 0.7121788859367371,
                "middle": 1.5265538692474365,
                "upper": 6.2923054695129395,
                "gamma": 0.1974809616804123
              }
            ],
            [
              [
                1,
                9,
                9
              ],
              {
                "baseline_epsilon": 5.90817403793335,
                "injected_epsilon": 5.908168792724609,
                "epsilon_diff": -5.245208740234375e-06,
                "abs_diff": 5.245208740234375e-06
              },
              {
                "lower1": 0.6841798424720764,
                "middle": 1.4601789712905884,
                "upper": 6.198170185089111,
                "gamma": 0.18881836533546448
              }
            ],
            [
              [
                1,
                9,
                61
              ],
              {
                "baseline_epsilon": 3.940603733062744,
                "injected_epsilon": 3.940608024597168,
                "epsilon_diff": 4.291534423828125e-06,
                "abs_diff": 4.291534423828125e-06
              },
              {
                "lower1": 0.7743951678276062,
                "middle": 1.6918030977249146,
                "upper": 4.050675868988037,
                "gamma": 0.21706542372703552
              }
            ],
            [
              [
                1,
                9,
                58
              ],
              {
                "baseline_epsilon": 4.0470781326293945,
                "injected_epsilon": 4.047082424163818,
                "epsilon_diff": 4.291534423828125e-06,
                "abs_diff": 4.291534423828125e-06
              },
              {
                "lower1": 0.8070128560066223,