{
  "exp_id": "gpt2_comprehensive_sweep_seed=42_injection_layers=[3]_injection_bit=13_injection_location=k_injection_idx=(0, 3, 53, 43)",
  "run_id": 0,
  "timestamp": "2025-12-12T07:08:45.655643",
  "baseline_loss": 8.997109413146973,
  "injected_loss": 8.997109413146973,
  "loss_diff": 0.0,
  "bounds_valid": null,
  "violation_detected": false,
  "num_violations": 0,
  "violation_positions": [],
  "baseline_epsilon_stats": {
    "3": {
      "epsilon_mean": 4.6995015144348145,
      "epsilon_std": 4.219686031341553,
      "lower_mean": 0.4203936457633972,
      "upper_mean": 5.6145782470703125,
      "gamma_mean": 0.16137349605560303
    }
  },
  "injected_epsilon_stats": null,
  "injection_info": {
    "location": "k",
    "idx": [
      0,
      3,
      53,
      43
    ],
    "bit": 13,
    "enabled": true,
    "multi_bit": false,
    "bit_list": null,
    "random_position": false,
    "injection_rate": 0.0
  },
  "extra_data": {
    "epsilon_analysis": [
      {
        "layer_idx": 3,
        "analysis": {
          "mean_diff": -6.121505862211052e-07,
          "std_diff": 3.044724735445925e-06,
          "max_abs_diff": 1.811981201171875e-05,
          "top_changes": [
            [
              [
                0,
                3,
                24
              ],
              {
                "baseline_epsilon": 0.5802645683288574,
                "injected_epsilon": 0.5802464485168457,
                "epsilon_diff": -1.811981201171875e-05,
                "abs_diff": 1.811981201171875e-05
              },
              {
                "lower1": 0.010261690244078636,
                "middle": 0.020201964303851128,
                "upper": 0.7088303565979004,
                "gamma": 0.0025687217712402344
              }
            ],
            [
              [
                0,
                3,
                27
              ],
              {
                "baseline_epsilon": 0.5847029685974121,
                "injected_epsilon": 0.5846848487854004,
                "epsilon_diff": -1.811981201171875e-05,
                "abs_diff": 1.811981201171875e-05
              },
              {
                "lower1": 0.010284043848514557,
                "middle": 0.02024579606950283,
                "upper": 0.7151846885681152,
                "gamma": 0.002574324607849121
              }
            ],
            [
              [
                0,
                3,
                18
              ],
              {
                "baseline_epsilon": 0.5670890808105469,
                "injected_epsilon": 0.5670714378356934,
                "epsilon_diff": -1.7642974853515625e-05,
                "abs_diff": 1.7642974853515625e-05
              },
              {
                "lower1": 0.010017218068242073,
                "middle": 0.019720720127224922,
                "upper": 0.6910805702209473,
                "gamma": 0.002507448196411133
              }
            ],
            [
              [
                0,
                3,
                23
              ],
              {
                "baseline_epsilon": 0.5772733688354492,
                "injected_epsilon": 0.5772557258605957,
                "epsilon_diff": -1.7642974853515625e-05,
                "abs_diff": 1.7642974853515625e-05
              },
              {
                "lower1": 0.01017370168119669,
                "middle": 0.020028671249747276,
                "upper": 0.7047390937805176,
                "gamma": 0.00254666805267334
              }
            ],
            [
              [
                0,
                3,
                16
              ],
              {
                "baseline_epsilon": 0.5616674423217773,
                "injected_epsilon": 0.5616497993469238,
                "epsilon_diff": -1.7642974853515625e-05,
                "abs_diff": 1.7642974853515625e-05
              },
              {
                "lower1": 0.009884274564683437,
                "middle": 0.01945893093943596,
                "upper": 0.6838545799255371,
                "gamma": 0.0024741291999816895
              }
            ],
            [
              [
                0,
                3,
                20
              ],
              {
                "baseline_epsilon": 0.5717105865478516,
                "injected_epsilon": 0.571692943572998,
                "epsilon_diff": -1.7642974853515625e-05,
                "abs_diff": 1.7642974853515625e-05
              },
              {
                "lower1": 0.01009617280215025,
                "middle": 0.01987612433731556,
                "upper": 0.6973443031311035,
                "gamma": 0.0025272369384765625
              }
            ],
            [
              [
                0,
                3,
                36
              ],
              {
                "baseline_epsilon": 0.5932283401489258,
                "injected_epsilon": 0.5932111740112305,
                "epsilon_diff": -1.71661376953125e-05,
                "abs_diff": 1.71661376953125e-05
              },
              {
                "lower1": 0.01013374887406826,
                "middle": 0.01994909904897213,
                "upper": 0.727513313293457,
                "gamma": 0.0025366544723510742
              }
            ],
            [
              [
                0,
                3,
                38
              ],
              {
                "baseline_epsilon": 0.5940008163452148,
                "injected_epsilon": 0.5939836502075195,
                "epsilon_diff": -1.71661376953125e-05,
                "abs_diff": 1.71661376953125e-05
              },
              {
                "lower1": 0.010092130862176418,
                "middle": 0.019867023453116417,
                "upper": 0.7288618087768555,
                "gamma": 0.002526223659515381
              }
            ],
            [
              [
                0,
                3,
                30
              ],
              {
                "baseline_epsilon": 0.5880718231201172,
                "injected_epsilon": 0.5880546569824219,
                "epsilon_diff": -1.71661376953125e-05,
                "abs_diff": 1.71661376953125e-05
              },
              {
                "lower1": 0.010188921354711056,
                "middle": 0.02005811780691147,
                "upper": 0.7199668884277344,
                "gamma": 0.002550482749938965
              }
            ],
            [
              [
                0,
                3,
                25
              ],
              {
                "baseline_epsilon": 0.5815763473510742,
                "injected_epsilon": 0.5815591812133789,
                "epsilon_diff": -1.71661376953125e-05,
                "abs_diff": 1.71661376953125e-05
              },
              {
                "lower1": 0.01029498316347599,
                "middle": 0.02026752382516861,
                "upper": 0.7107048034667969,
                "gamma": 0.002577066421508789
              }
            ],
            [
              [
                0,
                3,
                26
              ],
              {
                "baseline_epsilon": 0.5833368301391602,
                "injected_epsilon": 0.5833196640014648,
                "epsilon_diff": -1.71661376953125e-05,
                "abs_diff": 1.71661376953125e-05
              },
              {
                "lower1": 0.01030021533370018,
                "middle": 0.02027774602174759,
                "upper": 0.7131595611572266,
                "gamma": 0.0025783777236938477
              }
            ],
            [
              [
                0,
                3,
                22
              ],
              {
                "baseline_epsilon": 0.5761990547180176,
                "injected_epsilon": 0.5761818885803223,
                "epsilon_diff": -1.71661376953125e-05,