{
  "exp_id": "gpt2_comprehensive_sweep_seed=0_injection_layers=[6]_injection_bit=12_injection_location=k_injection_idx=(0, 0, 10, 20)",
  "run_id": 0,
  "timestamp": "2025-12-12T07:07:31.252823",
  "baseline_loss": 8.564264297485352,
  "injected_loss": 8.564263343811035,
  "loss_diff": -9.5367431640625e-07,
  "bounds_valid": null,
  "violation_detected": false,
  "num_violations": 0,
  "violation_positions": [],
  "baseline_epsilon_stats": {
    "6": {
      "epsilon_mean": 5.956024169921875,
      "epsilon_std": 4.427911758422852,
      "lower_mean": 0.5316863656044006,
      "upper_mean": 7.960529327392578,
      "gamma_mean": 0.18503431975841522
    }
  },
  "injected_epsilon_stats": null,
  "injection_info": {
    "location": "k",
    "idx": [
      0,
      0,
      10,
      20
    ],
    "bit": 12,
    "enabled": true,
    "multi_bit": false,
    "bit_list": null,
    "random_position": false,
    "injection_rate": 0.0
  },
  "extra_data": {
    "epsilon_analysis": [
      {
        "layer_idx": 6,
        "analysis": {
          "mean_diff": -1.2184804276671457e-08,
          "std_diff": 9.681512125325753e-08,
          "max_abs_diff": 9.5367431640625e-07,
          "top_changes": [
            [
              [
                0,
                0,
                55
              ],
              {
                "baseline_epsilon": 0.7861227989196777,
                "injected_epsilon": 0.7861218452453613,
                "epsilon_diff": -9.5367431640625e-07,
                "abs_diff": 9.5367431640625e-07
              },
              {
                "lower1": 0.006462827790528536,
                "middle": 0.012710102833807468,
                "upper": 1.019547939300537,
                "gamma": 0.0016170144081115723
              }
            ],
            [
              [
                0,
                0,
                44
              ],
              {
                "baseline_epsilon": 0.7260627746582031,
                "injected_epsilon": 0.7260618209838867,
                "epsilon_diff": -9.5367431640625e-07,
                "abs_diff": 9.5367431640625e-07
              },
              {
                "lower1": 0.0055553424172103405,
                "middle": 0.01092559564858675,
                "upper": 0.9631214141845703,
                "gamma": 0.0013898015022277832
              }
            ],
            [
              [
                0,
                0,
                38
              ],
              {
                "baseline_epsilon": 0.6950955390930176,
                "injected_epsilon": 0.6950945854187012,
                "epsilon_diff": -9.5367431640625e-07,
                "abs_diff": 9.5367431640625e-07
              },
              {
                "lower1": 0.005099617876112461,
                "middle": 0.010029434226453304,
                "upper": 0.933992862701416,
                "gamma": 0.0012757182121276855
              }
            ],
            [
              [
                0,
                0,
                41
              ],
              {
                "baseline_epsilon": 0.7096014022827148,
                "injected_epsilon": 0.7096004486083984,
                "epsilon_diff": -9.5367431640625e-07,
                "abs_diff": 9.5367431640625e-07
              },
              {
                "lower1": 0.005322248674929142,
                "middle": 0.010467245243489742,
                "upper": 0.9475126266479492,
                "gamma": 0.0013314485549926758
              }
            ],
            [
              [
                0,
                0,
                19
              ],
              {
                "baseline_epsilon": 0.6152744293212891,
                "injected_epsilon": 0.6152734756469727,
                "epsilon_diff": -9.5367431640625e-07,
                "abs_diff": 9.5367431640625e-07
              },
              {
                "lower1": 0.0035256093833595514,
                "middle": 0.0069336676970124245,
                "upper": 0.8575797080993652,
                "gamma": 0.0008817911148071289
              }
            ],
            [
              [
                0,
                0,
                17
              ],
              {
                "baseline_epsilon": 0.6141958236694336,
                "injected_epsilon": 0.6141948699951172,
                "epsilon_diff": -9.5367431640625e-07,
                "abs_diff": 9.5367431640625e-07
              },
              {
                "lower1": 0.0033469493500888348,
                "middle": 0.006582166999578476,
                "upper": 0.8575868606567383,
                "gamma": 0.0008370876312255859
              }
            ],
            [
              [
                0,
                0,
                33
              ],
              {
                "baseline_epsilon": 0.6710453033447266,
                "injected_epsilon": 0.6710443496704102,
                "epsilon_diff": -9.5367431640625e-07,
                "abs_diff": 9.5367431640625e-07
              },
              {
                "lower1": 0.004737429320812225,
                "middle": 0.009317183867096901,
                "upper": 0.9111557006835938,
                "gamma": 0.0011850595474243164
              }
            ],
            [
              [
                0,
                0,
                37
              ],
              {
                "baseline_epsilon": 0.6895003318786621,
                "injected_epsilon": 0.6894993782043457,
                "epsilon_diff": -9.5367431640625e-07,
                "abs_diff": 9.5367431640625e-07
              },
              {
                "lower1": 0.005028183106333017,
                "middle": 0.009888974018394947,
                "upper": 0.9288673400878906,
                "gamma": 0.0012578368186950684
              }
            ],
            [
              [
                0,
                0,
                21
              ],
              {
                "baseline_epsilon": 0.6205062866210938,
                "injected_epsilon": 0.6205058097839355,
                "epsilon_diff": -4.76837158203125e-07,
                "abs_diff": 4.76837158203125e-07
              },
              {
                "lower1": 0.003724270034581423,
                "middle": 0.0073244632221758366,
                "upper": 0.862769603729248,
                "gamma": 0.0009315013885498047
              }
            ],
            [
              [
                0,
                0,
                18
              ],
              {
                "baseline_epsilon": 0.6141648292541504,
                "injected_epsilon": 0.6141653060913086,
                "epsilon_diff": 4.76837158203125e-07,
                "abs_diff": 4.76837158203125e-07
              },
              {
                "lower1": 0.0034396150149405003,
                "middle": 0.0067644864320755005,
                "upper": 0.8571953773498535,
                "gamma": 0.0008602738380432129
              }
            ],
            [
              [
                0,
                0,
                15
              ],
              {
                "baseline_epsilon": 0.6181912422180176,
                "injected_epsilon": 0.6181907653808594,
                "epsilon_diff": -4.76837158203125e-07,
                "abs_diff": 4.76837158203125e-07
              },
              {
                "lower1": 0.0031878154259175062,
                "middle": 0.0062690312042832375,
                "upper": 0.8620395660400391,
                "gamma": 0.000797271728515625
              }
            ],
            [
              [
                0,
                0,
                16
              ],
              {
                "baseline_epsilon": 0.6150131225585938,
                "injected_epsilon": 0.6150126457214355,
                "epsilon_diff": -4.76837158203125e-07,