{
  "exp_id": "gpt2_comprehensive_sweep_seed=0_injection_layers=[9]_injection_bit=29_injection_location=k_injection_idx=(1, 6, 32, 1)",
  "num_runs": 1,
  "timestamp": "2025-10-14T18:12:36.815230",
  "baseline_loss": {
    "mean": 13.721664428710938,
    "std": 0.0,
    "min": 13.721664428710938,
    "max": 13.721664428710938
  },
  "injected_loss": {
    "mean": 13.721702575683594,
    "std": 0.0,
    "min": 13.721702575683594,
    "max": 13.721702575683594
  },
  "loss_diff": {
    "mean": 3.814697265625e-05,
    "std": 0.0,
    "min": 3.814697265625e-05,
    "max": 3.814697265625e-05
  },
  "violation_detection": {
    "detection_rate": 0.0,
    "total_violations": 0,
    "avg_violations_per_run": 0.0
  }
}