{
  "exp_id": "gpt2_comprehensive_sweep_seed=3407_injection_layers=[0]_injection_bit=30_injection_location=k_injection_idx=(0, 3, 53, 43)",
  "num_runs": 1,
  "timestamp": "2025-10-14T20:39:53.183378",
  "baseline_loss": {
    "mean": 10.27547836303711,
    "std": 0.0,
    "min": 10.27547836303711,
    "max": 10.27547836303711
  },
  "injected_loss": {
    "mean": 10.309550285339355,
    "std": 0.0,
    "min": 10.309550285339355,
    "max": 10.309550285339355
  },
  "loss_diff": {
    "mean": 0.034071922302246094,
    "std": 0.0,
    "min": 0.034071922302246094,
    "max": 0.034071922302246094
  },
  "violation_detection": {
    "detection_rate": 1.0,
    "total_violations": 2,
    "avg_violations_per_run": 2.0
  }
}