{
  "exp_id": "gpt2_comprehensive_sweep_seed=123_injection_layers=[9]_injection_bit=22_injection_location=weights_injection_idx=(0, 0, 10, 20)",
  "num_runs": 1,
  "timestamp": "2025-12-12T07:11:39.360627",
  "baseline_loss": {
    "mean": 8.462052345275879,
    "std": 0.0,
    "min": 8.462052345275879,
    "max": 8.462052345275879
  },
  "injected_loss": {
    "mean": 8.462092399597168,
    "std": 0.0,
    "min": 8.462092399597168,
    "max": 8.462092399597168
  },
  "loss_diff": {
    "mean": 4.00543212890625e-05,
    "std": 0.0,
    "min": 4.00543212890625e-05,
    "max": 4.00543212890625e-05
  },
  "violation_detection": {
    "detection_rate": 0.0,
    "total_violations": 0,
    "avg_violations_per_run": 0.0
  }
}