{
  "exp_id": "gpt2_comprehensive_sweep_seed=3407_injection_layers=[9]_injection_bit=31_injection_location=scores_injection_idx=(1, 6, 32, 1)",
  "num_runs": 1,
  "timestamp": "2025-10-14T18:13:43.066188",
  "baseline_loss": {
    "mean": 13.721664428710938,
    "std": 0.0,
    "min": 13.721664428710938,
    "max": 13.721664428710938
  },
  "injected_loss": {
    "mean": 13.723577499389648,
    "std": 0.0,
    "min": 13.723577499389648,
    "max": 13.723577499389648
  },
  "loss_diff": {
    "mean": 0.0019130706787109375,
    "std": 0.0,
    "min": 0.0019130706787109375,
    "max": 0.0019130706787109375
  },
  "violation_detection": {
    "detection_rate": 1.0,
    "total_violations": 1,
    "avg_violations_per_run": 1.0
  }
}