{
  "exp_id": "gpt2_comprehensive_sweep_seed=42_injection_layers=[0]_injection_bit=30_injection_location=k_injection_idx=(1, 9, 31, 62)",
  "num_runs": 1,
  "timestamp": "2025-10-14T18:21:27.458809",
  "baseline_loss": {
    "mean": 13.588921546936035,
    "std": 0.0,
    "min": 13.588921546936035,
    "max": 13.588921546936035
  },
  "injected_loss": {
    "mean": 13.609230995178223,
    "std": 0.0,
    "min": 13.609230995178223,
    "max": 13.609230995178223
  },
  "loss_diff": {
    "mean": 0.0203094482421875,
    "std": 0.0,
    "min": 0.0203094482421875,
    "max": 0.0203094482421875
  },
  "violation_detection": {
    "detection_rate": 1.0,
    "total_violations": 34,
    "avg_violations_per_run": 34.0
  }
}