{
  "exp_id": "gpt2_comprehensive_sweep_seed=123_injection_layers=[6]_injection_bit=26_injection_location=k_injection_idx=(1, 9, 31, 62)",
  "num_runs": 1,
  "timestamp": "2025-10-14T20:39:37.150247",
  "baseline_loss": {
    "mean": 8.564263343811035,
    "std": 0.0,
    "min": 8.564263343811035,
    "max": 8.564263343811035
  },
  "injected_loss": {
    "mean": 8.56425952911377,
    "std": 0.0,
    "min": 8.56425952911377,
    "max": 8.56425952911377
  },
  "loss_diff": {
    "mean": -3.814697265625e-06,
    "std": 0.0,
    "min": -3.814697265625e-06,
    "max": -3.814697265625e-06
  },
  "violation_detection": {
    "detection_rate": 0.0,
    "total_violations": 0,
    "avg_violations_per_run": 0.0
  }
}