{
  "exp_id": "gpt2_comprehensive_sweep_seed=42_injection_layers=[6]_injection_bit=23_injection_location=weights_injection_idx=(1, 9, 31, 62)",
  "num_runs": 1,
  "timestamp": "2025-10-14T18:31:39.216311",
  "baseline_loss": {
    "mean": 8.242022514343262,
    "std": 0.0,
    "min": 8.242022514343262,
    "max": 8.242022514343262
  },
  "injected_loss": {
    "mean": 8.242108345031738,
    "std": 0.0,
    "min": 8.242108345031738,
    "max": 8.242108345031738
  },
  "loss_diff": {
    "mean": 8.58306884765625e-05,
    "std": 0.0,
    "min": 8.58306884765625e-05,
    "max": 8.58306884765625e-05
  },
  "violation_detection": {
    "detection_rate": 0.0,
    "total_violations": 0,
    "avg_violations_per_run": 0.0
  }
}