{
  "exp_id": "gpt2_comprehensive_sweep_seed=0_injection_layers=[3]_injection_bit=25_injection_location=weights_injection_idx=(1, 6, 32, 1)",
  "num_runs": 1,
  "timestamp": "2025-10-14T18:24:36.835129",
  "baseline_loss": {
    "mean": 8.997108459472656,
    "std": 0.0,
    "min": 8.997108459472656,
    "max": 8.997108459472656
  },
  "injected_loss": {
    "mean": 8.996987342834473,
    "std": 0.0,
    "min": 8.996987342834473,
    "max": 8.996987342834473
  },
  "loss_diff": {
    "mean": -0.00012111663818359375,
    "std": 0.0,
    "min": -0.00012111663818359375,
    "max": -0.00012111663818359375
  },
  "violation_detection": {
    "detection_rate": 0.0,
    "total_violations": 0,
    "avg_violations_per_run": 0.0
  }
}