{
  "exp_id": "gpt2_comprehensive_sweep_seed=0_injection_layers=[0]_injection_bit=18_injection_location=q_injection_idx=(0, 0, 10, 20)",
  "run_id": 0,
  "timestamp": "2025-12-12T07:06:46.689451",
  "baseline_loss": 10.275479316711426,
  "injected_loss": 10.275479316711426,
  "loss_diff": 0.0,
  "bounds_valid": null,
  "violation_detected": false,
  "num_violations": 0,
  "violation_positions": [],
  "baseline_epsilon_stats": {
    "0": {
      "epsilon_mean": 1.9825315475463867,
      "epsilon_std": 1.6013407707214355,
      "lower_mean": 0.3287202715873718,
      "upper_mean": 2.0460193157196045,
      "gamma_mean": 0.0896625965833664
    }
  },
  "injected_epsilon_stats": null,
  "injection_info": {
    "location": "q",
    "idx": [
      0,
      0,
      10,
      20
    ],
    "bit": 18,
    "enabled": true,
    "multi_bit": false,
    "bit_list": null,
    "random_position": false,
    "injection_rate": 0.0
  },
  "extra_data": {
    "epsilon_analysis": [
      {
        "layer_idx": 0,
        "analysis": {
          "mean_diff": 4.637986421585083e-07,
          "std_diff": 1.8177119272877462e-05,
          "max_abs_diff": 0.0007123947143554688,
          "top_changes": [
            [
              [
                0,
                0,
                10
              ],
              {
                "baseline_epsilon": 1.0095866918563843,
                "injected_epsilon": 1.0102990865707397,
                "epsilon_diff": 0.0007123947143554688,
                "abs_diff": 0.0007123947143554688
              },
              {
                "lower1": 0.3560161888599396,
                "middle": 0.7336282730102539,
                "upper": 1.012832522392273,
                "gamma": 0.09335881471633911
              }
            ]
          ]
        }
      }
    ],
    "performance": {
      "time": {
        "total_time": 0.018564462661743164,
        "baseline_forward_time": 0.0071926116943359375,
        "injection_forward_time": 0.006551027297973633,
        "bounds_computation_time": 0.0007450580596923828,
        "violation_detection_time": 0.0014462471008300781
      },
      "memory": {
        "peak_memory_allocated_mb": 1539.486328125,
        "peak_memory_reserved_mb": 1720.0,
        "baseline_memory_mb": 1480.28955078125,
        "injection_memory_mb": 1539.486328125
      },
      "compute": {
        "num_attention_layers": 12,
        "num_attention_heads": 12,
        "sequence_length": 64,
        "batch_size": 2,
        "attention_flops": 0.0,
        "bounds_flops": 0.0
      },
      "extra": {}
    }
  }
}