{
  "exp_id": "gpt2_comprehensive_sweep_seed=0_injection_layers=[9]_injection_bit=21_injection_location=weights_injection_idx=(1, 9, 31, 62)",
  "num_runs": 1,
  "timestamp": "2025-10-14T18:12:34.004671",
  "baseline_loss": {
    "mean": 13.721664428710938,
    "std": 0.0,
    "min": 13.721664428710938,
    "max": 13.721664428710938
  },
  "injected_loss": {
    "mean": 13.721667289733887,
    "std": 0.0,
    "min": 13.721667289733887,
    "max": 13.721667289733887
  },
  "loss_diff": {
    "mean": 2.86102294921875e-06,
    "std": 0.0,
    "min": 2.86102294921875e-06,
    "max": 2.86102294921875e-06
  },
  "violation_detection": {
    "detection_rate": 0.0,
    "total_violations": 0,
    "avg_violations_per_run": 0.0
  }
}