{
  "exp_id": "gpt2_comprehensive_sweep_seed=42_injection_layers=[0]_injection_bit=30_injection_location=q_injection_idx=(0, 3, 53, 43)",
  "num_runs": 1,
  "timestamp": "2025-10-14T20:39:02.608089",
  "baseline_loss": {
    "mean": 10.27547836303711,
    "std": 0.0,
    "min": 10.27547836303711,
    "max": 10.27547836303711
  },
  "injected_loss": {
    "mean": 10.275252342224121,
    "std": 0.0,
    "min": 10.275252342224121,
    "max": 10.275252342224121
  },
  "loss_diff": {
    "mean": -0.00022602081298828125,
    "std": 0.0,
    "min": -0.00022602081298828125,
    "max": -0.00022602081298828125
  },
  "violation_detection": {
    "detection_rate": 1.0,
    "total_violations": 1,
    "avg_violations_per_run": 1.0
  }
}