{
  "exp_id": "gpt2_comprehensive_sweep_seed=3407_injection_layers=[3]_injection_bit=20_injection_location=q_injection_idx=(0, 0, 10, 20)",
  "run_id": 0,
  "timestamp": "2025-12-12T07:03:58.996725",
  "baseline_loss": 13.791720390319824,
  "injected_loss": 13.791719436645508,
  "loss_diff": -9.5367431640625e-07,
  "bounds_valid": null,
  "violation_detected": false,
  "num_violations": 0,
  "violation_positions": [],
  "baseline_epsilon_stats": {
    "3": {
      "epsilon_mean": 6.302740097045898,
      "epsilon_std": 2.23594331741333,
      "lower_mean": 0.9555976390838623,
      "upper_mean": 17.05971336364746,
      "gamma_mean": 1.0718344449996948
    }
  },
  "injected_epsilon_stats": null,
  "injection_info": {
    "location": "q",
    "idx": [
      0,
      0,
      10,
      20
    ],
    "bit": 20,
    "enabled": true,
    "multi_bit": false,
    "bit_list": null,
    "random_position": false,
    "injection_rate": 0.0
  },
  "extra_data": {
    "epsilon_analysis": [
      {
        "layer_idx": 3,
        "analysis": {
          "mean_diff": 2.274910730193369e-05,
          "std_diff": 0.0008915792568586767,
          "max_abs_diff": 0.034942626953125,
          "top_changes": [
            [
              [
                0,
                0,
                10
              ],
              {
                "baseline_epsilon": 5.145618438720703,
                "injected_epsilon": 5.180561065673828,
                "epsilon_diff": 0.034942626953125,
                "abs_diff": 0.034942626953125
              },
              {
                "lower1": 0.11899806559085846,
                "middle": 4.90303373336792,
                "upper": 6.4976277351379395,
                "gamma": 5.996838569641113
              }
            ]
          ]
        }
      }
    ],
    "performance": {
      "time": {
        "total_time": 0.018824100494384766,
        "baseline_forward_time": 0.007239580154418945,
        "injection_forward_time": 0.006762981414794922,
        "bounds_computation_time": 0.0007731914520263672,
        "violation_detection_time": 0.0014598369598388672
      },
      "memory": {
        "peak_memory_allocated_mb": 1269.15673828125,
        "peak_memory_reserved_mb": 1874.0,
        "baseline_memory_mb": 1209.9599609375,
        "injection_memory_mb": 1269.15673828125
      },
      "compute": {
        "num_attention_layers": 12,
        "num_attention_heads": 12,
        "sequence_length": 64,
        "batch_size": 2,
        "attention_flops": 0.0,
        "bounds_flops": 0.0
      },
      "extra": {}
    }
  }
}