{
  "exp_id": "gpt2_comprehensive_sweep_seed=0_injection_layers=[6]_injection_bit=23_injection_location=weights_injection_idx=(0, 0, 10, 20)",
  "run_id": 0,
  "timestamp": "2025-10-14T18:15:10.027642",
  "baseline_loss": 8.564263343811035,
  "injected_loss": 8.564163208007812,
  "loss_diff": -0.00010013580322265625,
  "bounds_valid": null,
  "violation_detected": false,
  "num_violations": 0,
  "violation_positions": [],
  "baseline_epsilon_stats": {
    "6": {
      "epsilon_mean": 5.956024169921875,
      "epsilon_std": 4.427911758422852,
      "lower_mean": 0.5316863656044006,
      "upper_mean": 7.960529327392578,
      "gamma_mean": 0.18503431975841522
    }
  },
  "injected_epsilon_stats": null,
  "injection_info": {
    "location": "weights",
    "idx": [
      0,
      0,
      10,
      20
    ],
    "bit": 23,
    "enabled": true,
    "multi_bit": false,
    "bit_list": null,
    "random_position": false,
    "injection_rate": 0.0
  },
  "extra_data": {
    "epsilon_analysis": [
      {
        "layer_idx": 6,
        "analysis": {
          "mean_diff": 3.295919668744318e-05,
          "std_diff": 0.001291731372475624,
          "max_abs_diff": 0.05062532424926758,
          "top_changes": [
            [
              [
                0,
                0,
                10
              ],
              {
                "baseline_epsilon": 0.6432266235351562,
                "injected_epsilon": 0.6938519477844238,
                "epsilon_diff": 0.05062532424926758,
                "abs_diff": 0.05062532424926758
              },
              {
                "lower1": 0.002699655946344137,
                "middle": 0.005308442283421755,
                "upper": 0.8827047348022461,
                "gamma": 0.0006751418113708496
              }
            ]
          ]
        }
      }
    ],
    "performance": {
      "time": {
        "total_time": 0.01851630210876465,
        "baseline_forward_time": 0.0072307586669921875,
        "injection_forward_time": 0.006445884704589844,
        "bounds_computation_time": 0.0007917881011962891,
        "violation_detection_time": 0.0014400482177734375
      },
      "memory": {
        "peak_memory_allocated_mb": 1398.3154296875,
        "peak_memory_reserved_mb": 1632.0,
        "baseline_memory_mb": 1339.11865234375,
        "injection_memory_mb": 1398.3154296875
      },
      "compute": {
        "num_attention_layers": 12,
        "num_attention_heads": 12,
        "sequence_length": 64,
        "batch_size": 2,
        "attention_flops": 0.0,
        "bounds_flops": 0.0
      },
      "extra": {}
    }
  }
}