{
  "exp_id": "gpt2_comprehensive_sweep_seed=42_injection_layers=[9]_injection_bit=31_injection_location=scores_injection_idx=(0, 0, 10, 20)",
  "run_id": 0,
  "timestamp": "2025-10-14T18:31:42.650843",
  "baseline_loss": 8.801229476928711,
  "injected_loss": 8.801230430603027,
  "loss_diff": 9.5367431640625e-07,
  "bounds_valid": null,
  "violation_detected": false,
  "num_violations": 0,
  "violation_positions": [],
  "baseline_epsilon_stats": {
    "9": {
      "epsilon_mean": 6.758882522583008,
      "epsilon_std": 3.844756841659546,
      "lower_mean": 0.5631410479545593,
      "upper_mean": 15.456985473632812,
      "gamma_mean": 0.17378351092338562
    }
  },
  "injected_epsilon_stats": null,
  "injection_info": {
    "location": "scores",
    "idx": [
      0,
      0,
      10,
      20
    ],
    "bit": 31,
    "enabled": true,
    "multi_bit": false,
    "bit_list": null,
    "random_position": false,
    "injection_rate": 0.0
  },
  "extra_data": {
    "epsilon_analysis": [
      {
        "layer_idx": 9,
        "analysis": {
          "mean_diff": 6.55660405755043e-05,
          "std_diff": 0.002569653559476137,
          "max_abs_diff": 0.10070943832397461,
          "top_changes": [
            [
              [
                0,
                0,
                10
              ],
              {
                "baseline_epsilon": 3.651064872741699,
                "injected_epsilon": 3.751774311065674,
                "epsilon_diff": 0.10070943832397461,
                "abs_diff": 0.10070943832397461
              },
              {
                "lower1": 0.0028223562985658646,
                "middle": 0.005451655946671963,
                "upper": 9.445226669311523,
                "gamma": 0.0007058382034301758
              }
            ]
          ]
        }
      }
    ],
    "performance": {
      "time": {
        "total_time": 0.01853656768798828,
        "baseline_forward_time": 0.00706171989440918,
        "injection_forward_time": 0.0066375732421875,
        "bounds_computation_time": 0.0007634162902832031,
        "violation_detection_time": 0.0014622211456298828
      },
      "memory": {
        "peak_memory_allocated_mb": 1288.18115234375,
        "peak_memory_reserved_mb": 1676.0,
        "baseline_memory_mb": 1228.984375,
        "injection_memory_mb": 1288.18115234375
      },
      "compute": {
        "num_attention_layers": 12,
        "num_attention_heads": 12,
        "sequence_length": 64,
        "batch_size": 2,
        "attention_flops": 0.0,
        "bounds_flops": 0.0
      },
      "extra": {}
    }
  }
}