{
  "exp_id": "gpt2_comprehensive_sweep_seed=42_injection_layers=[9]_injection_bit=31_injection_location=scores_injection_idx=(0, 0, 10, 20)",
  "num_runs": 1,
  "timestamp": "2025-10-14T18:31:42.670481",
  "baseline_loss": {
    "mean": 8.801229476928711,
    "std": 0.0,
    "min": 8.801229476928711,
    "max": 8.801229476928711
  },
  "injected_loss": {
    "mean": 8.801230430603027,
    "std": 0.0,
    "min": 8.801230430603027,
    "max": 8.801230430603027
  },
  "loss_diff": {
    "mean": 9.5367431640625e-07,
    "std": 0.0,
    "min": 9.5367431640625e-07,
    "max": 9.5367431640625e-07
  },
  "violation_detection": {
    "detection_rate": 0.0,
    "total_violations": 0,
    "avg_violations_per_run": 0.0
  }
}