{
  "exp_id": "gpt2_comprehensive_sweep_seed=3407_injection_layers=[6]_injection_bit=25_injection_location=k_injection_idx=(0, 3, 53, 43)",
  "run_id": 0,
  "timestamp": "2025-10-14T18:13:36.301450",
  "baseline_loss": 12.890384674072266,
  "injected_loss": 12.890382766723633,
  "loss_diff": -1.9073486328125e-06,
  "bounds_valid": null,
  "violation_detected": false,
  "num_violations": 0,
  "violation_positions": [],
  "baseline_epsilon_stats": {
    "6": {
      "epsilon_mean": 7.864658355712891,
      "epsilon_std": 3.4537131786346436,
      "lower_mean": 0.852850615978241,
      "upper_mean": 17.020122528076172,
      "gamma_mean": 1.5244500637054443
    }
  },
  "injected_epsilon_stats": null,
  "injection_info": {
    "location": "k",
    "idx": [
      0,
      3,
      53,
      43
    ],
    "bit": 25,
    "enabled": true,
    "multi_bit": false,
    "bit_list": null,
    "random_position": false,
    "injection_rate": 0.0
  },
  "extra_data": {
    "epsilon_analysis": [
      {
        "layer_idx": 6,
        "analysis": {
          "mean_diff": -1.1031361282221042e-05,
          "std_diff": 0.0040675560012459755,
          "max_abs_diff": 0.05042266845703125,
          "top_changes": [
            [
              [
                0,
                3,
                1
              ],
              {
                "baseline_epsilon": 6.088102340698242,
                "injected_epsilon": 6.037679672241211,
                "epsilon_diff": -0.05042266845703125,
                "abs_diff": 0.05042266845703125
              },
              {
                "lower1": 0.17579887807369232,
                "middle": 0.339783638715744,
                "upper": 16.74805450439453,
                "gamma": 0.04496026039123535
              }
            ],
            [
              [
                0,
                3,
                2
              ],
              {
                "baseline_epsilon": 6.1041259765625,
                "injected_epsilon": 6.061443328857422,
                "epsilon_diff": -0.042682647705078125,
                "abs_diff": 0.042682647705078125
              },
              {
                "lower1": 0.18356981873512268,
                "middle": 0.3540189564228058,
                "upper": 18.279407501220703,
                "gamma": 0.0469965934753418
              }
            ],
            [
              [
                0,
                3,
                3
              ],
              {
                "baseline_epsilon": 6.178056716918945,
                "injected_epsilon": 6.142393112182617,
                "epsilon_diff": -0.035663604736328125,
                "abs_diff": 0.035663604736328125
              },
              {
                "lower1": 0.1981324851512909,
                "middle": 0.381146639585495,
                "upper": 18.457042694091797,
                "gamma": 0.05082440376281738
              }
            ],
            [
              [
                0,
                3,
                4
              ],
              {
                "baseline_epsilon": 6.261980056762695,
                "injected_epsilon": 6.231182098388672,
                "epsilon_diff": -0.030797958374023438,
                "abs_diff": 0.030797958374023438
              },
              {
                "lower1": 0.21386978030204773,
                "middle": 0.4105435013771057,
                "upper": 18.457042694091797,
                "gamma": 0.054978370666503906
              }
            ],
            [
              [
                0,
                3,
                46
              ],
              {
                "baseline_epsilon": 8.027734756469727,
                "injected_epsilon": 8.05749225616455,
                "epsilon_diff": 0.02975749969482422,
                "abs_diff": 0.02975749969482422
              },
              {
                "lower1": 1.2516957521438599,
                "middle": 6.083846092224121,
                "upper": 18.457042694091797,
                "gamma": 2.8433117866516113
              }
            ],
            [
              [
                0,
                3,
                45
              ],
              {
                "baseline_epsilon": 8.677713394165039,
                "injected_epsilon": 8.707276344299316,
                "epsilon_diff": 0.029562950134277344,
                "abs_diff": 0.029562950134277344
              },
              {
                "lower1": 1.3794101476669312,
                "middle": 6.479957103729248,
                "upper": 18.457042694091797,
                "gamma": 2.675175428390503
              }
            ],
            [
              [
                0,
                3,
                47
              ],
              {
                "baseline_epsilon": 7.390068054199219,
                "injected_epsilon": 7.419610500335693,
                "epsilon_diff": 0.02954244613647461,
                "abs_diff": 0.02954244613647461
              },
              {
                "lower1": 1.1352007389068604,
                "middle": 5.672517776489258,
                "upper": 18.457042694091797,
                "gamma": 3.0042884349823
              }
            ],
            [
              [
                0,
                3,
                48
              ],
              {
                "baseline_epsilon": 6.701047897338867,
                "injected_epsilon": 6.729853630065918,
                "epsilon_diff": 0.02880573272705078,
                "abs_diff": 0.02880573272705078
              },
              {
                "lower1": 1.011978030204773,
                "middle": 5.210747718811035,
                "upper": 18.457042694091797,
                "gamma": 3.1856837272644043
              }
            ],
            [
              [
                0,
                3,
                44
              ],
              {
                "baseline_epsilon": 9.325430870056152,
                "injected_epsilon": 9.354154586791992,
                "epsilon_diff": 0.028723716735839844,
                "abs_diff": 0.028723716735839844
              },
              {
                "lower1": 1.5200896263122559,
                "middle": 6.842500686645508,
                "upper": 18.457042694091797,
                "gamma": 2.496320962905884
              }
            ],
            [
              [
                0,
                3,
                49
              ],
              {
                "baseline_epsilon": 6.042936325073242,
                "injected_epsilon": 6.07070255279541,
                "epsilon_diff": 0.02776622772216797,
                "abs_diff": 0.02776622772216797
              },
              {
                "lower1": 0.9022226333618164,
                "middle": 4.752501010894775,
                "upper": 18.449172973632812,
                "gamma": 3.3601956367492676
              }
            ],
            [
              [
                0,
                3,
                43
              ],
              {
                "baseline_epsilon": 9.868110656738281,
                "injected_epsilon": 9.895659446716309,
                "epsilon_diff": 0.027548789978027344,
                "abs_diff": 0.027548789978027344
              },
              {
                "lower1": 1.6460685729980469,
                "middle": 7.115429878234863,
                "upper": 18.457042694091797,
                "gamma": 2.3384246826171875
              }
            ],
            [
              [
                0,
                3,
                5
              ],
              {
                "baseline_epsilon": 6.348052978515625,
                "injected_epsilon": 6.320945739746094,
                "epsilon_diff": -0.02710723876953125,
                "abs_diff": 0.02710723876953125
              },
              {
                "lower1": 0.2308676689863205,