{
  "exp_id": "gpt2_comprehensive_sweep_seed=42_injection_layers=[0]_injection_bit=14_injection_location=k_injection_idx=(0, 3, 53, 43)",
  "run_id": 0,
  "timestamp": "2025-12-12T07:00:32.838907",
  "baseline_loss": 13.588921546936035,
  "injected_loss": 13.588922500610352,
  "loss_diff": 9.5367431640625e-07,
  "bounds_valid": null,
  "violation_detected": false,
  "num_violations": 0,
  "violation_positions": [],
  "baseline_epsilon_stats": {
    "0": {
      "epsilon_mean": 4.467039108276367,
      "epsilon_std": 2.3451578617095947,
      "lower_mean": 0.39254388213157654,
      "upper_mean": 9.511073112487793,
      "gamma_mean": 0.164742574095726
    }
  },
  "injected_epsilon_stats": null,
  "injection_info": {
    "location": "k",
    "idx": [
      0,
      3,
      53,
      43
    ],
    "bit": 14,
    "enabled": true,
    "multi_bit": false,
    "bit_list": null,
    "random_position": false,
    "injection_rate": 0.0
  },
  "extra_data": {
    "epsilon_analysis": [
      {
        "layer_idx": 0,
        "analysis": {
          "mean_diff": -7.078051567077637e-08,
          "std_diff": 2.4875380404409952e-06,
          "max_abs_diff": 3.62396240234375e-05,
          "top_changes": [
            [
              [
                0,
                3,
                1
              ],
              {
                "baseline_epsilon": 2.2531967163085938,
                "injected_epsilon": 2.2531604766845703,
                "epsilon_diff": -3.62396240234375e-05,
                "abs_diff": 3.62396240234375e-05
              },
              {
                "lower1": 0.07105843722820282,
                "middle": 0.1401420533657074,
                "upper": 4.197353363037109,
                "gamma": 0.017925262451171875
              }
            ],
            [
              [
                0,
                3,
                13
              ],
              {
                "baseline_epsilon": 3.4587326049804688,
                "injected_epsilon": 3.4587020874023438,
                "epsilon_diff": -3.0517578125e-05,
                "abs_diff": 3.0517578125e-05
              },
              {
                "lower1": 0.06456435471773148,
                "middle": 0.12400718778371811,
                "upper": 18.457042694091797,
                "gamma": 0.01627349853515625
              }
            ],
            [
              [
                0,
                3,
                16
              ],
              {
                "baseline_epsilon": 3.2825927734375,
                "injected_epsilon": 3.282562255859375,
                "epsilon_diff": -3.0517578125e-05,
                "abs_diff": 3.0517578125e-05
              },
              {
                "lower1": 0.09906843304634094,
                "middle": 0.19011905789375305,
                "upper": 18.457042694091797,
                "gamma": 0.025081634521484375
              }
            ],
            [
              [
                0,
                3,
                17
              ],
              {
                "baseline_epsilon": 3.0201339721679688,
                "injected_epsilon": 3.0201034545898438,
                "epsilon_diff": -3.0517578125e-05,
                "abs_diff": 3.0517578125e-05
              },
              {
                "lower1": 0.011929788626730442,
                "middle": 0.022629279643297195,
                "upper": 18.457042694091797,
                "gamma": 0.002986907958984375
              }
            ],
            [
              [
                0,
                3,
                18
              ],
              {
                "baseline_epsilon": 3.1263198852539062,
                "injected_epsilon": 3.1262969970703125,
                "epsilon_diff": -2.288818359375e-05,
                "abs_diff": 2.288818359375e-05
              },
              {
                "lower1": 0.0687200203537941,
                "middle": 0.13074885308742523,
                "upper": 18.457042694091797,
                "gamma": 0.017330169677734375
              }
            ],
            [
              [
                0,
                3,
                12
              ],
              {
                "baseline_epsilon": 3.5072860717773438,
                "injected_epsilon": 3.50726318359375,
                "epsilon_diff": -2.288818359375e-05,
                "abs_diff": 2.288818359375e-05
              },
              {
                "lower1": 0.027750356122851372,
                "middle": 0.053105391561985016,
                "upper": 18.457042694091797,
                "gamma": 0.006961822509765625
              }
            ],
            [
              [
                0,
                3,
                36
              ],
              {
                "baseline_epsilon": 5.942413330078125,
                "injected_epsilon": 5.942436218261719,
                "epsilon_diff": 2.288818359375e-05,
                "abs_diff": 2.288818359375e-05
              },
              {
                "lower1": 0.6609067320823669,
                "middle": 1.1215643882751465,
                "upper": 18.457042694091797,
                "gamma": 0.1816864013671875
              }
            ],
            [
              [
                0,
                3,
                63
              ],
              {
                "baseline_epsilon": 5.915885925292969,
                "injected_epsilon": 5.915901184082031,
                "epsilon_diff": 1.52587890625e-05,
                "abs_diff": 1.52587890625e-05
              },
              {
                "lower1": 1.4813060760498047,
                "middle": 2.297640800476074,
                "upper": 18.457042694091797,
                "gamma": 0.48628854751586914
              }
            ],
            [
              [
                0,
                3,
                37
              ],
              {
                "baseline_epsilon": 5.984474182128906,
                "injected_epsilon": 5.984489440917969,
                "epsilon_diff": 1.52587890625e-05,
                "abs_diff": 1.52587890625e-05
              },
              {
                "lower1": 0.708411455154419,
                "middle": 1.1969242095947266,
                "upper": 18.457042694091797,
                "gamma": 0.19631004333496094
              }
            ],
            [
              [
                0,
                3,
                24
              ],
              {
                "baseline_epsilon": 3.6928939819335938,
                "injected_epsilon": 3.6928787231445312,
                "epsilon_diff": -1.52587890625e-05,
                "abs_diff": 1.52587890625e-05
              },
              {
                "lower1": 0.15110857784748077,
                "middle": 0.28078126907348633,
                "upper": 18.457042694091797,
                "gamma": 0.03851890563964844
              }
            ],
            [
              [
                0,
                3,
                19
              ],
              {
                "baseline_epsilon": 3.020660400390625,
                "injected_epsilon": 3.0206451416015625,
                "epsilon_diff": -1.52587890625e-05,
                "abs_diff": 1.52587890625e-05
              },
              {
                "lower1": 0.007869593799114227,
                "middle": 0.01481998898088932,
                "upper": 18.457042694091797,
                "gamma": 0.0019693374633789062
              }
            ],
            [
              [
                0,
                3,
                23
              ],
              {
                "baseline_epsilon": 3.302734375,
                "injected_epsilon": 3.3027496337890625,
                "epsilon_diff": 1.52587890625e-05,
                "abs_diff": 1.52587890625e-05
              },
              {
                "lower1": 0.14574238657951355,