{
  "exp_id": "gpt2_comprehensive_sweep_seed=0_injection_layers=[9]_injection_bit=14_injection_location=weights_injection_idx=(1, 9, 31, 62)",
  "run_id": 0,
  "timestamp": "2025-12-12T07:00:10.755051",
  "baseline_loss": 13.721663475036621,
  "injected_loss": 13.721662521362305,
  "loss_diff": -9.5367431640625e-07,
  "bounds_valid": null,
  "violation_detected": false,
  "num_violations": 0,
  "violation_positions": [],
  "baseline_epsilon_stats": {
    "9": {
      "epsilon_mean": 10.922141075134277,
      "epsilon_std": 4.307835578918457,
      "lower_mean": 1.0468783378601074,
      "upper_mean": 16.82538414001465,
      "gamma_mean": 2.1429390907287598
    }
  },
  "injected_epsilon_stats": null,
  "injection_info": {
    "location": "weights",
    "idx": [
      1,
      9,
      31,
      62
    ],
    "bit": 14,
    "enabled": true,
    "multi_bit": false,
    "bit_list": null,
    "random_position": false,
    "injection_rate": 0.0
  },
  "extra_data": {
    "epsilon_analysis": [
      {
        "layer_idx": 9,
        "analysis": {
          "mean_diff": 3.3527612686157227e-08,
          "std_diff": 1.3140087276042323e-06,
          "max_abs_diff": 5.14984130859375e-05,
          "top_changes": [
            [
              [
                1,
                9,
                31
              ],
              {
                "baseline_epsilon": 7.607141494750977,
                "injected_epsilon": 7.6071929931640625,
                "epsilon_diff": 5.14984130859375e-05,
                "abs_diff": 5.14984130859375e-05
              },
              {
                "lower1": 0.2499638944864273,
                "middle": 6.947305202484131,
                "upper": 11.404180526733398,
                "gamma": 5.08626127243042
              }
            ]
          ]
        }
      }
    ],
    "performance": {
      "time": {
        "total_time": 0.018726110458374023,
        "baseline_forward_time": 0.00720977783203125,
        "injection_forward_time": 0.006671428680419922,
        "bounds_computation_time": 0.0007684230804443359,
        "violation_detection_time": 0.0014560222625732422
      },
      "memory": {
        "peak_memory_allocated_mb": 1128.98583984375,
        "peak_memory_reserved_mb": 1720.0,
        "baseline_memory_mb": 1069.7890625,
        "injection_memory_mb": 1128.98583984375
      },
      "compute": {
        "num_attention_layers": 12,
        "num_attention_heads": 12,
        "sequence_length": 64,
        "batch_size": 2,
        "attention_flops": 0.0,
        "bounds_flops": 0.0
      },
      "extra": {}
    }
  }
}