{
  "exp_id": "gpt2_comprehensive_sweep_seed=123_injection_layers=[3]_injection_bit=8_injection_location=scores_injection_idx=(1, 9, 31, 62)",
  "run_id": 0,
  "timestamp": "2025-12-12T07:10:19.603197",
  "baseline_loss": 8.997109413146973,
  "injected_loss": 8.997110366821289,
  "loss_diff": 9.5367431640625e-07,
  "bounds_valid": null,
  "violation_detected": false,
  "num_violations": 0,
  "violation_positions": [],
  "baseline_epsilon_stats": {
    "3": {
      "epsilon_mean": 4.6995015144348145,
      "epsilon_std": 4.219686031341553,
      "lower_mean": 0.4203936457633972,
      "upper_mean": 5.6145782470703125,
      "gamma_mean": 0.16137349605560303
    }
  },
  "injected_epsilon_stats": null,
  "injection_info": {
    "location": "scores",
    "idx": [
      1,
      9,
      31,
      62
    ],
    "bit": 8,
    "enabled": true,
    "multi_bit": false,
    "bit_list": null,
    "random_position": false,
    "injection_rate": 0.0
  },
  "extra_data": {
    "epsilon_analysis": [
      {
        "layer_idx": 3,
        "analysis": {
          "mean_diff": -4.656612873077393e-10,
          "std_diff": 1.825012141409843e-08,
          "max_abs_diff": 7.152557373046875e-07,
          "top_changes": [
            [
              [
                1,
                9,
                31
              ],
              {
                "baseline_epsilon": 0.6146464347839355,
                "injected_epsilon": 0.6146457195281982,
                "epsilon_diff": -7.152557373046875e-07,
                "abs_diff": 7.152557373046875e-07
              },
              {
                "lower1": 0.000405767816118896,
                "middle": 0.0007977315690368414,
                "upper": 0.8266172409057617,
                "gamma": 0.00010144710540771484
              }
            ]
          ]
        }
      }
    ],
    "performance": {
      "time": {
        "total_time": 0.019057273864746094,
        "baseline_forward_time": 0.007314920425415039,
        "injection_forward_time": 0.0068323612213134766,
        "bounds_computation_time": 0.0008046627044677734,
        "violation_detection_time": 0.0014350414276123047
      },
      "memory": {
        "peak_memory_allocated_mb": 1229.10791015625,
        "peak_memory_reserved_mb": 1830.0,
        "baseline_memory_mb": 1169.9111328125,
        "injection_memory_mb": 1229.10791015625
      },
      "compute": {
        "num_attention_layers": 12,
        "num_attention_heads": 12,
        "sequence_length": 64,
        "batch_size": 2,
        "attention_flops": 0.0,
        "bounds_flops": 0.0
      },
      "extra": {}
    }
  }
}