{
  "exp_id": "gpt2_comprehensive_sweep_seed=123_injection_layers=[0]_injection_bit=22_injection_location=weights_injection_idx=(1, 9, 31, 62)",
  "num_runs": 1,
  "timestamp": "2025-12-12T07:02:07.759438",
  "baseline_loss": {
    "mean": 13.588921546936035,
    "std": 0.0,
    "min": 13.588921546936035,
    "max": 13.588921546936035
  },
  "injected_loss": {
    "mean": 13.588567733764648,
    "std": 0.0,
    "min": 13.588567733764648,
    "max": 13.588567733764648
  },
  "loss_diff": {
    "mean": -0.00035381317138671875,
    "std": 0.0,
    "min": -0.00035381317138671875,
    "max": -0.00035381317138671875
  },
  "violation_detection": {
    "detection_rate": 0.0,
    "total_violations": 0,
    "avg_violations_per_run": 0.0
  }
}