{
  "exp_id": "gpt2_comprehensive_sweep_seed=42_injection_layers=[3]_injection_bit=24_injection_location=q_injection_idx=(0, 3, 53, 43)",
  "run_id": 0,
  "timestamp": "2025-12-12T07:01:03.112051",
  "baseline_loss": 13.791720390319824,
  "injected_loss": 13.791719436645508,
  "loss_diff": -9.5367431640625e-07,
  "bounds_valid": null,
  "violation_detected": false,
  "num_violations": 0,
  "violation_positions": [],
  "baseline_epsilon_stats": {
    "3": {
      "epsilon_mean": 6.302740097045898,
      "epsilon_std": 2.23594331741333,
      "lower_mean": 0.9555976390838623,
      "upper_mean": 17.05971336364746,
      "gamma_mean": 1.0718344449996948
    }
  },
  "injected_epsilon_stats": null,
  "injection_info": {
    "location": "q",
    "idx": [
      0,
      3,
      53,
      43
    ],
    "bit": 24,
    "enabled": true,
    "multi_bit": false,
    "bit_list": null,
    "random_position": false,
    "injection_rate": 0.0
  },
  "extra_data": {
    "epsilon_analysis": [
      {
        "layer_idx": 3,
        "analysis": {
          "mean_diff": -0.00018060021102428436,
          "std_diff": 0.007078053895384073,
          "max_abs_diff": 0.2774019241333008,
          "top_changes": [
            [
              [
                0,
                3,
                53
              ],
              {
                "baseline_epsilon": 5.542889595031738,
                "injected_epsilon": 5.2654876708984375,
                "epsilon_diff": -0.2774019241333008,
                "abs_diff": 0.2774019241333008
              },
              {
                "lower1": 1.9011311531066895,
                "middle": 2.842251777648926,
                "upper": 18.457042694091797,
                "gamma": 0.7315131425857544
              }
            ]
          ]
        }
      }
    ],
    "performance": {
      "time": {
        "total_time": 0.01870441436767578,
        "baseline_forward_time": 0.007231473922729492,
        "injection_forward_time": 0.0066339969635009766,
        "bounds_computation_time": 0.0007646083831787109,
        "violation_detection_time": 0.0014925003051757812
      },
      "memory": {
        "peak_memory_allocated_mb": 1400.0654296875,
        "peak_memory_reserved_mb": 1786.0,
        "baseline_memory_mb": 1340.86865234375,
        "injection_memory_mb": 1400.0654296875
      },
      "compute": {
        "num_attention_layers": 12,
        "num_attention_heads": 12,
        "sequence_length": 64,
        "batch_size": 2,
        "attention_flops": 0.0,
        "bounds_flops": 0.0
      },
      "extra": {}
    }
  }
}