{
  "exp_id": "gpt2_comprehensive_sweep_seed=123_injection_layers=[6]_injection_bit=26_injection_location=k_injection_idx=(1, 6, 32, 1)",
  "run_id": 0,
  "timestamp": "2025-10-14T18:25:30.954888",
  "baseline_loss": 8.564263343811035,
  "injected_loss": 8.564491271972656,
  "loss_diff": 0.00022792816162109375,
  "bounds_valid": null,
  "violation_detected": false,
  "num_violations": 0,
  "violation_positions": [],
  "baseline_epsilon_stats": {
    "6": {
      "epsilon_mean": 5.956024169921875,
      "epsilon_std": 4.427911758422852,
      "lower_mean": 0.5316863656044006,
      "upper_mean": 7.960529327392578,
      "gamma_mean": 0.18503431975841522
    }
  },
  "injected_epsilon_stats": null,
  "injection_info": {
    "location": "k",
    "idx": [
      1,
      6,
      32,
      1
    ],
    "bit": 26,
    "enabled": true,
    "multi_bit": false,
    "bit_list": null,
    "random_position": false,
    "injection_rate": 0.0
  },
  "extra_data": {
    "epsilon_analysis": [
      {
        "layer_idx": 6,
        "analysis": {
          "mean_diff": -0.00012625614181160927,
          "std_diff": 0.0010450927074998617,
          "max_abs_diff": 0.020493507385253906,
          "top_changes": [
            [
              [
                1,
                6,
                6
              ],
              {
                "baseline_epsilon": 4.004218101501465,
                "injected_epsilon": 4.024711608886719,
                "epsilon_diff": 0.020493507385253906,
                "abs_diff": 0.020493507385253906
              },
              {
                "lower1": 0.48509272933006287,
                "middle": 1.0093750953674316,
                "upper": 4.869993209838867,
                "gamma": 0.12966835498809814
              }
            ],
            [
              [
                1,
                6,
                4
              ],
              {
                "baseline_epsilon": 6.123344898223877,
                "injected_epsilon": 6.135483741760254,
                "epsilon_diff": 0.012138843536376953,
                "abs_diff": 0.012138843536376953
              },
              {
                "lower1": 1.014652967453003,
                "middle": 2.295039415359497,
                "upper": 7.2798285484313965,
                "gamma": 0.2976313829421997
              }
            ],
            [
              [
                1,
                6,
                63
              ],
              {
                "baseline_epsilon": 4.621963024139404,
                "injected_epsilon": 4.615792751312256,
                "epsilon_diff": -0.0061702728271484375,
                "abs_diff": 0.0061702728271484375
              },
              {
                "lower1": 0.13499173521995544,
                "middle": 0.2660750150680542,
                "upper": 6.611608505249023,
                "gamma": 0.034337401390075684
              }
            ],
            [
              [
                1,
                6,
                62
              ],
              {
                "baseline_epsilon": 4.639595985412598,
                "injected_epsilon": 4.63348913192749,
                "epsilon_diff": -0.006106853485107422,
                "abs_diff": 0.006106853485107422
              },
              {
                "lower1": 0.14024287462234497,
                "middle": 0.27659130096435547,
                "upper": 6.6388421058654785,
                "gamma": 0.0356978178024292
              }
            ],
            [
              [
                1,
                6,
                61
              ],
              {
                "baseline_epsilon": 4.644808292388916,
                "injected_epsilon": 4.638792037963867,
                "epsilon_diff": -0.006016254425048828,
                "abs_diff": 0.006016254425048828
              },
              {
                "lower1": 0.1384928673505783,
                "middle": 0.2730657160282135,
                "upper": 6.653076171875,
                "gamma": 0.03524422645568848
              }
            ],
            [
              [
                1,
                6,
                60
              ],
              {
                "baseline_epsilon": 4.670046329498291,
                "injected_epsilon": 4.664114475250244,
                "epsilon_diff": -0.005931854248046875,
                "abs_diff": 0.005931854248046875
              },
              {
                "lower1": 0.1465870887041092,
                "middle": 0.28929653763771057,
                "upper": 6.690921783447266,
                "gamma": 0.03734397888183594
              }
            ],
            [
              [
                1,
                6,
                59
              ],
              {
                "baseline_epsilon": 4.686938762664795,
                "injected_epsilon": 4.681081295013428,
                "epsilon_diff": -0.0058574676513671875,
                "abs_diff": 0.0058574676513671875
              },
              {
                "lower1": 0.15125665068626404,
                "middle": 0.2986699938774109,
                "upper": 6.717228889465332,
                "gamma": 0.03855741024017334
              }
            ],
            [
              [
                1,
                6,
                58
              ],
              {
                "baseline_epsilon": 4.698843002319336,
                "injected_epsilon": 4.693026542663574,
                "epsilon_diff": -0.005816459655761719,
                "abs_diff": 0.005816459655761719
              },
              {
                "lower1": 0.1521899551153183,
                "middle": 0.30052727460861206,
                "upper": 6.741307258605957,
                "gamma": 0.03880012035369873
              }
            ],
            [
              [
                1,
                6,
                57
              ],
              {
                "baseline_epsilon": 4.6918110847473145,
                "injected_epsilon": 4.686083793640137,
                "epsilon_diff": -0.005727291107177734,
                "abs_diff": 0.005727291107177734
              },
              {
                "lower1": 0.14575523138046265,
                "middle": 0.2875799238681793,
                "upper": 6.740940093994141,
                "gamma": 0.03712797164916992
              }
            ],
            [
              [
                1,
                6,
                56
              ],
              {
                "baseline_epsilon": 4.718825340270996,
                "injected_epsilon": 4.713156223297119,
                "epsilon_diff": -0.005669116973876953,
                "abs_diff": 0.005669116973876953
              },
              {
                "lower1": 0.15404072403907776,
                "middle": 0.30421826243400574,
                "upper": 6.781437397003174,
                "gamma": 0.039281606674194336
              }
            ],
            [
              [
                1,
                6,
                55
              ],
              {
                "baseline_epsilon": 4.720214366912842,
                "injected_epsilon": 4.7146124839782715,
                "epsilon_diff": -0.0056018829345703125,
                "abs_diff": 0.0056018829345703125
              },
              {
                "lower1": 0.14999203383922577,
                "middle": 0.2960546612739563,
                "upper": 6.793907642364502,
                "gamma": 0.038228631019592285
              }
            ],
            [
              [
                1,
                6,
                3
              ],
              {
                "baseline_epsilon": 4.596341609954834,
                "injected_epsilon": 4.601883411407471,
                "epsilon_diff": 0.005541801452636719,