{
  "exp_id": "gpt2_comprehensive_sweep_seed=123_injection_layers=[9]_injection_bit=30_injection_location=scores_injection_idx=(0, 0, 10, 20)",
  "num_runs": 1,
  "timestamp": "2025-12-12T07:11:45.762882",
  "baseline_loss": {
    "mean": 8.462052345275879,
    "std": 0.0,
    "min": 8.462052345275879,
    "max": 8.462052345275879
  },
  "injected_loss": {
    "mean": 8.462486267089844,
    "std": 0.0,
    "min": 8.462486267089844,
    "max": 8.462486267089844
  },
  "loss_diff": {
    "mean": 0.00043392181396484375,
    "std": 0.0,
    "min": 0.00043392181396484375,
    "max": 0.00043392181396484375
  },
  "violation_detection": {
    "detection_rate": 1.0,
    "total_violations": 1,
    "avg_violations_per_run": 1.0
  }
}