{
  "exp_id": "gpt2_comprehensive_sweep_seed=0_injection_layers=[0]_injection_bit=30_injection_location=q_injection_idx=(0, 0, 10, 20)",
  "num_runs": 1,
  "timestamp": "2025-12-12T07:06:55.816722",
  "baseline_loss": {
    "mean": 10.275479316711426,
    "std": 0.0,
    "min": 10.275479316711426,
    "max": 10.275479316711426
  },
  "injected_loss": {
    "mean": 10.276822090148926,
    "std": 0.0,
    "min": 10.276822090148926,
    "max": 10.276822090148926
  },
  "loss_diff": {
    "mean": 0.0013427734375,
    "std": 0.0,
    "min": 0.0013427734375,
    "max": 0.0013427734375
  },
  "violation_detection": {
    "detection_rate": 1.0,
    "total_violations": 1,
    "avg_violations_per_run": 1.0
  }
}