{
  "exp_id": "gpt2_comprehensive_sweep_seed=3407_injection_layers=[9]_injection_bit=24_injection_location=k_injection_idx=(0, 3, 53, 43)",
  "num_runs": 1,
  "timestamp": "2025-10-14T18:26:01.633404",
  "baseline_loss": {
    "mean": 8.462053298950195,
    "std": 0.0,
    "min": 8.462053298950195,
    "max": 8.462053298950195
  },
  "injected_loss": {
    "mean": 8.46207046508789,
    "std": 0.0,
    "min": 8.46207046508789,
    "max": 8.46207046508789
  },
  "loss_diff": {
    "mean": 1.71661376953125e-05,
    "std": 0.0,
    "min": 1.71661376953125e-05,
    "max": 1.71661376953125e-05
  },
  "violation_detection": {
    "detection_rate": 0.0,
    "total_violations": 0,
    "avg_violations_per_run": 0.0
  }
}