{
  "exp_id": "gpt2_comprehensive_sweep_seed=42_injection_layers=[3]_injection_bit=23_injection_location=q_injection_idx=(0, 0, 10, 20)",
  "num_runs": 1,
  "timestamp": "2025-10-14T18:31:35.734915",
  "baseline_loss": {
    "mean": 7.881114482879639,
    "std": 0.0,
    "min": 7.881114482879639,
    "max": 7.881114482879639
  },
  "injected_loss": {
    "mean": 7.881123065948486,
    "std": 0.0,
    "min": 7.881123065948486,
    "max": 7.881123065948486
  },
  "loss_diff": {
    "mean": 8.58306884765625e-06,
    "std": 0.0,
    "min": 8.58306884765625e-06,
    "max": 8.58306884765625e-06
  },
  "violation_detection": {
    "detection_rate": 0.0,
    "total_violations": 0,
    "avg_violations_per_run": 0.0
  }
}