{
  "exp_id": "gpt2_comprehensive_sweep_seed=0_injection_layers=[9]_injection_bit=9_injection_location=k_injection_idx=(0, 0, 10, 20)",
  "run_id": 0,
  "timestamp": "2025-12-12T07:07:51.370976",
  "baseline_loss": 8.462052345275879,
  "injected_loss": 8.462053298950195,
  "loss_diff": 9.5367431640625e-07,
  "bounds_valid": null,
  "violation_detected": false,
  "num_violations": 0,
  "violation_positions": [],
  "baseline_epsilon_stats": {
    "9": {
      "epsilon_mean": 6.7392191886901855,
      "epsilon_std": 4.8921427726745605,
      "lower_mean": 0.5418864488601685,
      "upper_mean": 9.379467010498047,
      "gamma_mean": 0.2731764018535614
    }
  },
  "injected_epsilon_stats": null,
  "injection_info": {
    "location": "k",
    "idx": [
      0,
      0,
      10,
      20
    ],
    "bit": 9,
    "enabled": true,
    "multi_bit": false,
    "bit_list": null,
    "random_position": false,
    "injection_rate": 0.0
  },
  "extra_data": {
    "epsilon_analysis": [
      {
        "layer_idx": 9,
        "analysis": {
          "mean_diff": 1.3969838619232178e-09,
          "std_diff": 4.592216384935455e-08,
          "max_abs_diff": 9.5367431640625e-07,
          "top_changes": [
            [
              [
                0,
                0,
                26
              ],
              {
                "baseline_epsilon": 0.903465747833252,
                "injected_epsilon": 0.9034647941589355,
                "epsilon_diff": -9.5367431640625e-07,
                "abs_diff": 9.5367431640625e-07
              },
              {
                "lower1": 0.015994863584637642,
                "middle": 0.03147280588746071,
                "upper": 1.6182737350463867,
                "gamma": 0.004006743431091309
              }
            ],
            [
              [
                0,
                0,
                2
              ],
              {
                "baseline_epsilon": 0.6054275035858154,
                "injected_epsilon": 0.6054267883300781,
                "epsilon_diff": -7.152557373046875e-07,
                "abs_diff": 7.152557373046875e-07
              },
              {
                "lower1": 0.005583080463111401,
                "middle": 0.010985158383846283,
                "upper": 0.6481122970581055,
                "gamma": 0.0013967454433441162
              }
            ],
            [
              [
                0,
                0,
                15
              ],
              {
                "baseline_epsilon": 1.4655237197875977,
                "injected_epsilon": 1.4655241966247559,
                "epsilon_diff": 4.76837158203125e-07,
                "abs_diff": 4.76837158203125e-07
              },
              {
                "lower1": 0.007583568338304758,
                "middle": 0.014886565506458282,
                "upper": 2.1530752182006836,
                "gamma": 0.0018976926803588867
              }
            ],
            [
              [
                0,
                0,
                13
              ],
              {
                "baseline_epsilon": 1.5901989936828613,
                "injected_epsilon": 1.5901994705200195,
                "epsilon_diff": 4.76837158203125e-07,
                "abs_diff": 4.76837158203125e-07
              },
              {
                "lower1": 0.012591508217155933,
                "middle": 0.02472500503063202,
                "upper": 2.2751407623291016,
                "gamma": 0.0031528472900390625
              }
            ],
            [
              [
                0,
                0,
                55
              ],
              {
                "baseline_epsilon": 1.2275590896606445,
                "injected_epsilon": 1.2275595664978027,
                "epsilon_diff": 4.76837158203125e-07,
                "abs_diff": 4.76837158203125e-07
              },
              {
                "lower1": 0.002043201820924878,
                "middle": 0.004009951837360859,
                "upper": 2.019742012023926,
                "gamma": 0.0005109310150146484
              }
            ],
            [
              [
                0,
                0,
                62
              ],
              {
                "baseline_epsilon": 1.3135786056518555,
                "injected_epsilon": 1.3135790824890137,
                "epsilon_diff": 4.76837158203125e-07,
                "abs_diff": 4.76837158203125e-07
              },
              {
                "lower1": 0.002841177862137556,
                "middle": 0.005575372837483883,
                "upper": 2.1128735542297363,
                "gamma": 0.0007105469703674316
              }
            ],
            [
              [
                0,
                0,
                34
              ],
              {
                "baseline_epsilon": 0.8990020751953125,
                "injected_epsilon": 0.8990025520324707,
                "epsilon_diff": 4.76837158203125e-07,
                "abs_diff": 4.76837158203125e-07
              },
              {
                "lower1": 0.0003180377243552357,
                "middle": 0.0006245592376217246,
                "upper": 1.6411943435668945,
                "gamma": 7.95125961303711e-05
              }
            ],
            [
              [
                0,
                0,
                48
              ],
              {
                "baseline_epsilon": 1.1311163902282715,
                "injected_epsilon": 1.1311168670654297,
                "epsilon_diff": 4.76837158203125e-07,
                "abs_diff": 4.76837158203125e-07
              },
              {
                "lower1": 0.0012636571191251278,
                "middle": 0.002480402123183012,
                "upper": 1.910973072052002,
                "gamma": 0.0003159642219543457
              }
            ],
            [
              [
                0,
                0,
                21
              ],
              {
                "baseline_epsilon": 1.1368255615234375,
                "injected_epsilon": 1.1368260383605957,
                "epsilon_diff": 4.76837158203125e-07,
                "abs_diff": 4.76837158203125e-07
              },
              {
                "lower1": 0.00598268723115325,
                "middle": 0.011750955134630203,
                "upper": 1.836899757385254,
                "gamma": 0.0014967918395996094
              }
            ],
            [
              [
                0,
                0,
                46
              ],
              {
                "baseline_epsilon": 1.1023311614990234,
                "injected_epsilon": 1.1023316383361816,
                "epsilon_diff": 4.76837158203125e-07,
                "abs_diff": 4.76837158203125e-07
              },
              {
                "lower1": 0.0010582000249996781,
                "middle": 0.0020772151183336973,
                "upper": 1.8774828910827637,
                "gamma": 0.000264585018157959
              }
            ]
          ]
        }
      }
    ],
    "performance": {
      "time": {
        "total_time": 0.01944112777709961,
        "baseline_forward_time": 0.007129669189453125,
        "injection_forward_time": 0.006688356399536133,
        "bounds_computation_time": 0.0007295608520507812,
        "violation_detection_time": 0.0023012161254882812
      },
      "memory": {
        "peak_memory_allocated_mb": 1209.08349609375,
        "peak_memory_reserved_mb": 1720.0,
        "baseline_memory_mb": 1149.88671875,
        "injection_memory_mb": 1209.08349609375
      },
      "compute": {
        "num_attention_layers": 12,
        "num_attention_heads": 12,
        "sequence_length": 64,
        "batch_size": 2,
        "attention_flops": 0.0,
        "bounds_flops": 0.0
      },
      "extra": {}
    }
  }
}