{
  "exp_id": "gpt2_comprehensive_sweep_seed=42_injection_layers=[0]_injection_bit=18_injection_location=q_injection_idx=(0, 3, 53, 43)",
  "run_id": 0,
  "timestamp": "2025-12-12T07:00:35.599964",
  "baseline_loss": 13.588921546936035,
  "injected_loss": 13.588921546936035,
  "loss_diff": 0.0,
  "bounds_valid": null,
  "violation_detected": false,
  "num_violations": 0,
  "violation_positions": [],
  "baseline_epsilon_stats": {
    "0": {
      "epsilon_mean": 4.467039108276367,
      "epsilon_std": 2.3451578617095947,
      "lower_mean": 0.39254388213157654,
      "upper_mean": 9.511073112487793,
      "gamma_mean": 0.164742574095726
    }
  },
  "injected_epsilon_stats": null,
  "injection_info": {
    "location": "q",
    "idx": [
      0,
      3,
      53,
      43
    ],
    "bit": 18,
    "enabled": true,
    "multi_bit": false,
    "bit_list": null,
    "random_position": false,
    "injection_rate": 0.0
  },
  "extra_data": {
    "epsilon_analysis": [
      {
        "layer_idx": 0,
        "analysis": {
          "mean_diff": -7.450580596923828e-08,
          "std_diff": 2.92001936941233e-06,
          "max_abs_diff": 0.00011444091796875,
          "top_changes": [
            [
              [
                0,
                3,
                53
              ],
              {
                "baseline_epsilon": 5.989776611328125,
                "injected_epsilon": 5.989662170410156,
                "epsilon_diff": -0.00011444091796875,
                "abs_diff": 0.00011444091796875
              },
              {
                "lower1": 1.3165313005447388,
                "middle": 2.081888437271118,
                "upper": 18.457042694091797,
                "gamma": 0.4133768081665039
              }
            ]
          ]
        }
      }
    ],
    "performance": {
      "time": {
        "total_time": 0.018824100494384766,
        "baseline_forward_time": 0.007256507873535156,
        "injection_forward_time": 0.006737232208251953,
        "bounds_computation_time": 0.0007684230804443359,
        "violation_detection_time": 0.0014731884002685547
      },
      "memory": {
        "peak_memory_allocated_mb": 1589.54736328125,
        "peak_memory_reserved_mb": 1786.0,
        "baseline_memory_mb": 1530.3505859375,
        "injection_memory_mb": 1589.54736328125
      },
      "compute": {
        "num_attention_layers": 12,
        "num_attention_heads": 12,
        "sequence_length": 64,
        "batch_size": 2,
        "attention_flops": 0.0,
        "bounds_flops": 0.0
      },
      "extra": {}
    }
  }
}