{
  "exp_id": "gpt2_comprehensive_sweep_seed=3407_injection_layers=[6]_injection_bit=18_injection_location=k_injection_idx=(0, 0, 10, 20)",
  "run_id": 0,
  "timestamp": "2025-12-12T07:04:20.335876",
  "baseline_loss": 12.89038372039795,
  "injected_loss": 12.890384674072266,
  "loss_diff": 9.5367431640625e-07,
  "bounds_valid": null,
  "violation_detected": false,
  "num_violations": 0,
  "violation_positions": [],
  "baseline_epsilon_stats": {
    "6": {
      "epsilon_mean": 7.864658355712891,
      "epsilon_std": 3.4537131786346436,
      "lower_mean": 0.852850615978241,
      "upper_mean": 17.020122528076172,
      "gamma_mean": 1.5244500637054443
    }
  },
  "injected_epsilon_stats": null,
  "injection_info": {
    "location": "k",
    "idx": [
      0,
      0,
      10,
      20
    ],
    "bit": 18,
    "enabled": true,
    "multi_bit": false,
    "bit_list": null,
    "random_position": false,
    "injection_rate": 0.0
  },
  "extra_data": {
    "epsilon_analysis": [
      {
        "layer_idx": 6,
        "analysis": {
          "mean_diff": 7.233272469875374e-08,
          "std_diff": 2.5473052573943278e-06,
          "max_abs_diff": 9.918212890625e-05,
          "top_changes": [
            [
              [
                0,
                0,
                0
              ],
              {
                "baseline_epsilon": 0.4633979797363281,
                "injected_epsilon": 0.4634971618652344,
                "epsilon_diff": 9.918212890625e-05,
                "abs_diff": 9.918212890625e-05
              },
              {
                "lower1": 0.0012290971353650093,
                "middle": 0.0024176943115890026,
                "upper": 0.5406017303466797,
                "gamma": 0.00030732154846191406
              }
            ],
            [
              [
                0,
                0,
                4
              ],
              {
                "baseline_epsilon": 5.838054656982422,
                "injected_epsilon": 5.838066101074219,
                "epsilon_diff": 1.1444091796875e-05,
                "abs_diff": 1.1444091796875e-05
              },
              {
                "lower1": 0.228440523147583,
                "middle": 0.4331817924976349,
                "upper": 18.457042694091797,
                "gamma": 0.05884075164794922
              }
            ],
            [
              [
                0,
                0,
                47
              ],
              {
                "baseline_epsilon": 6.441700458526611,
                "injected_epsilon": 6.4417009353637695,
                "epsilon_diff": 4.76837158203125e-07,
                "abs_diff": 4.76837158203125e-07
              },
              {
                "lower1": 0.9923672080039978,
                "middle": 1.8152399063110352,
                "upper": 18.457042694091797,
                "gamma": 0.2897893190383911
              }
            ]
          ]
        }
      }
    ],
    "performance": {
      "time": {
        "total_time": 0.018983840942382812,
        "baseline_forward_time": 0.007315874099731445,
        "injection_forward_time": 0.006634950637817383,
        "bounds_computation_time": 0.0007729530334472656,
        "violation_detection_time": 0.0016760826110839844
      },
      "memory": {
        "peak_memory_allocated_mb": 1359.2666015625,
        "peak_memory_reserved_mb": 1874.0,
        "baseline_memory_mb": 1300.06982421875,
        "injection_memory_mb": 1359.2666015625
      },
      "compute": {
        "num_attention_layers": 12,
        "num_attention_heads": 12,
        "sequence_length": 64,
        "batch_size": 2,
        "attention_flops": 0.0,
        "bounds_flops": 0.0
      },
      "extra": {}
    }
  }
}