{
  "exp_id": "gpt2_comprehensive_sweep_seed=42_injection_layers=[9]_injection_bit=9_injection_location=weights_injection_idx=(1, 9, 31, 62)",
  "run_id": 0,
  "timestamp": "2025-12-12T07:01:36.091923",
  "baseline_loss": 13.721663475036621,
  "injected_loss": 13.721662521362305,
  "loss_diff": -9.5367431640625e-07,
  "bounds_valid": null,
  "violation_detected": false,
  "num_violations": 0,
  "violation_positions": [],
  "baseline_epsilon_stats": {
    "9": {
      "epsilon_mean": 10.922141075134277,
      "epsilon_std": 4.307835578918457,
      "lower_mean": 1.0468783378601074,
      "upper_mean": 16.82538414001465,
      "gamma_mean": 2.1429390907287598
    }
  },
  "injected_epsilon_stats": null,
  "injection_info": {
    "location": "weights",
    "idx": [
      1,
      9,
      31,
      62
    ],
    "bit": 9,
    "enabled": true,
    "multi_bit": false,
    "bit_list": null,
    "random_position": false,
    "injection_rate": 0.0
  },
  "extra_data": {
    "epsilon_analysis": [
      {
        "layer_idx": 9,
        "analysis": {
          "mean_diff": -1.2417634698280722e-09,
          "std_diff": 4.8666986884882135e-08,
          "max_abs_diff": 1.9073486328125e-06,
          "top_changes": [
            [
              [
                1,
                9,
                31
              ],
              {
                "baseline_epsilon": 7.607141494750977,
                "injected_epsilon": 7.607139587402344,
                "epsilon_diff": -1.9073486328125e-06,
                "abs_diff": 1.9073486328125e-06
              },
              {
                "lower1": 0.2499638944864273,
                "middle": 6.947305202484131,
                "upper": 11.404180526733398,
                "gamma": 5.08626127243042
              }
            ]
          ]
        }
      }
    ],
    "performance": {
      "time": {
        "total_time": 0.019149303436279297,
        "baseline_forward_time": 0.007613182067871094,
        "injection_forward_time": 0.006657838821411133,
        "bounds_computation_time": 0.0007784366607666016,
        "violation_detection_time": 0.0014789104461669922
      },
      "memory": {
        "peak_memory_allocated_mb": 1259.14453125,
        "peak_memory_reserved_mb": 1786.0,
        "baseline_memory_mb": 1199.94775390625,
        "injection_memory_mb": 1259.14453125
      },
      "compute": {
        "num_attention_layers": 12,
        "num_attention_heads": 12,
        "sequence_length": 64,
        "batch_size": 2,
        "attention_flops": 0.0,
        "bounds_flops": 0.0
      },
      "extra": {}
    }
  }
}