{
  "exp_id": "gpt2_comprehensive_sweep_seed=3407_injection_layers=[0]_injection_bit=7_injection_location=k_injection_idx=(0, 0, 10, 20)",
  "run_id": 0,
  "timestamp": "2025-12-12T07:11:53.891321",
  "baseline_loss": 10.275479316711426,
  "injected_loss": 10.275479316711426,
  "loss_diff": 0.0,
  "bounds_valid": null,
  "violation_detected": false,
  "num_violations": 0,
  "violation_positions": [],
  "baseline_epsilon_stats": {
    "0": {
      "epsilon_mean": 1.9825315475463867,
      "epsilon_std": 1.6013407707214355,
      "lower_mean": 0.3287202715873718,
      "upper_mean": 2.0460193157196045,
      "gamma_mean": 0.0896625965833664
    }
  },
  "injected_epsilon_stats": null,
  "injection_info": {
    "location": "k",
    "idx": [
      0,
      0,
      10,
      20
    ],
    "bit": 7,
    "enabled": true,
    "multi_bit": false,
    "bit_list": null,
    "random_position": false,
    "injection_rate": 0.0
  },
  "extra_data": {
    "epsilon_analysis": [
      {
        "layer_idx": 0,
        "analysis": {
          "mean_diff": -3.4924596548080444e-10,
          "std_diff": 8.732439660263935e-09,
          "max_abs_diff": 2.384185791015625e-07,
          "top_changes": [
            [
              [
                0,
                0,
                25
              ],
              {
                "baseline_epsilon": 1.4190733432769775,
                "injected_epsilon": 1.4190731048583984,
                "epsilon_diff": -2.384185791015625e-07,
                "abs_diff": 2.384185791015625e-07
              },
              {
                "lower1": 0.5052412748336792,
                "middle": 1.0635535717010498,
                "upper": 1.4249556064605713,
                "gamma": 0.13547274470329285
              }
            ],
            [
              [
                0,
                0,
                47
              ],
              {
                "baseline_epsilon": 1.519748330116272,
                "injected_epsilon": 1.5197480916976929,
                "epsilon_diff": -2.384185791015625e-07,
                "abs_diff": 2.384185791015625e-07
              },
              {
                "lower1": 0.5716595649719238,
                "middle": 1.2156651020050049,
                "upper": 1.526260495185852,
                "gamma": 0.15488575398921967
              }
            ],
            [
              [
                0,
                0,
                1
              ],
              {
                "baseline_epsilon": 0.3898962736129761,
                "injected_epsilon": 0.3898962140083313,
                "epsilon_diff": -5.960464477539063e-08,
                "abs_diff": 5.960464477539063e-08
              },
              {
                "lower1": 0.15093670785427094,
                "middle": 0.302744060754776,
                "upper": 0.39049702882766724,
                "gamma": 0.03847421705722809
              }
            ]
          ]
        }
      }
    ],
    "performance": {
      "time": {
        "total_time": 0.0187375545501709,
        "baseline_forward_time": 0.0071794986724853516,
        "injection_forward_time": 0.006584882736206055,
        "bounds_computation_time": 0.0007402896881103516,
        "violation_detection_time": 0.0016243457794189453
      },
      "memory": {
        "peak_memory_allocated_mb": 1319.2177734375,
        "peak_memory_reserved_mb": 1830.0,
        "baseline_memory_mb": 1260.02099609375,
        "injection_memory_mb": 1319.2177734375
      },
      "compute": {
        "num_attention_layers": 12,
        "num_attention_heads": 12,
        "sequence_length": 64,
        "batch_size": 2,
        "attention_flops": 0.0,
        "bounds_flops": 0.0
      },
      "extra": {}
    }
  }
}