{
  "exp_id": "gpt2_comprehensive_sweep_seed=3407_injection_layers=[9]_injection_bit=10_injection_location=weights_injection_idx=(0, 0, 10, 20)",
  "run_id": 0,
  "timestamp": "2025-12-12T07:13:31.370838",
  "baseline_loss": 8.462052345275879,
  "injected_loss": 8.462051391601562,
  "loss_diff": -9.5367431640625e-07,
  "bounds_valid": null,
  "violation_detected": false,
  "num_violations": 0,
  "violation_positions": [],
  "baseline_epsilon_stats": {
    "9": {
      "epsilon_mean": 6.7392191886901855,
      "epsilon_std": 4.8921427726745605,
      "lower_mean": 0.5418864488601685,
      "upper_mean": 9.379467010498047,
      "gamma_mean": 0.2731764018535614
    }
  },
  "injected_epsilon_stats": null,
  "injection_info": {
    "location": "weights",
    "idx": [
      0,
      0,
      10,
      20
    ],
    "bit": 10,
    "enabled": true,
    "multi_bit": false,
    "bit_list": null,
    "random_position": false,
    "injection_rate": 0.0
  },
  "extra_data": {
    "epsilon_analysis": [
      {
        "layer_idx": 9,
        "analysis": {
          "mean_diff": 9.002785184009099e-09,
          "std_diff": 3.528356558035739e-07,
          "max_abs_diff": 1.3828277587890625e-05,
          "top_changes": [
            [
              [
                0,
                0,
                10
              ],
              {
                "baseline_epsilon": 1.7749238014221191,
                "injected_epsilon": 1.774937629699707,
                "epsilon_diff": 1.3828277587890625e-05,
                "abs_diff": 1.3828277587890625e-05
              },
              {
                "lower1": 0.02000122331082821,
                "middle": 0.03929297998547554,
                "upper": 2.456228256225586,
                "gamma": 0.005012869834899902
              }
            ]
          ]
        }
      }
    ],
    "performance": {
      "time": {
        "total_time": 0.018542766571044922,
        "baseline_forward_time": 0.007201194763183594,
        "injection_forward_time": 0.006578683853149414,
        "bounds_computation_time": 0.0007457733154296875,
        "violation_detection_time": 0.0014278888702392578
      },
      "memory": {
        "peak_memory_allocated_mb": 1138.998046875,
        "peak_memory_reserved_mb": 1854.0,
        "baseline_memory_mb": 1079.80126953125,
        "injection_memory_mb": 1138.998046875
      },
      "compute": {
        "num_attention_layers": 12,
        "num_attention_heads": 12,
        "sequence_length": 64,
        "batch_size": 2,
        "attention_flops": 0.0,
        "bounds_flops": 0.0
      },
      "extra": {}
    }
  }
}