{
  "exp_id": "gpt2_comprehensive_sweep_seed=42_injection_layers=[9]_injection_bit=29_injection_location=k_injection_idx=(0, 0, 10, 20)",
  "run_id": 0,
  "timestamp": "2025-10-14T18:27:53.821877",
  "baseline_loss": 8.462053298950195,
  "injected_loss": 8.462051391601562,
  "loss_diff": -1.9073486328125e-06,
  "bounds_valid": null,
  "violation_detected": false,
  "num_violations": 0,
  "violation_positions": [],
  "baseline_epsilon_stats": {
    "9": {
      "epsilon_mean": 6.7392191886901855,
      "epsilon_std": 4.8921427726745605,
      "lower_mean": 0.5418864488601685,
      "upper_mean": 9.379467010498047,
      "gamma_mean": 0.2731764018535614
    }
  },
  "injected_epsilon_stats": null,
  "injection_info": {
    "location": "k",
    "idx": [
      0,
      0,
      10,
      20
    ],
    "bit": 29,
    "enabled": true,
    "multi_bit": false,
    "bit_list": null,
    "random_position": false,
    "injection_rate": 0.0
  },
  "extra_data": {
    "epsilon_analysis": [
      {
        "layer_idx": 9,
        "analysis": {
          "mean_diff": -6.139317520137411e-06,
          "std_diff": 0.00028472772100940347,
          "max_abs_diff": 0.011150836944580078,
          "top_changes": [
            [
              [
                0,
                0,
                2
              ],
              {
                "baseline_epsilon": 0.6054275035858154,
                "injected_epsilon": 0.5942766666412354,
                "epsilon_diff": -0.011150836944580078,
                "abs_diff": 0.011150836944580078
              },
              {
                "lower1": 0.005583080463111401,
                "middle": 0.010985158383846283,
                "upper": 0.6481122970581055,
                "gamma": 0.0013967454433441162
              }
            ],
            [
              [
                0,
                0,
                5
              ],
              {
                "baseline_epsilon": 1.7628741264343262,
                "injected_epsilon": 1.7629876136779785,
                "epsilon_diff": 0.00011348724365234375,
                "abs_diff": 0.00011348724365234375
              },
              {
                "lower1": 0.016120243817567825,
                "middle": 0.031655602157115936,
                "upper": 2.3917593955993652,
                "gamma": 0.004038214683532715
              }
            ],
            [
              [
                0,
                0,
                6
              ],
              {
                "baseline_epsilon": 1.8692035675048828,
                "injected_epsilon": 1.8693151473999023,
                "epsilon_diff": 0.00011157989501953125,
                "abs_diff": 0.00011157989501953125
              },
              {
                "lower1": 0.023555129766464233,
                "middle": 0.046285275369882584,
                "upper": 2.518878936767578,
                "gamma": 0.005906224250793457
              }
            ],
            [
              [
                0,
                0,
                7
              ],
              {
                "baseline_epsilon": 1.8958892822265625,
                "injected_epsilon": 1.8959951400756836,
                "epsilon_diff": 0.00010585784912109375,
                "abs_diff": 0.00010585784912109375
              },
              {
                "lower1": 0.02490917220711708,
                "middle": 0.04895015433430672,
                "upper": 2.56196928024292,
                "gamma": 0.006246805191040039
              }
            ],
            [
              [
                0,
                0,
                4
              ],
              {
                "baseline_epsilon": 1.5834851264953613,
                "injected_epsilon": 1.5835895538330078,
                "epsilon_diff": 0.00010442733764648438,
                "abs_diff": 0.00010442733764648438
              },
              {
                "lower1": 0.01022221427410841,
                "middle": 0.020069368183612823,
                "upper": 2.1288704872131348,
                "gamma": 0.0025588274002075195
              }
            ],
            [
              [
                0,
                0,
                8
              ],
              {
                "baseline_epsilon": 1.8723983764648438,
                "injected_epsilon": 1.8725013732910156,
                "epsilon_diff": 0.000102996826171875,
                "abs_diff": 0.000102996826171875
              },
              {
                "lower1": 0.0238603875041008,
                "middle": 0.04688548669219017,
                "upper": 2.547292709350586,
                "gamma": 0.00598299503326416
              }
            ],
            [
              [
                0,
                0,
                9
              ],
              {
                "baseline_epsilon": 1.828606128692627,
                "injected_epsilon": 1.8287014961242676,
                "epsilon_diff": 9.5367431640625e-05,
                "abs_diff": 9.5367431640625e-05
              },
              {
                "lower1": 0.022139450535178185,
                "middle": 0.04349929466843605,
                "upper": 2.50738525390625,
                "gamma": 0.005550265312194824
              }
            ],
            [
              [
                0,
                0,
                10
              ],
              {
                "baseline_epsilon": 1.7749238014221191,
                "injected_epsilon": 1.7750139236450195,
                "epsilon_diff": 9.012222290039062e-05,
                "abs_diff": 9.012222290039062e-05
              },
              {
                "lower1": 0.02000122331082821,
                "middle": 0.03929297998547554,
                "upper": 2.456228256225586,
                "gamma": 0.005012869834899902
              }
            ],
            [
              [
                0,
                0,
                11
              ],
              {
                "baseline_epsilon": 1.7165307998657227,
                "injected_epsilon": 1.7166156768798828,
                "epsilon_diff": 8.487701416015625e-05,
                "abs_diff": 8.487701416015625e-05
              },
              {
                "lower1": 0.017812466248869896,
                "middle": 0.034988757222890854,
                "upper": 2.3982696533203125,
                "gamma": 0.004463076591491699
              }
            ],
            [
              [
                0,
                0,
                12
              ],
              {
                "baseline_epsilon": 1.6556649208068848,
                "injected_epsilon": 1.655745506286621,
                "epsilon_diff": 8.058547973632812e-05,
                "abs_diff": 8.058547973632812e-05
              },
              {
                "lower1": 0.015252486802637577,
                "middle": 0.029955223202705383,
                "upper": 2.3391594886779785,
                "gamma": 0.0038204193115234375
              }
            ],
            [
              [
                0,
                0,
                13
              ],
              {
                "baseline_epsilon": 1.5901989936828613,
                "injected_epsilon": 1.5902752876281738,
                "epsilon_diff": 7.62939453125e-05,
                "abs_diff": 7.62939453125e-05
              },
              {
                "lower1": 0.012591508217155933,
                "middle": 0.02472500503063202,
                "upper": 2.2751407623291016,
                "gamma": 0.0031528472900390625
              }
            ],
            [
              [
                0,
                0,
                14
              ],
              {
                "baseline_epsilon": 1.526902198791504,
                "injected_epsilon": 1.5269761085510254,
                "epsilon_diff": 7.390975952148438e-05,