{
  "exp_id": "gpt2_comprehensive_sweep_seed=42_injection_layers=[3]_injection_bit=22_injection_location=k_injection_idx=(0, 3, 53, 43)",
  "run_id": 0,
  "timestamp": "2025-12-12T07:18:04.821530",
  "baseline_loss": 8.997109413146973,
  "injected_loss": 8.997115135192871,
  "loss_diff": 5.7220458984375e-06,
  "bounds_valid": null,
  "violation_detected": false,
  "num_violations": 0,
  "violation_positions": [],
  "baseline_epsilon_stats": {
    "3": {
      "epsilon_mean": 4.6995015144348145,
      "epsilon_std": 4.219686031341553,
      "lower_mean": 0.4203936457633972,
      "upper_mean": 5.6145782470703125,
      "gamma_mean": 0.16137349605560303
    }
  },
  "injected_epsilon_stats": null,
  "injection_info": {
    "location": "k",
    "idx": [
      0,
      3,
      53,
      43
    ],
    "bit": 22,
    "enabled": true,
    "multi_bit": false,
    "bit_list": null,
    "random_position": false,
    "injection_rate": 0.0
  },
  "extra_data": {
    "epsilon_analysis": [
      {
        "layer_idx": 3,
        "analysis": {
          "mean_diff": 7.3778987825789955e-06,
          "std_diff": 3.679277142509818e-05,
          "max_abs_diff": 0.00020742416381835938,
          "top_changes": [
            [
              [
                0,
                3,
                31
              ],
              {
                "baseline_epsilon": 0.5892243385314941,
                "injected_epsilon": 0.5894317626953125,
                "epsilon_diff": 0.00020742416381835938,
                "abs_diff": 0.00020742416381835938
              },
              {
                "lower1": 0.010216268710792065,
                "middle": 0.020111968740820885,
                "upper": 0.7215008735656738,
                "gamma": 0.0025573372840881348
              }
            ],
            [
              [
                0,
                3,
                35
              ],
              {
                "baseline_epsilon": 0.5925717353820801,
                "injected_epsilon": 0.5927786827087402,
                "epsilon_diff": 0.00020694732666015625,
                "abs_diff": 0.00020694732666015625
              },
              {
                "lower1": 0.010078813880681992,
                "middle": 0.019840853288769722,
                "upper": 0.7265076637268066,
                "gamma": 0.002522885799407959
              }
            ],
            [
              [
                0,
                3,
                29
              ],
              {
                "baseline_epsilon": 0.587252140045166,
                "injected_epsilon": 0.5874590873718262,
                "epsilon_diff": 0.00020694732666015625,
                "abs_diff": 0.00020694732666015625
              },
              {
                "lower1": 0.010273342952132225,
                "middle": 0.020224574953317642,
                "upper": 0.7185282707214355,
                "gamma": 0.0025716423988342285
              }
            ],
            [
              [
                0,
                3,
                37
              ],
              {
                "baseline_epsilon": 0.5933632850646973,
                "injected_epsilon": 0.5935697555541992,
                "epsilon_diff": 0.00020647048950195312,
                "abs_diff": 0.00020647048950195312
              },
              {
                "lower1": 0.010082855820655823,
                "middle": 0.0198487751185894,
                "upper": 0.7279853820800781,
                "gamma": 0.0025238990783691406
              }
            ],
            [
              [
                0,
                3,
                34
              ],
              {
                "baseline_epsilon": 0.5917572975158691,
                "injected_epsilon": 0.5919637680053711,
                "epsilon_diff": 0.00020647048950195312,
                "abs_diff": 0.00020647048950195312
              },
              {
                "lower1": 0.010167756117880344,
                "middle": 0.020016208291053772,
                "upper": 0.7252964973449707,
                "gamma": 0.002545177936553955
              }
            ],
            [
              [
                0,
                3,
                33
              ],
              {
                "baseline_epsilon": 0.5910639762878418,
                "injected_epsilon": 0.5912699699401855,
                "epsilon_diff": 0.00020599365234375,
                "abs_diff": 0.00020599365234375
              },
              {
                "lower1": 0.010093320161104202,
                "middle": 0.019869526848196983,
                "upper": 0.724189281463623,
                "gamma": 0.002526521682739258
              }
            ],
            [
              [
                0,
                3,
                36
              ],
              {
                "baseline_epsilon": 0.5932283401489258,
                "injected_epsilon": 0.5934343338012695,
                "epsilon_diff": 0.00020599365234375,
                "abs_diff": 0.00020599365234375
              },
              {
                "lower1": 0.01013374887406826,
                "middle": 0.01994909904897213,
                "upper": 0.727513313293457,
                "gamma": 0.0025366544723510742
              }
            ],
            [
              [
                0,
                3,
                39
              ],
              {
                "baseline_epsilon": 0.5947990417480469,
                "injected_epsilon": 0.5950040817260742,
                "epsilon_diff": 0.00020503997802734375,
                "abs_diff": 0.00020503997802734375
              },
              {
                "lower1": 0.010089277289807796,
                "middle": 0.019861353561282158,
                "upper": 0.7302618026733398,
                "gamma": 0.002525508403778076
              }
            ],
            [
              [
                0,
                3,
                30
              ],
              {
                "baseline_epsilon": 0.5880718231201172,
                "injected_epsilon": 0.5882768630981445,
                "epsilon_diff": 0.00020503997802734375,
                "abs_diff": 0.00020503997802734375
              },
              {
                "lower1": 0.010188921354711056,
                "middle": 0.02005811780691147,
                "upper": 0.7199668884277344,
                "gamma": 0.002550482749938965
              }
            ],
            [
              [
                0,
                3,
                28
              ],
              {
                "baseline_epsilon": 0.5861382484436035,
                "injected_epsilon": 0.5863432884216309,
                "epsilon_diff": 0.00020503997802734375,
                "abs_diff": 0.00020503997802734375
              },
              {
                "lower1": 0.010274531319737434,
                "middle": 0.020226972177624702,
                "upper": 0.7171540260314941,
                "gamma": 0.0025719404220581055
              }
            ],
            [
              [
                0,
                3,
                32
              ],
              {
                "baseline_epsilon": 0.590357780456543,
                "injected_epsilon": 0.5905628204345703,
                "epsilon_diff": 0.00020503997802734375,
                "abs_diff": 0.00020503997802734375
              },
              {
                "lower1": 0.010154439136385918,
                "middle": 0.01999003067612648,
                "upper": 0.7232789993286133,
                "gamma": 0.002541840076446533
              }
            ],
            [
              [
                0,
                3,
                27
              ],
              {
                "baseline_epsilon": 0.5847029685974121,
                "injected_epsilon": 0.5849075317382812,
                "epsilon_diff": 0.00020456314086914062,