{
  "exp_id": "gpt2_comprehensive_sweep_seed=42_injection_layers=[0]_injection_bit=31_injection_location=q_injection_idx=(0, 3, 53, 43)",
  "num_runs": 1,
  "timestamp": "2025-10-14T18:31:32.866626",
  "baseline_loss": {
    "mean": 6.073779106140137,
    "std": 0.0,
    "min": 6.073779106140137,
    "max": 6.073779106140137
  },
  "injected_loss": {
    "mean": 6.073777675628662,
    "std": 0.0,
    "min": 6.073777675628662,
    "max": 6.073777675628662
  },
  "loss_diff": {
    "mean": -1.430511474609375e-06,
    "std": 0.0,
    "min": -1.430511474609375e-06,
    "max": -1.430511474609375e-06
  },
  "violation_detection": {
    "detection_rate": 0.0,
    "total_violations": 0,
    "avg_violations_per_run": 0.0
  }
}