{
  "exp_id": "gpt2_comprehensive_sweep_seed=123_injection_layers=[3]_injection_bit=31_injection_location=scores_injection_idx=(1, 6, 32, 1)",
  "num_runs": 1,
  "timestamp": "2025-10-14T17:49:02.272297",
  "baseline_loss": {
    "mean": 8.997108459472656,
    "std": 0.0,
    "min": 8.997108459472656,
    "max": 8.997108459472656
  },
  "injected_loss": {
    "mean": 8.997113227844238,
    "std": 0.0,
    "min": 8.997113227844238,
    "max": 8.997113227844238
  },
  "loss_diff": {
    "mean": 4.76837158203125e-06,
    "std": 0.0,
    "min": 4.76837158203125e-06,
    "max": 4.76837158203125e-06
  },
  "violation_detection": {
    "detection_rate": 0.0,
    "total_violations": 0,
    "avg_violations_per_run": 0.0
  }
}