{
  "exp_id": "gpt2_comprehensive_sweep_seed=123_injection_layers=[6]_injection_bit=25_injection_location=scores_injection_idx=(1, 6, 32, 1)",
  "num_runs": 1,
  "timestamp": "2025-12-12T07:11:03.273312",
  "baseline_loss": {
    "mean": 8.564264297485352,
    "std": 0.0,
    "min": 8.564264297485352,
    "max": 8.564264297485352
  },
  "injected_loss": {
    "mean": 8.564515113830566,
    "std": 0.0,
    "min": 8.564515113830566,
    "max": 8.564515113830566
  },
  "loss_diff": {
    "mean": 0.00025081634521484375,
    "std": 0.0,
    "min": 0.00025081634521484375,
    "max": 0.00025081634521484375
  },
  "violation_detection": {
    "detection_rate": 0.0,
    "total_violations": 0,
    "avg_violations_per_run": 0.0
  }
}