{
  "exp_id": "gpt2_comprehensive_sweep_seed=123_injection_layers=[0]_injection_bit=8_injection_location=weights_injection_idx=(1, 9, 31, 62)",
  "run_id": 0,
  "timestamp": "2025-12-12T07:09:51.647852",
  "baseline_loss": 10.275479316711426,
  "injected_loss": 10.27547836303711,
  "loss_diff": -9.5367431640625e-07,
  "bounds_valid": null,
  "violation_detected": false,
  "num_violations": 0,
  "violation_positions": [],
  "baseline_epsilon_stats": {
    "0": {
      "epsilon_mean": 1.9825315475463867,
      "epsilon_std": 1.6013407707214355,
      "lower_mean": 0.3287202715873718,
      "upper_mean": 2.0460193157196045,
      "gamma_mean": 0.0896625965833664
    }
  },
  "injected_epsilon_stats": null,
  "injection_info": {
    "location": "weights",
    "idx": [
      1,
      9,
      31,
      62
    ],
    "bit": 8,
    "enabled": true,
    "multi_bit": false,
    "bit_list": null,
    "random_position": false,
    "injection_rate": 0.0
  },
  "extra_data": {
    "epsilon_analysis": [
      {
        "layer_idx": 0,
        "analysis": {
          "mean_diff": 3.1044086745701804e-10,
          "std_diff": 1.2166746721220534e-08,
          "max_abs_diff": 4.76837158203125e-07,
          "top_changes": [
            [
              [
                1,
                9,
                31
              ],
              {
                "baseline_epsilon": 4.464097023010254,
                "injected_epsilon": 4.464097499847412,
                "epsilon_diff": 4.76837158203125e-07,
                "abs_diff": 4.76837158203125e-07
              },
              {
                "lower1": 0.41202840209007263,
                "middle": 0.8474274277687073,
                "upper": 4.627466201782227,
                "gamma": 0.10893461108207703
              }
            ]
          ]
        }
      }
    ],
    "performance": {
      "time": {
        "total_time": 0.018250465393066406,
        "baseline_forward_time": 0.0070765018463134766,
        "injection_forward_time": 0.0064830780029296875,
        "bounds_computation_time": 0.0007290840148925781,
        "violation_detection_time": 0.001421213150024414
      },
      "memory": {
        "peak_memory_allocated_mb": 1399.3154296875,
        "peak_memory_reserved_mb": 1786.0,
        "baseline_memory_mb": 1340.11865234375,
        "injection_memory_mb": 1399.3154296875
      },
      "compute": {
        "num_attention_layers": 12,
        "num_attention_heads": 12,
        "sequence_length": 64,
        "batch_size": 2,
        "attention_flops": 0.0,
        "bounds_flops": 0.0
      },
      "extra": {}
    }
  }
}