{
  "exp_id": "gpt2_comprehensive_sweep_seed=123_injection_layers=[0]_injection_bit=25_injection_location=k_injection_idx=(1, 6, 32, 1)",
  "num_runs": 1,
  "timestamp": "2025-12-12T07:02:10.406096",
  "baseline_loss": {
    "mean": 13.588921546936035,
    "std": 0.0,
    "min": 13.588921546936035,
    "max": 13.588921546936035
  },
  "injected_loss": {
    "mean": 13.603788375854492,
    "std": 0.0,
    "min": 13.603788375854492,
    "max": 13.603788375854492
  },
  "loss_diff": {
    "mean": 0.014866828918457031,
    "std": 0.0,
    "min": 0.014866828918457031,
    "max": 0.014866828918457031
  },
  "violation_detection": {
    "detection_rate": 1.0,
    "total_violations": 7,
    "avg_violations_per_run": 7.0
  }
}