{
  "exp_id": "gpt2_comprehensive_sweep_seed=0_injection_layers=[6]_injection_bit=27_injection_location=k_injection_idx=(0, 0, 10, 20)",
  "run_id": 0,
  "timestamp": "2025-12-12T07:16:54.843172",
  "baseline_loss": 8.564264297485352,
  "injected_loss": 8.564270973205566,
  "loss_diff": 6.67572021484375e-06,
  "bounds_valid": null,
  "violation_detected": false,
  "num_violations": 0,
  "violation_positions": [],
  "baseline_epsilon_stats": {
    "6": {
      "epsilon_mean": 5.956024169921875,
      "epsilon_std": 4.427911758422852,
      "lower_mean": 0.5316863656044006,
      "upper_mean": 7.960529327392578,
      "gamma_mean": 0.18503431975841522
    }
  },
  "injected_epsilon_stats": null,
  "injection_info": {
    "location": "k",
    "idx": [
      0,
      0,
      10,
      20
    ],
    "bit": 27,
    "enabled": true,
    "multi_bit": false,
    "bit_list": null,
    "random_position": false,
    "injection_rate": 0.0
  },
  "extra_data": {
    "epsilon_analysis": [
      {
        "layer_idx": 6,
        "analysis": {
          "mean_diff": 2.047338057309389e-06,
          "std_diff": 1.2144870197516866e-05,
          "max_abs_diff": 0.00012493133544921875,
          "top_changes": [
            [
              [
                0,
                0,
                63
              ],
              {
                "baseline_epsilon": 0.8312740325927734,
                "injected_epsilon": 0.8313989639282227,
                "epsilon_diff": 0.00012493133544921875,
                "abs_diff": 0.00012493133544921875
              },
              {
                "lower1": 0.007239216938614845,
                "middle": 0.014236938208341599,
                "upper": 1.0629596710205078,
                "gamma": 0.0018114447593688965
              }
            ],
            [
              [
                0,
                0,
                62
              ],
              {
                "baseline_epsilon": 0.8241043090820312,
                "injected_epsilon": 0.824225902557373,
                "epsilon_diff": 0.00012159347534179688,
                "abs_diff": 0.00012159347534179688
              },
              {
                "lower1": 0.007125932723283768,
                "middle": 0.014014177024364471,
                "upper": 1.0559182167053223,
                "gamma": 0.0017830729484558105
              }
            ],
            [
              [
                0,
                0,
                61
              ],
              {
                "baseline_epsilon": 0.8203206062316895,
                "injected_epsilon": 0.8204388618469238,
                "epsilon_diff": 0.000118255615234375,
                "abs_diff": 0.000118255615234375
              },
              {
                "lower1": 0.007042395882308483,
                "middle": 0.01384985912591219,
                "upper": 1.0526142120361328,
                "gamma": 0.0017621517181396484
              }
            ],
            [
              [
                0,
                0,
                60
              ],
              {
                "baseline_epsilon": 0.8144221305847168,
                "injected_epsilon": 0.8145356178283691,
                "epsilon_diff": 0.00011348724365234375,
                "abs_diff": 0.00011348724365234375
              },
              {
                "lower1": 0.006944815628230572,
                "middle": 0.013657966628670692,
                "upper": 1.0468320846557617,
                "gamma": 0.0017377138137817383
              }
            ],
            [
              [
                0,
                0,
                59
              ],
              {
                "baseline_epsilon": 0.8086247444152832,
                "injected_epsilon": 0.8087344169616699,
                "epsilon_diff": 0.00010967254638671875,
                "abs_diff": 0.00010967254638671875
              },
              {
                "lower1": 0.006849613506346941,
                "middle": 0.013470754027366638,
                "upper": 1.0409431457519531,
                "gamma": 0.001713871955871582
              }
            ],
            [
              [
                0,
                0,
                58
              ],
              {
                "baseline_epsilon": 0.8024253845214844,
                "injected_epsilon": 0.8025331497192383,
                "epsilon_diff": 0.00010776519775390625,
                "abs_diff": 0.00010776519775390625
              },
              {
                "lower1": 0.006750837434083223,
                "middle": 0.01327651645988226,
                "upper": 1.0350027084350586,
                "gamma": 0.001689136028289795
              }
            ],
            [
              [
                0,
                0,
                57
              ],
              {
                "baseline_epsilon": 0.7977294921875,
                "injected_epsilon": 0.7978339195251465,
                "epsilon_diff": 0.00010442733764648438,
                "abs_diff": 0.00010442733764648438
              },
              {
                "lower1": 0.006655392702668905,
                "middle": 0.013088786974549294,
                "upper": 1.0306811332702637,
                "gamma": 0.0016652345657348633
              }
            ],
            [
              [
                0,
                0,
                56
              ],
              {
                "baseline_epsilon": 0.7923688888549805,
                "injected_epsilon": 0.7924695014953613,
                "epsilon_diff": 0.00010061264038085938,
                "abs_diff": 0.00010061264038085938
              },
              {
                "lower1": 0.0065597062930464745,
                "middle": 0.01290060393512249,
                "upper": 1.025681972503662,
                "gamma": 0.0016412734985351562
              }
            ],
            [
              [
                0,
                0,
                55
              ],
              {
                "baseline_epsilon": 0.7861227989196777,
                "injected_epsilon": 0.7862181663513184,
                "epsilon_diff": 9.5367431640625e-05,
                "abs_diff": 9.5367431640625e-05
              },
              {
                "lower1": 0.006462827790528536,
                "middle": 0.012710102833807468,
                "upper": 1.019547939300537,
                "gamma": 0.0016170144081115723
              }
            ],
            [
              [
                0,
                0,
                54
              ],
              {
                "baseline_epsilon": 0.7820711135864258,
                "injected_epsilon": 0.78216552734375,
                "epsilon_diff": 9.441375732421875e-05,
                "abs_diff": 9.441375732421875e-05
              },
              {
                "lower1": 0.006379515863955021,
                "middle": 0.012546231970191002,
                "upper": 1.0161738395690918,
                "gamma": 0.0015961527824401855
              }
            ],
            [
              [
                0,
                0,
                53
              ],
              {
                "baseline_epsilon": 0.774268627166748,
                "injected_epsilon": 0.7743592262268066,
                "epsilon_diff": 9.059906005859375e-05,
                "abs_diff": 9.059906005859375e-05
              },
              {
                "lower1": 0.0062864418141543865,
                "middle": 0.012363267131149769,
                "upper": 1.007922649383545,
                "gamma": 0.0015728473663330078
              }
            ],
            [
              [
                0,
                0,
                52
              ],
              {
                "baseline_epsilon": 0.7703237533569336,
                "injected_epsilon": 0.7704119682312012,
                "epsilon_diff": 8.821487426757812e-05,