{
  "exp_id": "gpt2_comprehensive_sweep_seed=42_injection_layers=[0]_injection_bit=22_injection_location=k_injection_idx=(0, 0, 10, 20)",
  "run_id": 0,
  "timestamp": "2025-12-12T07:00:38.848739",
  "baseline_loss": 13.588921546936035,
  "injected_loss": 13.588919639587402,
  "loss_diff": -1.9073486328125e-06,
  "bounds_valid": null,
  "violation_detected": false,
  "num_violations": 0,
  "violation_positions": [],
  "baseline_epsilon_stats": {
    "0": {
      "epsilon_mean": 4.467039108276367,
      "epsilon_std": 2.3451578617095947,
      "lower_mean": 0.39254388213157654,
      "upper_mean": 9.511073112487793,
      "gamma_mean": 0.164742574095726
    }
  },
  "injected_epsilon_stats": null,
  "injection_info": {
    "location": "k",
    "idx": [
      0,
      0,
      10,
      20
    ],
    "bit": 22,
    "enabled": true,
    "multi_bit": false,
    "bit_list": null,
    "random_position": false,
    "injection_rate": 0.0
  },
  "extra_data": {
    "epsilon_analysis": [
      {
        "layer_idx": 0,
        "analysis": {
          "mean_diff": 6.0002012105542235e-06,
          "std_diff": 7.202705455711111e-05,
          "max_abs_diff": 0.0015621185302734375,
          "top_changes": [
            [
              [
                0,
                0,
                0
              ],
              {
                "baseline_epsilon": 4.767528533935547,
                "injected_epsilon": 4.765966415405273,
                "epsilon_diff": -0.0015621185302734375,
                "abs_diff": 0.0015621185302734375
              },
              {
                "lower1": 1.418720006942749,
                "middle": 3.556081771850586,
                "upper": 4.879112243652344,
                "gamma": 0.4575809836387634
              }
            ],
            [
              [
                0,
                0,
                4
              ],
              {
                "baseline_epsilon": 1.5587387084960938,
                "injected_epsilon": 1.5598931312561035,
                "epsilon_diff": 0.0011544227600097656,
                "abs_diff": 0.0011544227600097656
              },
              {
                "lower1": 0.002950175665318966,
                "middle": 0.005788840353488922,
                "upper": 1.79355788230896,
                "gamma": 0.0007378160953521729
              }
            ],
            [
              [
                0,
                0,
                2
              ],
              {
                "baseline_epsilon": 2.8788809776306152,
                "injected_epsilon": 2.8799257278442383,
                "epsilon_diff": 0.0010447502136230469,
                "abs_diff": 0.0010447502136230469
              },
              {
                "lower1": 0.7855741381645203,
                "middle": 1.7252991199493408,
                "upper": 2.9825809001922607,
                "gamma": 0.22063523530960083
              }
            ],
            [
              [
                0,
                0,
                3
              ],
              {
                "baseline_epsilon": 1.4878759384155273,
                "injected_epsilon": 1.488691806793213,
                "epsilon_diff": 0.0008158683776855469,
                "abs_diff": 0.0008158683776855469
              },
              {
                "lower1": 0.004743620753288269,
                "middle": 0.009312352165579796,
                "upper": 1.6576628684997559,
                "gamma": 0.0011866092681884766
              }
            ],
            [
              [
                0,
                0,
                6
              ],
              {
                "baseline_epsilon": 1.935922384262085,
                "injected_epsilon": 1.9366602897644043,
                "epsilon_diff": 0.0007379055023193359,
                "abs_diff": 0.0007379055023193359
              },
              {
                "lower1": 0.009011941961944103,
                "middle": 0.017675044015049934,
                "upper": 2.392916440963745,
                "gamma": 0.0022555291652679443
              }
            ],
            [
              [
                0,
                0,
                5
              ],
              {
                "baseline_epsilon": 1.7798786163330078,
                "injected_epsilon": 1.7805254459381104,
                "epsilon_diff": 0.0006468296051025391,
                "abs_diff": 0.0006468296051025391
              },
              {
                "lower1": 0.0010801287135109305,
                "middle": 0.002117468509823084,
                "upper": 2.1312685012817383,
                "gamma": 0.0002700686454772949
              }
            ],
            [
              [
                0,
                0,
                7
              ],
              {
                "baseline_epsilon": 2.078230142593384,
                "injected_epsilon": 2.078814744949341,
                "epsilon_diff": 0.0005846023559570312,
                "abs_diff": 0.0005846023559570312
              },
              {
                "lower1": 0.004464040044695139,
                "middle": 0.008745868690311909,
                "upper": 2.639157295227051,
                "gamma": 0.001116633415222168
              }
            ],
            [
              [
                0,
                0,
                8
              ],
              {
                "baseline_epsilon": 2.2416536808013916,
                "injected_epsilon": 2.242157459259033,
                "epsilon_diff": 0.0005037784576416016,
                "abs_diff": 0.0005037784576416016
              },
              {
                "lower1": 0.018299488350749016,
                "middle": 0.03589344024658203,
                "upper": 2.9115653038024902,
                "gamma": 0.004585385322570801
              }
            ],
            [
              [
                0,
                0,
                9
              ],
              {
                "baseline_epsilon": 2.3835854530334473,
                "injected_epsilon": 2.3840112686157227,
                "epsilon_diff": 0.0004258155822753906,
                "abs_diff": 0.0004258155822753906
              },
              {
                "lower1": 0.0169189665466547,
                "middle": 0.03316193446516991,
                "upper": 3.1639938354492188,
                "gamma": 0.004238724708557129
              }
            ],
            [
              [
                0,
                0,
                10
              ],
              {
                "baseline_epsilon": 2.523094415664673,
                "injected_epsilon": 2.5234808921813965,
                "epsilon_diff": 0.0003864765167236328,
                "abs_diff": 0.0003864765167236328
              },
              {
                "lower1": 0.0240748580545187,
                "middle": 0.04720572009682655,
                "upper": 3.395707607269287,
                "gamma": 0.006036937236785889
              }
            ],
            [
              [
                0,
                0,
                11
              ],
              {
                "baseline_epsilon": 2.693509101867676,
                "injected_epsilon": 2.693819999694824,
                "epsilon_diff": 0.0003108978271484375,
                "abs_diff": 0.0003108978271484375
              },
              {
                "lower1": 0.03730853646993637,
                "middle": 0.0732288733124733,
                "upper": 3.6776485443115234,
                "gamma": 0.009371042251586914
              }
            ],
            [
              [
                0,
                0,
                13
              ],
              {
                "baseline_epsilon": 2.9834084510803223,
                "injected_epsilon": 2.9836630821228027,
                "epsilon_diff": 0.00025463104248046875,