{
  "exp_id": "gpt2_comprehensive_sweep_seed=123_injection_layers=[9]_injection_bit=31_injection_location=k_injection_idx=(0, 3, 53, 43)",
  "num_runs": 1,
  "timestamp": "2025-12-12T07:42:27.851309",
  "baseline_loss": {
    "mean": 8.462052345275879,
    "std": 0.0,
    "min": 8.462052345275879,
    "max": 8.462052345275879
  },
  "injected_loss": {
    "mean": 8.462102890014648,
    "std": 0.0,
    "min": 8.462102890014648,
    "max": 8.462102890014648
  },
  "loss_diff": {
    "mean": 5.054473876953125e-05,
    "std": 0.0,
    "min": 5.054473876953125e-05,
    "max": 5.054473876953125e-05
  },
  "violation_detection": {
    "detection_rate": 0.0,
    "total_violations": 0,
    "avg_violations_per_run": 0.0
  }
}