{
  "exp_id": "gpt2_comprehensive_sweep_seed=123_injection_layers=[6]_injection_bit=31_injection_location=scores_injection_idx=(0, 0, 10, 20)",
  "run_id": 0,
  "timestamp": "2025-10-14T18:15:57.236735",
  "baseline_loss": 8.564263343811035,
  "injected_loss": 8.564242362976074,
  "loss_diff": -2.09808349609375e-05,
  "bounds_valid": null,
  "violation_detected": false,
  "num_violations": 0,
  "violation_positions": [],
  "baseline_epsilon_stats": {
    "6": {
      "epsilon_mean": 5.956024169921875,
      "epsilon_std": 4.427911758422852,
      "lower_mean": 0.5316863656044006,
      "upper_mean": 7.960529327392578,
      "gamma_mean": 0.18503431975841522
    }
  },
  "injected_epsilon_stats": null,
  "injection_info": {
    "location": "scores",
    "idx": [
      0,
      0,
      10,
      20
    ],
    "bit": 31,
    "enabled": true,
    "multi_bit": false,
    "bit_list": null,
    "random_position": false,
    "injection_rate": 0.0
  },
  "extra_data": {
    "epsilon_analysis": [
      {
        "layer_idx": 6,
        "analysis": {
          "mean_diff": 3.0582770705223083e-05,
          "std_diff": 0.0011985948076471686,
          "max_abs_diff": 0.046975135803222656,
          "top_changes": [
            [
              [
                0,
                0,
                10
              ],
              {
                "baseline_epsilon": 0.6432266235351562,
                "injected_epsilon": 0.6902017593383789,
                "epsilon_diff": 0.046975135803222656,
                "abs_diff": 0.046975135803222656
              },
              {
                "lower1": 0.002699655946344137,
                "middle": 0.005308442283421755,
                "upper": 0.8827047348022461,
                "gamma": 0.0006751418113708496
              }
            ]
          ]
        }
      }
    ],
    "performance": {
      "time": {
        "total_time": 0.018248319625854492,
        "baseline_forward_time": 0.007044076919555664,
        "injection_forward_time": 0.0064373016357421875,
        "bounds_computation_time": 0.0007586479187011719,
        "violation_detection_time": 0.0014376640319824219
      },
      "memory": {
        "peak_memory_allocated_mb": 1318.2177734375,
        "peak_memory_reserved_mb": 1718.0,
        "baseline_memory_mb": 1259.02099609375,
        "injection_memory_mb": 1318.2177734375
      },
      "compute": {
        "num_attention_layers": 12,
        "num_attention_heads": 12,
        "sequence_length": 64,
        "batch_size": 2,
        "attention_flops": 0.0,
        "bounds_flops": 0.0
      },
      "extra": {}
    }
  }
}