{
  "exp_id": "gpt2_comprehensive_sweep_seed=123_injection_layers=[9]_injection_bit=19_injection_location=q_injection_idx=(0, 3, 53, 43)",
  "run_id": 0,
  "timestamp": "2025-12-12T07:11:37.612538",
  "baseline_loss": 8.462052345275879,
  "injected_loss": 8.462052345275879,
  "loss_diff": 0.0,
  "bounds_valid": null,
  "violation_detected": false,
  "num_violations": 0,
  "violation_positions": [],
  "baseline_epsilon_stats": {
    "9": {
      "epsilon_mean": 6.7392191886901855,
      "epsilon_std": 4.8921427726745605,
      "lower_mean": 0.5418864488601685,
      "upper_mean": 9.379467010498047,
      "gamma_mean": 0.2731764018535614
    }
  },
  "injected_epsilon_stats": null,
  "injection_info": {
    "location": "q",
    "idx": [
      0,
      3,
      53,
      43
    ],
    "bit": 19,
    "enabled": true,
    "multi_bit": false,
    "bit_list": null,
    "random_position": false,
    "injection_rate": 0.0
  },
  "extra_data": {
    "epsilon_analysis": [
      {
        "layer_idx": 9,
        "analysis": {
          "mean_diff": 5.715837232855847e-06,
          "std_diff": 0.00022401413298211992,
          "max_abs_diff": 0.008779525756835938,
          "top_changes": [
            [
              [
                0,
                3,
                53
              ],
              {
                "baseline_epsilon": 4.871707916259766,
                "injected_epsilon": 4.880487442016602,
                "epsilon_diff": 0.008779525756835938,
                "abs_diff": 0.008779525756835938
              },
              {
                "lower1": 0.05262203514575958,
                "middle": 0.10264153778553009,
                "upper": 6.365589141845703,
                "gamma": 0.01324319839477539
              }
            ]
          ]
        }
      }
    ],
    "performance": {
      "time": {
        "total_time": 0.018404722213745117,
        "baseline_forward_time": 0.007082223892211914,
        "injection_forward_time": 0.006638050079345703,
        "bounds_computation_time": 0.0007274150848388672,
        "violation_detection_time": 0.0014276504516601562
      },
      "memory": {
        "peak_memory_allocated_mb": 1088.93701171875,
        "peak_memory_reserved_mb": 1830.0,
        "baseline_memory_mb": 1029.740234375,
        "injection_memory_mb": 1088.93701171875
      },
      "compute": {
        "num_attention_layers": 12,
        "num_attention_heads": 12,
        "sequence_length": 64,
        "batch_size": 2,
        "attention_flops": 0.0,
        "bounds_flops": 0.0
      },
      "extra": {}
    }
  }
}