{
  "exp_id": "gpt2_comprehensive_sweep_seed=3407_injection_layers=[3]_injection_bit=26_injection_location=k_injection_idx=(1, 6, 32, 1)",
  "num_runs": 1,
  "timestamp": "2025-10-14T18:22:17.494191",
  "baseline_loss": {
    "mean": 13.791719436645508,
    "std": 0.0,
    "min": 13.791719436645508,
    "max": 13.791719436645508
  },
  "injected_loss": {
    "mean": 13.793379783630371,
    "std": 0.0,
    "min": 13.793379783630371,
    "max": 13.793379783630371
  },
  "loss_diff": {
    "mean": 0.0016603469848632812,
    "std": 0.0,
    "min": 0.0016603469848632812,
    "max": 0.0016603469848632812
  },
  "violation_detection": {
    "detection_rate": 1.0,
    "total_violations": 35,
    "avg_violations_per_run": 35.0
  }
}