{
  "exp_id": "gpt2_comprehensive_sweep_seed=3407_injection_layers=[0]_injection_bit=29_injection_location=weights_injection_idx=(1, 6, 32, 1)",
  "num_runs": 1,
  "timestamp": "2025-12-12T07:42:53.108387",
  "baseline_loss": {
    "mean": 10.275479316711426,
    "std": 0.0,
    "min": 10.275479316711426,
    "max": 10.275479316711426
  },
  "injected_loss": {
    "mean": 10.275522232055664,
    "std": 0.0,
    "min": 10.275522232055664,
    "max": 10.275522232055664
  },
  "loss_diff": {
    "mean": 4.291534423828125e-05,
    "std": 0.0,
    "min": 4.291534423828125e-05,
    "max": 4.291534423828125e-05
  },
  "violation_detection": {
    "detection_rate": 0.0,
    "total_violations": 0,
    "avg_violations_per_run": 0.0
  }
}