{
  "exp_id": "gpt2_comprehensive_sweep_seed=42_injection_layers=[6]_injection_bit=25_injection_location=q_injection_idx=(1, 6, 32, 1)",
  "run_id": 0,
  "timestamp": "2025-12-12T07:01:25.730611",
  "baseline_loss": 12.89038372039795,
  "injected_loss": 12.890377044677734,
  "loss_diff": -6.67572021484375e-06,
  "bounds_valid": null,
  "violation_detected": false,
  "num_violations": 0,
  "violation_positions": [],
  "baseline_epsilon_stats": {
    "6": {
      "epsilon_mean": 7.864658355712891,
      "epsilon_std": 3.4537131786346436,
      "lower_mean": 0.852850615978241,
      "upper_mean": 17.020122528076172,
      "gamma_mean": 1.5244500637054443
    }
  },
  "injected_epsilon_stats": null,
  "injection_info": {
    "location": "q",
    "idx": [
      1,
      6,
      32,
      1
    ],
    "bit": 25,
    "enabled": true,
    "multi_bit": false,
    "bit_list": null,
    "random_position": false,
    "injection_rate": 0.0
  },
  "extra_data": {
    "epsilon_analysis": [
      {
        "layer_idx": 6,
        "analysis": {
          "mean_diff": -7.120644295355305e-05,
          "std_diff": 0.002790711121633649,
          "max_abs_diff": 0.10937309265136719,
          "top_changes": [
            [
              [
                1,
                6,
                32
              ],
              {
                "baseline_epsilon": 16.259742736816406,
                "injected_epsilon": 16.15036964416504,
                "epsilon_diff": -0.10937309265136719,
                "abs_diff": 0.10937309265136719
              },
              {
                "lower1": 1.9698028564453125,
                "middle": 12.349164962768555,
                "upper": 18.457042694091797,
                "gamma": 1.9114954471588135
              }
            ]
          ]
        }
      }
    ],
    "performance": {
      "time": {
        "total_time": 0.018938541412353516,
        "baseline_forward_time": 0.007271289825439453,
        "injection_forward_time": 0.006772756576538086,
        "bounds_computation_time": 0.0007698535919189453,
        "violation_detection_time": 0.001462697982788086
      },
      "memory": {
        "peak_memory_allocated_mb": 1369.27880859375,
        "peak_memory_reserved_mb": 1786.0,
        "baseline_memory_mb": 1310.08203125,
        "injection_memory_mb": 1369.27880859375
      },
      "compute": {
        "num_attention_layers": 12,
        "num_attention_heads": 12,
        "sequence_length": 64,
        "batch_size": 2,
        "attention_flops": 0.0,
        "bounds_flops": 0.0
      },
      "extra": {}
    }
  }
}