{
  "exp_id": "gpt2_comprehensive_sweep_seed=123_injection_layers=[9]_injection_bit=30_injection_location=scores_injection_idx=(1, 6, 32, 1)",
  "num_runs": 1,
  "timestamp": "2025-10-14T18:22:07.185702",
  "baseline_loss": {
    "mean": 13.721664428710938,
    "std": 0.0,
    "min": 13.721664428710938,
    "max": 13.721664428710938
  },
  "injected_loss": {
    "mean": 13.721718788146973,
    "std": 0.0,
    "min": 13.721718788146973,
    "max": 13.721718788146973
  },
  "loss_diff": {
    "mean": 5.435943603515625e-05,
    "std": 0.0,
    "min": 5.435943603515625e-05,
    "max": 5.435943603515625e-05
  },
  "violation_detection": {
    "detection_rate": 0.0,
    "total_violations": 0,
    "avg_violations_per_run": 0.0
  }
}