{
  "exp_id": "gpt2_comprehensive_sweep_seed=3407_injection_layers=[0]_injection_bit=30_injection_location=k_injection_idx=(1, 6, 32, 1)",
  "num_runs": 1,
  "timestamp": "2025-10-14T18:22:14.264479",
  "baseline_loss": {
    "mean": 13.588921546936035,
    "std": 0.0,
    "min": 13.588921546936035,
    "max": 13.588921546936035
  },
  "injected_loss": {
    "mean": 13.58869457244873,
    "std": 0.0,
    "min": 13.58869457244873,
    "max": 13.58869457244873
  },
  "loss_diff": {
    "mean": -0.0002269744873046875,
    "std": 0.0,
    "min": -0.0002269744873046875,
    "max": -0.0002269744873046875
  },
  "violation_detection": {
    "detection_rate": 0.0,
    "total_violations": 0,
    "avg_violations_per_run": 0.0
  }
}