{
  "exp_id": "gpt2_comprehensive_sweep_seed=0_injection_layers=[6]_injection_bit=22_injection_location=k_injection_idx=(1, 9, 31, 62)",
  "run_id": 0,
  "timestamp": "2025-12-12T07:16:51.450909",
  "baseline_loss": 8.564264297485352,
  "injected_loss": 8.5642671585083,
  "loss_diff": 2.86102294921875e-06,
  "bounds_valid": null,
  "violation_detected": false,
  "num_violations": 0,
  "violation_positions": [],
  "baseline_epsilon_stats": {
    "6": {
      "epsilon_mean": 5.956024169921875,
      "epsilon_std": 4.427911758422852,
      "lower_mean": 0.5316863656044006,
      "upper_mean": 7.960529327392578,
      "gamma_mean": 0.18503431975841522
    }
  },
  "injected_epsilon_stats": null,
  "injection_info": {
    "location": "k",
    "idx": [
      1,
      9,
      31,
      62
    ],
    "bit": 22,
    "enabled": true,
    "multi_bit": false,
    "bit_list": null,
    "random_position": false,
    "injection_rate": 0.0
  },
  "extra_data": {
    "epsilon_analysis": [
      {
        "layer_idx": 6,
        "analysis": {
          "mean_diff": -9.1892434284091e-07,
          "std_diff": 1.518874069006415e-05,
          "max_abs_diff": 0.0005559921264648438,
          "top_changes": [
            [
              [
                1,
                9,
                6
              ],
              {
                "baseline_epsilon": 14.675978660583496,
                "injected_epsilon": 14.675422668457031,
                "epsilon_diff": -0.0005559921264648438,
                "abs_diff": 0.0005559921264648438
              },
              {
                "lower1": 0.5641763806343079,
                "middle": 0.9585313200950623,
                "upper": 18.457042694091797,
                "gamma": 0.15267658233642578
              }
            ],
            [
              [
                1,
                9,
                4
              ],
              {
                "baseline_epsilon": 2.6891002655029297,
                "injected_epsilon": 2.689220905303955,
                "epsilon_diff": 0.00012063980102539062,
                "abs_diff": 0.00012063980102539062
              },
              {
                "lower1": 0.020050564780831337,
                "middle": 0.03922712430357933,
                "upper": 4.508705139160156,
                "gamma": 0.005025267601013184
              }
            ],
            [
              [
                1,
                9,
                2
              ],
              {
                "baseline_epsilon": 0.6437335014343262,
                "injected_epsilon": 0.6436941623687744,
                "epsilon_diff": -3.933906555175781e-05,
                "abs_diff": 3.933906555175781e-05
              },
              {
                "lower1": 0.0002796551852952689,
                "middle": 0.0005497926031239331,
                "upper": 0.758652925491333,
                "gamma": 6.99162483215332e-05
              }
            ],
            [
              [
                1,
                9,
                63
              ],
              {
                "baseline_epsilon": 9.24413013458252,
                "injected_epsilon": 9.244091987609863,
                "epsilon_diff": -3.814697265625e-05,
                "abs_diff": 3.814697265625e-05
              },
              {
                "lower1": 2.1238203048706055,
                "middle": 7.210135459899902,
                "upper": 11.767735481262207,
                "gamma": 0.956182599067688
              }
            ],
            [
              [
                1,
                9,
                62
              ],
              {
                "baseline_epsilon": 9.226205825805664,
                "injected_epsilon": 9.226168632507324,
                "epsilon_diff": -3.719329833984375e-05,
                "abs_diff": 3.719329833984375e-05
              },
              {
                "lower1": 2.1219961643218994,
                "middle": 7.191247463226318,
                "upper": 11.748476028442383,
                "gamma": 0.9535402059555054
              }
            ],
            [
              [
                1,
                9,
                60
              ],
              {
                "baseline_epsilon": 9.126665115356445,
                "injected_epsilon": 9.126628875732422,
                "epsilon_diff": -3.62396240234375e-05,
                "abs_diff": 3.62396240234375e-05
              },
              {
                "lower1": 2.1117119789123535,
                "middle": 7.087975025177002,
                "upper": 11.63979721069336,
                "gamma": 0.9390970468521118
              }
            ],
            [
              [
                1,
                9,
                61
              ],
              {
                "baseline_epsilon": 9.159512519836426,
                "injected_epsilon": 9.159476280212402,
                "epsilon_diff": -3.62396240234375e-05,
                "abs_diff": 3.62396240234375e-05
              },
              {
                "lower1": 2.1152632236480713,
                "middle": 7.123131275177002,
                "upper": 11.675034523010254,
                "gamma": 0.9440006017684937
              }
            ],
            [
              [
                1,
                9,
                58
              ],
              {
                "baseline_epsilon": 9.02237319946289,
                "injected_epsilon": 9.0223388671875,
                "epsilon_diff": -3.4332275390625e-05,
                "abs_diff": 3.4332275390625e-05
              },
              {
                "lower1": 2.1007003784179688,
                "middle": 6.9830322265625,
                "upper": 11.516056060791016,
                "gamma": 0.924404501914978
              }
            ],
            [
              [
                1,
                9,
                59
              ],
              {
                "baseline_epsilon": 9.063926696777344,
                "injected_epsilon": 9.063892364501953,
                "epsilon_diff": -3.4332275390625e-05,
                "abs_diff": 3.4332275390625e-05
              },
              {
                "lower1": 2.1051719188690186,
                "middle": 7.025009632110596,
                "upper": 11.567483901977539,
                "gamma": 0.9302816390991211
              }
            ],
            [
              [
                1,
                9,
                56
              ],
              {
                "baseline_epsilon": 8.901674270629883,
                "injected_epsilon": 8.901641845703125,
                "epsilon_diff": -3.24249267578125e-05,
                "abs_diff": 3.24249267578125e-05
              },
              {
                "lower1": 2.0870790481567383,
                "middle": 6.859328269958496,
                "upper": 11.387009620666504,
                "gamma": 0.9071855545043945
              }
            ],
            [
              [
                1,
                9,
                57
              ],
              {
                "baseline_epsilon": 8.963217735290527,
                "injected_epsilon": 8.96318531036377,
                "epsilon_diff": -3.24249267578125e-05,
                "abs_diff": 3.24249267578125e-05
              },
              {
                "lower1": 2.0940968990325928,
                "middle": 6.92208194732666,
                "upper": 11.459306716918945,
                "gamma": 0.9159339666366577
              }
            ],
            [
              [
                1,
                9,
                54
              ],
              {
                "baseline_epsilon": 8.813995361328125,
                "injected_epsilon": 8.81396484375,
                "epsilon_diff": -3.0517578125e-05,
                "abs_diff": 3.0517578125e-05
              },
              {
                "lower1": 2.0767908096313477,