{
  "exp_id": "gpt2_comprehensive_sweep_seed=123_injection_layers=[6]_injection_bit=23_injection_location=weights_injection_idx=(1, 9, 31, 62)",
  "run_id": 0,
  "timestamp": "2025-10-14T17:41:25.896807",
  "baseline_loss": 12.890384674072266,
  "injected_loss": 12.890390396118164,
  "loss_diff": 5.7220458984375e-06,
  "bounds_valid": null,
  "violation_detected": false,
  "num_violations": 0,
  "violation_positions": [],
  "baseline_epsilon_stats": {
    "6": {
      "epsilon_mean": 7.864658355712891,
      "epsilon_std": 3.4537131786346436,
      "lower_mean": 0.852850615978241,
      "upper_mean": 17.020122528076172,
      "gamma_mean": 1.5244500637054443
    }
  },
  "injected_epsilon_stats": null,
  "injection_info": {
    "location": "weights",
    "idx": [
      1,
      9,
      31,
      62
    ],
    "bit": 23,
    "enabled": true,
    "multi_bit": false,
    "bit_list": null,
    "random_position": false,
    "injection_rate": 0.0
  },
  "extra_data": {
    "epsilon_analysis": [
      {
        "layer_idx": 6,
        "analysis": {
          "mean_diff": 3.986060619354248e-05,
          "std_diff": 0.0015622102655470371,
          "max_abs_diff": 0.06122589111328125,
          "top_changes": [
            [
              [
                1,
                9,
                31
              ],
              {
                "baseline_epsilon": 5.643606185913086,
                "injected_epsilon": 5.704832077026367,
                "epsilon_diff": 0.06122589111328125,
                "abs_diff": 0.06122589111328125
              },
              {
                "lower1": 0.1896509826183319,
                "middle": 5.151686668395996,
                "upper": 9.402652740478516,
                "gamma": 5.429478645324707
              }
            ]
          ]
        }
      }
    ],
    "performance": {
      "time": {
        "total_time": 0.018705368041992188,
        "baseline_forward_time": 0.007175445556640625,
        "injection_forward_time": 0.006623029708862305,
        "bounds_computation_time": 0.0007894039154052734,
        "violation_detection_time": 0.0014522075653076172
      },
      "memory": {
        "peak_memory_allocated_mb": 1117.9736328125,
        "peak_memory_reserved_mb": 1676.0,
        "baseline_memory_mb": 1058.77685546875,
        "injection_memory_mb": 1117.9736328125
      },
      "compute": {
        "num_attention_layers": 12,
        "num_attention_heads": 12,
        "sequence_length": 64,
        "batch_size": 2,
        "attention_flops": 0.0,
        "bounds_flops": 0.0
      },
      "extra": {}
    }
  }
}