{
  "exp_id": "gpt2_comprehensive_sweep_seed=42_injection_layers=[0]_injection_bit=30_injection_location=k_injection_idx=(0, 0, 10, 20)",
  "num_runs": 1,
  "timestamp": "2025-12-12T07:17:46.804013",
  "baseline_loss": {
    "mean": 10.275479316711426,
    "std": 0.0,
    "min": 10.275479316711426,
    "max": 10.275479316711426
  },
  "injected_loss": {
    "mean": 10.278874397277832,
    "std": 0.0,
    "min": 10.278874397277832,
    "max": 10.278874397277832
  },
  "loss_diff": {
    "mean": 0.00339508056640625,
    "std": 0.0,
    "min": 0.00339508056640625,
    "max": 0.00339508056640625
  },
  "violation_detection": {
    "detection_rate": 1.0,
    "total_violations": 6,
    "avg_violations_per_run": 6.0
  }
}