{
  "exp_id": "gpt2_comprehensive_sweep_seed=123_injection_layers=[0]_injection_bit=17_injection_location=weights_injection_idx=(1, 9, 31, 62)",
  "num_runs": 1,
  "timestamp": "2025-12-12T07:09:58.908466",
  "baseline_loss": {
    "mean": 10.275479316711426,
    "std": 0.0,
    "min": 10.275479316711426,
    "max": 10.275479316711426
  },
  "injected_loss": {
    "mean": 10.275476455688477,
    "std": 0.0,
    "min": 10.275476455688477,
    "max": 10.275476455688477
  },
  "loss_diff": {
    "mean": -2.86102294921875e-06,
    "std": 0.0,
    "min": -2.86102294921875e-06,
    "max": -2.86102294921875e-06
  },
  "violation_detection": {
    "detection_rate": 0.0,
    "total_violations": 0,
    "avg_violations_per_run": 0.0
  }
}