{
  "exp_id": "gpt2_comprehensive_sweep_seed=42_injection_layers=[9]_injection_bit=31_injection_location=k_injection_idx=(0, 3, 53, 43)",
  "run_id": 0,
  "timestamp": "2025-10-14T18:31:43.232703",
  "baseline_loss": 8.801229476928711,
  "injected_loss": 8.801192283630371,
  "loss_diff": -3.719329833984375e-05,
  "bounds_valid": null,
  "violation_detected": false,
  "num_violations": 0,
  "violation_positions": [],
  "baseline_epsilon_stats": {
    "9": {
      "epsilon_mean": 6.758882522583008,
      "epsilon_std": 3.844756841659546,
      "lower_mean": 0.5631410479545593,
      "upper_mean": 15.456985473632812,
      "gamma_mean": 0.17378351092338562
    }
  },
  "injected_epsilon_stats": null,
  "injection_info": {
    "location": "k",
    "idx": [
      0,
      3,
      53,
      43
    ],
    "bit": 31,
    "enabled": true,
    "multi_bit": false,
    "bit_list": null,
    "random_position": false,
    "injection_rate": 0.0
  },
  "extra_data": {
    "epsilon_analysis": [
      {
        "layer_idx": 9,
        "analysis": {
          "mean_diff": 5.6653596402611583e-05,
          "std_diff": 0.0005298475152812898,
          "max_abs_diff": 0.0069580078125,
          "top_changes": [
            [
              [
                0,
                3,
                25
              ],
              {
                "baseline_epsilon": 7.237255096435547,
                "injected_epsilon": 7.244213104248047,
                "epsilon_diff": 0.0069580078125,
                "abs_diff": 0.0069580078125
              },
              {
                "lower1": 0.22054462134838104,
                "middle": 0.43056759238243103,
                "upper": 12.150456428527832,
                "gamma": 0.05674576759338379
              }
            ],
            [
              [
                0,
                3,
                26
              ],
              {
                "baseline_epsilon": 7.5237579345703125,
                "injected_epsilon": 7.53070068359375,
                "epsilon_diff": 0.0069427490234375,
                "abs_diff": 0.0069427490234375
              },
              {
                "lower1": 0.2398887276649475,
                "middle": 0.46746188402175903,
                "upper": 13.18694019317627,
                "gamma": 0.06188654899597168
              }
            ],
            [
              [
                0,
                3,
                27
              ],
              {
                "baseline_epsilon": 7.790256500244141,
                "injected_epsilon": 7.797077178955078,
                "epsilon_diff": 0.0068206787109375,
                "abs_diff": 0.0068206787109375
              },
              {
                "lower1": 0.26250606775283813,
                "middle": 0.5104376673698425,
                "upper": 14.367210388183594,
                "gamma": 0.0679330825805664
              }
            ],
            [
              [
                0,
                3,
                24
              ],
              {
                "baseline_epsilon": 6.829978942871094,
                "injected_epsilon": 6.836645126342773,
                "epsilon_diff": 0.0066661834716796875,
                "abs_diff": 0.0066661834716796875
              },
              {
                "lower1": 0.20053234696388245,
                "middle": 0.39240995049476624,
                "upper": 10.970792770385742,
                "gamma": 0.05145668983459473
              }
            ],
            [
              [
                0,
                3,
                28
              ],
              {
                "baseline_epsilon": 7.979024887084961,
                "injected_epsilon": 7.985651016235352,
                "epsilon_diff": 0.006626129150390625,
                "abs_diff": 0.006626129150390625
              },
              {
                "lower1": 0.28548264503479004,
                "middle": 0.5546925663948059,
                "upper": 15.274107933044434,
                "gamma": 0.07411599159240723
              }
            ],
            [
              [
                0,
                3,
                29
              ],
              {
                "baseline_epsilon": 8.071441650390625,
                "injected_epsilon": 8.077672958374023,
                "epsilon_diff": 0.0062313079833984375,
                "abs_diff": 0.0062313079833984375
              },
              {
                "lower1": 0.3042156994342804,
                "middle": 0.5917949676513672,
                "upper": 15.710626602172852,
                "gamma": 0.07918763160705566
              }
            ],
            [
              [
                0,
                3,
                23
              ],
              {
                "baseline_epsilon": 6.219875335693359,
                "injected_epsilon": 6.225700378417969,
                "epsilon_diff": 0.005825042724609375,
                "abs_diff": 0.005825042724609375
              },
              {
                "lower1": 0.1800398826599121,
                "middle": 0.35335013270378113,
                "upper": 9.586542129516602,
                "gamma": 0.04607105255126953
              }
            ],
            [
              [
                0,
                3,
                30
              ],
              {
                "baseline_epsilon": 8.072349548339844,
                "injected_epsilon": 8.077966690063477,
                "epsilon_diff": 0.0056171417236328125,
                "abs_diff": 0.0056171417236328125
              },
              {
                "lower1": 0.31921085715293884,
                "middle": 0.6225476264953613,
                "upper": 15.830644607543945,
                "gamma": 0.0832674503326416
              }
            ],
            [
              [
                0,
                3,
                31
              ],
              {
                "baseline_epsilon": 7.899240493774414,
                "injected_epsilon": 7.904020309448242,
                "epsilon_diff": 0.004779815673828125,
                "abs_diff": 0.004779815673828125
              },
              {
                "lower1": 0.32787248492240906,
                "middle": 0.6420632600784302,
                "upper": 15.562891960144043,
                "gamma": 0.08563232421875
              }
            ],
            [
              [
                0,
                3,
                22
              ],
              {
                "baseline_epsilon": 5.422468185424805,
                "injected_epsilon": 5.42713737487793,
                "epsilon_diff": 0.004669189453125,
                "abs_diff": 0.004669189453125
              },
              {
                "lower1": 0.1579994410276413,
                "middle": 0.31093838810920715,
                "upper": 8.095674514770508,
                "gamma": 0.04031229019165039
              }
            ],
            [
              [
                0,
                3,
                32
              ],
              {
                "baseline_epsilon": 7.5679931640625,
                "injected_epsilon": 7.57188606262207,
                "epsilon_diff": 0.0038928985595703125,
                "abs_diff": 0.0038928985595703125
              },
              {
                "lower1": 0.3339681625366211,
                "middle": 0.6571357250213623,
                "upper": 15.153831481933594,
                "gamma": 0.08730030059814453
              }
            ],
            [
              [
                0,
                3,
                21
              ],
              {
                "baseline_epsilon": 4.493842124938965,
                "injected_epsilon": 4.497308731079102,
                "epsilon_diff": 0.0034666061401367188,
                "abs_diff": 0.0034666061401367188
              },
              {
                "lower1": 0.13760671019554138,