{
  "exp_id": "gpt2_comprehensive_sweep_seed=42_injection_layers=[6]_injection_bit=30_injection_location=q_injection_idx=(0, 0, 10, 20)",
  "num_runs": 1,
  "timestamp": "2025-10-14T18:21:38.640595",
  "baseline_loss": {
    "mean": 12.890384674072266,
    "std": 0.0,
    "min": 12.890384674072266,
    "max": 12.890384674072266
  },
  "injected_loss": {
    "mean": 12.890401840209961,
    "std": 0.0,
    "min": 12.890401840209961,
    "max": 12.890401840209961
  },
  "loss_diff": {
    "mean": 1.71661376953125e-05,
    "std": 0.0,
    "min": 1.71661376953125e-05,
    "max": 1.71661376953125e-05
  },
  "violation_detection": {
    "detection_rate": 1.0,
    "total_violations": 1,
    "avg_violations_per_run": 1.0
  }
}