{
  "exp_id": "gpt2_comprehensive_sweep_seed=0_injection_layers=[6]_injection_bit=17_injection_location=scores_injection_idx=(0, 0, 10, 20)",
  "run_id": 0,
  "timestamp": "2025-10-14T18:12:27.281119",
  "baseline_loss": 12.890384674072266,
  "injected_loss": 12.890384674072266,
  "loss_diff": 0.0,
  "bounds_valid": null,
  "violation_detected": false,
  "num_violations": 0,
  "violation_positions": [],
  "baseline_epsilon_stats": {
    "6": {
      "epsilon_mean": 7.864658355712891,
      "epsilon_std": 3.4537131786346436,
      "lower_mean": 0.852850615978241,
      "upper_mean": 17.020122528076172,
      "gamma_mean": 1.5244500637054443
    }
  },
  "injected_epsilon_stats": null,
  "injection_info": {
    "location": "scores",
    "idx": [
      0,
      0,
      10,
      20
    ],
    "bit": 17,
    "enabled": true,
    "multi_bit": false,
    "bit_list": null,
    "random_position": false,
    "injection_rate": 0.0
  },
  "extra_data": {
    "epsilon_analysis": [
      {
        "layer_idx": 6,
        "analysis": {
          "mean_diff": -4.967053879312289e-09,
          "std_diff": 1.9466794753952854e-07,
          "max_abs_diff": 7.62939453125e-06,
          "top_changes": [
            [
              [
                0,
                0,
                10
              ],
              {
                "baseline_epsilon": 6.541210174560547,
                "injected_epsilon": 6.541202545166016,
                "epsilon_diff": -7.62939453125e-06,
                "abs_diff": 7.62939453125e-06
              },
              {
                "lower1": 0.42932045459747314,
                "middle": 0.7982184886932373,
                "upper": 18.457042694091797,
                "gamma": 0.11379814147949219
              }
            ]
          ]
        }
      }
    ],
    "performance": {
      "time": {
        "total_time": 0.019521474838256836,
        "baseline_forward_time": 0.007147789001464844,
        "injection_forward_time": 0.007193088531494141,
        "bounds_computation_time": 0.0008809566497802734,
        "violation_detection_time": 0.0014805793762207031
      },
      "memory": {
        "peak_memory_allocated_mb": 1278.1689453125,
        "peak_memory_reserved_mb": 1632.0,
        "baseline_memory_mb": 1218.97216796875,
        "injection_memory_mb": 1278.1689453125
      },
      "compute": {
        "num_attention_layers": 12,
        "num_attention_heads": 12,
        "sequence_length": 64,
        "batch_size": 2,
        "attention_flops": 0.0,
        "bounds_flops": 0.0
      },
      "extra": {}
    }
  }
}