{
  "exp_id": "gpt2_comprehensive_sweep_seed=0_injection_layers=[6]_injection_bit=19_injection_location=weights_injection_idx=(0, 0, 10, 20)",
  "run_id": 0,
  "timestamp": "2025-12-12T07:07:35.985449",
  "baseline_loss": 8.564264297485352,
  "injected_loss": 8.564276695251465,
  "loss_diff": 1.239776611328125e-05,
  "bounds_valid": null,
  "violation_detected": false,
  "num_violations": 0,
  "violation_positions": [],
  "baseline_epsilon_stats": {
    "6": {
      "epsilon_mean": 5.956024169921875,
      "epsilon_std": 4.427911758422852,
      "lower_mean": 0.5316863656044006,
      "upper_mean": 7.960529327392578,
      "gamma_mean": 0.18503431975841522
    }
  },
  "injected_epsilon_stats": null,
  "injection_info": {
    "location": "weights",
    "idx": [
      0,
      0,
      10,
      20
    ],
    "bit": 19,
    "enabled": true,
    "multi_bit": false,
    "bit_list": null,
    "random_position": false,
    "injection_rate": 0.0
  },
  "extra_data": {
    "epsilon_analysis": [
      {
        "layer_idx": 6,
        "analysis": {
          "mean_diff": -3.936700522899628e-06,
          "std_diff": 0.00015428652113769203,
          "max_abs_diff": 0.006046772003173828,
          "top_changes": [
            [
              [
                0,
                0,
                10
              ],
              {
                "baseline_epsilon": 0.6432266235351562,
                "injected_epsilon": 0.6371798515319824,
                "epsilon_diff": -0.006046772003173828,
                "abs_diff": 0.006046772003173828
              },
              {
                "lower1": 0.002699655946344137,
                "middle": 0.005308442283421755,
                "upper": 0.8827047348022461,
                "gamma": 0.0006751418113708496
              }
            ]
          ]
        }
      }
    ],
    "performance": {
      "time": {
        "total_time": 0.0185849666595459,
        "baseline_forward_time": 0.007210731506347656,
        "injection_forward_time": 0.006592512130737305,
        "bounds_computation_time": 0.0007486343383789062,
        "violation_detection_time": 0.0014500617980957031
      },
      "memory": {
        "peak_memory_allocated_mb": 1279.1689453125,
        "peak_memory_reserved_mb": 1720.0,
        "baseline_memory_mb": 1219.97216796875,
        "injection_memory_mb": 1279.1689453125
      },
      "compute": {
        "num_attention_layers": 12,
        "num_attention_heads": 12,
        "sequence_length": 64,
        "batch_size": 2,
        "attention_flops": 0.0,
        "bounds_flops": 0.0
      },
      "extra": {}
    }
  }
}