{
  "exp_id": "gpt2_comprehensive_sweep_seed=123_injection_layers=[3]_injection_bit=31_injection_location=weights_injection_idx=(1, 9, 31, 62)",
  "num_runs": 1,
  "timestamp": "2025-12-12T07:02:38.073806",
  "baseline_loss": {
    "mean": 13.791720390319824,
    "std": 0.0,
    "min": 13.791720390319824,
    "max": 13.791720390319824
  },
  "injected_loss": {
    "mean": 13.791973114013672,
    "std": 0.0,
    "min": 13.791973114013672,
    "max": 13.791973114013672
  },
  "loss_diff": {
    "mean": 0.00025272369384765625,
    "std": 0.0,
    "min": 0.00025272369384765625,
    "max": 0.00025272369384765625
  },
  "violation_detection": {
    "detection_rate": 1.0,
    "total_violations": 1,
    "avg_violations_per_run": 1.0
  }
}