{
  "exp_id": "gpt2_comprehensive_sweep_seed=42_injection_layers=[9]_injection_bit=18_injection_location=k_injection_idx=(1, 9, 31, 62)",
  "run_id": 0,
  "timestamp": "2025-12-12T07:01:42.373849",
  "baseline_loss": 13.721663475036621,
  "injected_loss": 13.721658706665039,
  "loss_diff": -4.76837158203125e-06,
  "bounds_valid": null,
  "violation_detected": false,
  "num_violations": 0,
  "violation_positions": [],
  "baseline_epsilon_stats": {
    "9": {
      "epsilon_mean": 10.922141075134277,
      "epsilon_std": 4.307835578918457,
      "lower_mean": 1.0468783378601074,
      "upper_mean": 16.82538414001465,
      "gamma_mean": 2.1429390907287598
    }
  },
  "injected_epsilon_stats": null,
  "injection_info": {
    "location": "k",
    "idx": [
      1,
      9,
      31,
      62
    ],
    "bit": 18,
    "enabled": true,
    "multi_bit": false,
    "bit_list": null,
    "random_position": false,
    "injection_rate": 0.0
  },
  "extra_data": {
    "epsilon_analysis": [
      {
        "layer_idx": 9,
        "analysis": {
          "mean_diff": 2.505071461200714e-05,
          "std_diff": 0.00012980960309505463,
          "max_abs_diff": 0.000804901123046875,
          "top_changes": [
            [
              [
                1,
                9,
                16
              ],
              {
                "baseline_epsilon": 10.763561248779297,
                "injected_epsilon": 10.764366149902344,
                "epsilon_diff": 0.000804901123046875,
                "abs_diff": 0.000804901123046875
              },
              {
                "lower1": 0.3399370312690735,
                "middle": 10.028746604919434,
                "upper": 13.719404220581055,
                "gamma": 4.696073532104492
              }
            ],
            [
              [
                1,
                9,
                19
              ],
              {
                "baseline_epsilon": 10.108489990234375,
                "injected_epsilon": 10.109294891357422,
                "epsilon_diff": 0.000804901123046875,
                "abs_diff": 0.000804901123046875
              },
              {
                "lower1": 0.3268050253391266,
                "middle": 9.338796615600586,
                "upper": 13.425198554992676,
                "gamma": 4.7466230392456055
              }
            ],
            [
              [
                1,
                9,
                21
              ],
              {
                "baseline_epsilon": 9.683061599731445,
                "injected_epsilon": 9.683862686157227,
                "epsilon_diff": 0.00080108642578125,
                "abs_diff": 0.00080108642578125
              },
              {
                "lower1": 0.31608980894088745,
                "middle": 8.911070823669434,
                "upper": 13.174787521362305,
                "gamma": 4.789262771606445
              }
            ],
            [
              [
                1,
                9,
                18
              ],
              {
                "baseline_epsilon": 10.315849304199219,
                "injected_epsilon": 10.316650390625,
                "epsilon_diff": 0.00080108642578125,
                "abs_diff": 0.00080108642578125
              },
              {
                "lower1": 0.33103615045547485,
                "middle": 9.55489444732666,
                "upper": 13.521492958068848,
                "gamma": 4.730136871337891
              }
            ],
            [
              [
                1,
                9,
                15
              ],
              {
                "baseline_epsilon": 11.01585578918457,
                "injected_epsilon": 11.016656875610352,
                "epsilon_diff": 0.00080108642578125,
                "abs_diff": 0.00080108642578125
              },
              {
                "lower1": 0.34538039565086365,
                "middle": 10.296883583068848,
                "upper": 13.83737850189209,
                "gamma": 4.675640106201172
              }
            ],
            [
              [
                1,
                9,
                17
              ],
              {
                "baseline_epsilon": 10.542343139648438,
                "injected_epsilon": 10.543144226074219,
                "epsilon_diff": 0.00080108642578125,
                "abs_diff": 0.00080108642578125
              },
              {
                "lower1": 0.33600157499313354,
                "middle": 9.790892601013184,
                "upper": 13.632672309875488,
                "gamma": 4.711032867431641
              }
            ],
            [
              [
                1,
                9,
                20
              ],
              {
                "baseline_epsilon": 9.891353607177734,
                "injected_epsilon": 9.892152786254883,
                "epsilon_diff": 0.0007991790771484375,
                "abs_diff": 0.0007991790771484375
              },
              {
                "lower1": 0.3212871253490448,
                "middle": 9.120006561279297,
                "upper": 13.297430992126465,
                "gamma": 4.768418312072754
              }
            ],
            [
              [
                1,
                9,
                23
              ],
              {
                "baseline_epsilon": 9.241689682006836,
                "injected_epsilon": 9.242485046386719,
                "epsilon_diff": 0.0007953643798828125,
                "abs_diff": 0.0007953643798828125
              },
              {
                "lower1": 0.30301186442375183,
                "middle": 8.482575416564941,
                "upper": 12.856084823608398,
                "gamma": 4.843135833740234
              }
            ],
            [
              [
                1,
                9,
                14
              ],
              {
                "baseline_epsilon": 11.32010269165039,
                "injected_epsilon": 11.320898056030273,
                "epsilon_diff": 0.0007953643798828125,
                "abs_diff": 0.0007953643798828125
              },
              {
                "lower1": 0.35342690348625183,
                "middle": 10.61428451538086,
                "upper": 14.00761604309082,
                "gamma": 4.645964622497559
              }
            ],
            [
              [
                1,
                9,
                22
              ],
              {
                "baseline_epsilon": 9.470947265625,
                "injected_epsilon": 9.47174072265625,
                "epsilon_diff": 0.00079345703125,
                "abs_diff": 0.00079345703125
              },
              {
                "lower1": 0.3103344142436981,
                "middle": 8.701948165893555,
                "upper": 13.036333084106445,
                "gamma": 4.812714576721191
              }
            ],
            [
              [
                1,
                9,
                13
              ],
              {
                "baseline_epsilon": 11.66701889038086,
                "injected_epsilon": 11.66781234741211,
                "epsilon_diff": 0.00079345703125,
                "abs_diff": 0.00079345703125
              },
              {
                "lower1": 0.3634272515773773,
                "middle": 10.975309371948242,
                "upper": 14.212437629699707,
                "gamma": 4.609926223754883
              }
            ],
            [
              [
                1,
                9,
                24
              ],
              {
                "baseline_epsilon": 9.044605255126953,
                "injected_epsilon": 9.04539680480957,
                "epsilon_diff": 0.0007915496826171875,
                "abs_diff": 0.0007915496826171875
              },
              {
                "lower1": 0.29748988151550293,