{
  "exp_id": "gpt2_comprehensive_sweep_seed=3407_injection_layers=[9]_injection_bit=18_injection_location=k_injection_idx=(1, 6, 32, 1)",
  "run_id": 0,
  "timestamp": "2025-12-12T07:04:41.420783",
  "baseline_loss": 13.721663475036621,
  "injected_loss": 13.721663475036621,
  "loss_diff": 0.0,
  "bounds_valid": null,
  "violation_detected": false,
  "num_violations": 0,
  "violation_positions": [],
  "baseline_epsilon_stats": {
    "9": {
      "epsilon_mean": 10.922141075134277,
      "epsilon_std": 4.307835578918457,
      "lower_mean": 1.0468783378601074,
      "upper_mean": 16.82538414001465,
      "gamma_mean": 2.1429390907287598
    }
  },
  "injected_epsilon_stats": null,
  "injection_info": {
    "location": "k",
    "idx": [
      1,
      6,
      32,
      1
    ],
    "bit": 18,
    "enabled": true,
    "multi_bit": false,
    "bit_list": null,
    "random_position": false,
    "injection_rate": 0.0
  },
  "extra_data": {
    "epsilon_analysis": [
      {
        "layer_idx": 9,
        "analysis": {
          "mean_diff": 7.584691047668457e-06,
          "std_diff": 4.84671036247164e-05,
          "max_abs_diff": 0.0003986358642578125,
          "top_changes": [
            [
              [
                1,
                6,
                7
              ],
              {
                "baseline_epsilon": 8.273258209228516,
                "injected_epsilon": 8.272859573364258,
                "epsilon_diff": -0.0003986358642578125,
                "abs_diff": 0.0003986358642578125
              },
              {
                "lower1": 1.9731882810592651,
                "middle": 5.991460800170898,
                "upper": 13.684141159057617,
                "gamma": 0.7902476787567139
              }
            ],
            [
              [
                1,
                6,
                1
              ],
              {
                "baseline_epsilon": 6.704265594482422,
                "injected_epsilon": 6.7039642333984375,
                "epsilon_diff": -0.000301361083984375,
                "abs_diff": 0.000301361083984375
              },
              {
                "lower1": 1.5638489723205566,
                "middle": 4.0300703048706055,
                "upper": 11.315298080444336,
                "gamma": 0.526395320892334
              }
            ],
            [
              [
                1,
                6,
                4
              ],
              {
                "baseline_epsilon": 4.553234100341797,
                "injected_epsilon": 4.552944183349609,
                "epsilon_diff": -0.0002899169921875,
                "abs_diff": 0.0002899169921875
              },
              {
                "lower1": 0.0804072692990303,
                "middle": 0.15649990737438202,
                "upper": 11.926736831665039,
                "gamma": 0.02030801773071289
              }
            ],
            [
              [
                1,
                6,
                6
              ],
              {
                "baseline_epsilon": 3.2498321533203125,
                "injected_epsilon": 3.2495460510253906,
                "epsilon_diff": -0.000286102294921875,
                "abs_diff": 0.000286102294921875
              },
              {
                "lower1": 0.04543336108326912,
                "middle": 0.08878158032894135,
                "upper": 9.287006378173828,
                "gamma": 0.011423587799072266
              }
            ],
            [
              [
                1,
                6,
                30
              ],
              {
                "baseline_epsilon": 9.457719802856445,
                "injected_epsilon": 9.458002090454102,
                "epsilon_diff": 0.00028228759765625,
                "abs_diff": 0.00028228759765625
              },
              {
                "lower1": 0.31604674458503723,
                "middle": 8.675416946411133,
                "upper": 13.173760414123535,
                "gamma": 4.7894368171691895
              }
            ],
            [
              [
                1,
                6,
                26
              ],
              {
                "baseline_epsilon": 10.32693862915039,
                "injected_epsilon": 10.327217102050781,
                "epsilon_diff": 0.000278472900390625,
                "abs_diff": 0.000278472900390625
              },
              {
                "lower1": 0.34941402077674866,
                "middle": 9.488327980041504,
                "upper": 13.923330307006836,
                "gamma": 4.660686492919922
              }
            ],
            [
              [
                1,
                6,
                23
              ],
              {
                "baseline_epsilon": 11.008272171020508,
                "injected_epsilon": 11.008550643920898,
                "epsilon_diff": 0.000278472900390625,
                "abs_diff": 0.000278472900390625
              },
              {
                "lower1": 0.3754267692565918,
                "middle": 10.137838363647461,
                "upper": 14.448624610900879,
                "gamma": 4.567849159240723
              }
            ],
            [
              [
                1,
                6,
                28
              ],
              {
                "baseline_epsilon": 9.89204216003418,
                "injected_epsilon": 9.892318725585938,
                "epsilon_diff": 0.0002765655517578125,
                "abs_diff": 0.0002765655517578125
              },
              {
                "lower1": 0.33279702067375183,
                "middle": 9.079408645629883,
                "upper": 13.561144828796387,
                "gamma": 4.723332405090332
              }
            ],
            [
              [
                1,
                6,
                33
              ],
              {
                "baseline_epsilon": 8.832952499389648,
                "injected_epsilon": 8.833229064941406,
                "epsilon_diff": 0.0002765655517578125,
                "abs_diff": 0.0002765655517578125
              },
              {
                "lower1": 0.2921384274959564,
                "middle": 8.098721504211426,
                "upper": 12.5797758102417,
                "gamma": 4.889578819274902
              }
            ],
            [
              [
                1,
                6,
                24
              ],
              {
                "baseline_epsilon": 10.791780471801758,
                "injected_epsilon": 10.792057037353516,
                "epsilon_diff": 0.0002765655517578125,
                "abs_diff": 0.0002765655517578125
              },
              {
                "lower1": 0.36758533120155334,
                "middle": 9.927818298339844,
                "upper": 14.29544734954834,
                "gamma": 4.595205307006836
              }
            ],
            [
              [
                1,
                6,
                27
              ],
              {
                "baseline_epsilon": 10.107353210449219,
                "injected_epsilon": 10.107629776000977,
                "epsilon_diff": 0.0002765655517578125,
                "abs_diff": 0.0002765655517578125
              },
              {
                "lower1": 0.34114471077919006,
                "middle": 9.280740737915039,
                "upper": 13.745776176452637,
                "gamma": 4.691514492034912
              }
            ],
            [
              [
                1,
                6,
                21
              ],
              {
                "baseline_epsilon": 11.510356903076172,
                "injected_epsilon": 11.510631561279297,
                "epsilon_diff": 0.000274658203125,
                "abs_diff": 0.000274658203125
              },
              {
                "lower1": 0.3951355814933777,