{
  "exp_id": "gpt2_comprehensive_sweep_seed=0_injection_layers=[0]_injection_bit=30_injection_location=k_injection_idx=(1, 6, 32, 1)",
  "num_runs": 1,
  "timestamp": "2025-12-12T07:37:01.700999",
  "baseline_loss": {
    "mean": 10.275479316711426,
    "std": 0.0,
    "min": 10.275479316711426,
    "max": 10.275479316711426
  },
  "injected_loss": {
    "mean": 10.322275161743164,
    "std": 0.0,
    "min": 10.322275161743164,
    "max": 10.322275161743164
  },
  "loss_diff": {
    "mean": 0.04679584503173828,
    "std": 0.0,
    "min": 0.04679584503173828,
    "max": 0.04679584503173828
  },
  "violation_detection": {
    "detection_rate": 1.0,
    "total_violations": 98,
    "avg_violations_per_run": 98.0
  }
}