{
  "exp_id": "gpt2_comprehensive_sweep_seed=42_injection_layers=[3]_injection_bit=15_injection_location=q_injection_idx=(0, 3, 53, 43)",
  "run_id": 0,
  "timestamp": "2025-10-14T18:31:35.057132",
  "baseline_loss": 7.881114482879639,
  "injected_loss": 7.881114482879639,
  "loss_diff": 0.0,
  "bounds_valid": null,
  "violation_detected": false,
  "num_violations": 0,
  "violation_positions": [],
  "baseline_epsilon_stats": {
    "3": {
      "epsilon_mean": 5.532190322875977,
      "epsilon_std": 2.821462392807007,
      "lower_mean": 0.26533496379852295,
      "upper_mean": 12.459569931030273,
      "gamma_mean": 0.07388841360807419
    }
  },
  "injected_epsilon_stats": null,
  "injection_info": {
    "location": "q",
    "idx": [
      0,
      3,
      53,
      43
    ],
    "bit": 15,
    "enabled": true,
    "multi_bit": false,
    "bit_list": null,
    "random_position": false,
    "injection_rate": 0.0
  },
  "extra_data": {
    "epsilon_analysis": [
      {
        "layer_idx": 3,
        "analysis": {
          "mean_diff": 5.7121120278225135e-08,
          "std_diff": 2.2386814180208603e-06,
          "max_abs_diff": 8.7738037109375e-05,
          "top_changes": [
            [
              [
                0,
                3,
                53
              ],
              {
                "baseline_epsilon": 7.352466583251953,
                "injected_epsilon": 7.3525543212890625,
                "epsilon_diff": 8.7738037109375e-05,
                "abs_diff": 8.7738037109375e-05
              },
              {
                "lower1": 0.26111549139022827,
                "middle": 0.5032832622528076,
                "upper": 18.43634605407715,
                "gamma": 0.06756019592285156
              }
            ]
          ]
        }
      }
    ],
    "performance": {
      "time": {
        "total_time": 0.018694400787353516,
        "baseline_forward_time": 0.007153511047363281,
        "injection_forward_time": 0.006638526916503906,
        "bounds_computation_time": 0.0007791519165039062,
        "violation_detection_time": 0.001462697982788086
      },
      "memory": {
        "peak_memory_allocated_mb": 1148.01025390625,
        "peak_memory_reserved_mb": 1676.0,
        "baseline_memory_mb": 1088.8134765625,
        "injection_memory_mb": 1148.01025390625
      },
      "compute": {
        "num_attention_layers": 12,
        "num_attention_heads": 12,
        "sequence_length": 64,
        "batch_size": 2,
        "attention_flops": 0.0,
        "bounds_flops": 0.0
      },
      "extra": {}
    }
  }
}