{
  "exp_id": "gpt2_comprehensive_sweep_seed=42_injection_layers=[9]_injection_bit=15_injection_location=q_injection_idx=(1, 9, 31, 62)",
  "num_runs": 1,
  "timestamp": "2025-12-12T07:09:33.141684",
  "baseline_loss": {
    "mean": 8.462052345275879,
    "std": 0.0,
    "min": 8.462052345275879,
    "max": 8.462052345275879
  },
  "injected_loss": {
    "mean": 8.462051391601562,
    "std": 0.0,
    "min": 8.462051391601562,
    "max": 8.462051391601562
  },
  "loss_diff": {
    "mean": -9.5367431640625e-07,
    "std": 0.0,
    "min": -9.5367431640625e-07,
    "max": -9.5367431640625e-07
  },
  "violation_detection": {
    "detection_rate": 0.0,
    "total_violations": 0,
    "avg_violations_per_run": 0.0
  }
}