{
  "exp_id": "gpt2_comprehensive_sweep_seed=42_injection_layers=[6]_injection_bit=30_injection_location=weights_injection_idx=(0, 3, 53, 43)",
  "num_runs": 1,
  "timestamp": "2025-12-12T07:01:28.996101",
  "baseline_loss": {
    "mean": 12.89038372039795,
    "std": 0.0,
    "min": 12.89038372039795,
    "max": 12.89038372039795
  },
  "injected_loss": {
    "mean": 12.844308853149414,
    "std": 0.0,
    "min": 12.844308853149414,
    "max": 12.844308853149414
  },
  "loss_diff": {
    "mean": -0.046074867248535156,
    "std": 0.0,
    "min": -0.046074867248535156,
    "max": -0.046074867248535156
  },
  "violation_detection": {
    "detection_rate": 1.0,
    "total_violations": 1,
    "avg_violations_per_run": 1.0
  }
}