{
  "exp_id": "gpt2_comprehensive_sweep_seed=42_injection_layers=[0]_injection_bit=21_injection_location=weights_injection_idx=(1, 9, 31, 62)",
  "num_runs": 1,
  "timestamp": "2025-10-14T18:15:20.425623",
  "baseline_loss": {
    "mean": 10.27547836303711,
    "std": 0.0,
    "min": 10.27547836303711,
    "max": 10.27547836303711
  },
  "injected_loss": {
    "mean": 10.275501251220703,
    "std": 0.0,
    "min": 10.275501251220703,
    "max": 10.275501251220703
  },
  "loss_diff": {
    "mean": 2.288818359375e-05,
    "std": 0.0,
    "min": 2.288818359375e-05,
    "max": 2.288818359375e-05
  },
  "violation_detection": {
    "detection_rate": 0.0,
    "total_violations": 0,
    "avg_violations_per_run": 0.0
  }
}