{
  "exp_id": "gpt2_comprehensive_sweep_seed=42_injection_layers=[6]_injection_bit=25_injection_location=weights_injection_idx=(1, 9, 31, 62)",
  "run_id": 0,
  "timestamp": "2025-10-14T18:15:33.213514",
  "baseline_loss": 8.564263343811035,
  "injected_loss": 8.563268661499023,
  "loss_diff": -0.0009946823120117188,
  "bounds_valid": null,
  "violation_detected": true,
  "num_violations": 1,
  "violation_positions": [
    [
      6,
      [
        1,
        9,
        31
      ]
    ]
  ],
  "baseline_epsilon_stats": {
    "6": {
      "epsilon_mean": 5.956024169921875,
      "epsilon_std": 4.427911758422852,
      "lower_mean": 0.5316863656044006,
      "upper_mean": 7.960529327392578,
      "gamma_mean": 0.18503431975841522
    }
  },
  "injected_epsilon_stats": null,
  "injection_info": {
    "location": "weights",
    "idx": [
      1,
      9,
      31,
      62
    ],
    "bit": 25,
    "enabled": true,
    "multi_bit": false,
    "bit_list": null,
    "random_position": false,
    "injection_rate": 0.0
  },
  "extra_data": {
    "epsilon_analysis": [
      {
        "layer_idx": 6,
        "analysis": {
          "mean_diff": -0.0019506672397255898,
          "std_diff": 0.07645022869110107,
          "max_abs_diff": 2.996224880218506,
          "top_changes": [
            [
              [
                1,
                9,
                31
              ],
              {
                "baseline_epsilon": 7.418415546417236,
                "injected_epsilon": 4.4221906661987305,
                "epsilon_diff": -2.996224880218506,
                "abs_diff": 2.996224880218506
              },
              {
                "lower1": 1.8620437383651733,
                "middle": 5.369678020477295,
                "upper": 9.679186820983887,
                "gamma": 0.7027654647827148
              }
            ]
          ]
        }
      }
    ],
    "performance": {
      "time": {
        "total_time": 0.0184326171875,
        "baseline_forward_time": 0.00702357292175293,
        "injection_forward_time": 0.006552457809448242,
        "bounds_computation_time": 0.0007598400115966797,
        "violation_detection_time": 0.0015094280242919922
      },
      "memory": {
        "peak_memory_allocated_mb": 1328.22998046875,
        "peak_memory_reserved_mb": 1718.0,
        "baseline_memory_mb": 1269.033203125,
        "injection_memory_mb": 1328.22998046875
      },
      "compute": {
        "num_attention_layers": 12,
        "num_attention_heads": 12,
        "sequence_length": 64,
        "batch_size": 2,
        "attention_flops": 0.0,
        "bounds_flops": 0.0
      },
      "extra": {}
    }
  }
}