{
  "exp_id": "gpt2_comprehensive_sweep_seed=123_injection_layers=[3]_injection_bit=7_injection_location=k_injection_idx=(1, 9, 31, 62)",
  "run_id": 0,
  "timestamp": "2025-12-12T07:02:20.912600",
  "baseline_loss": 13.791720390319824,
  "injected_loss": 13.791719436645508,
  "loss_diff": -9.5367431640625e-07,
  "bounds_valid": null,
  "violation_detected": false,
  "num_violations": 0,
  "violation_positions": [],
  "baseline_epsilon_stats": {
    "3": {
      "epsilon_mean": 6.302740097045898,
      "epsilon_std": 2.23594331741333,
      "lower_mean": 0.9555976390838623,
      "upper_mean": 17.05971336364746,
      "gamma_mean": 1.0718344449996948
    }
  },
  "injected_epsilon_stats": null,
  "injection_info": {
    "location": "k",
    "idx": [
      1,
      9,
      31,
      62
    ],
    "bit": 7,
    "enabled": true,
    "multi_bit": false,
    "bit_list": null,
    "random_position": false,
    "injection_rate": 0.0
  },
  "extra_data": {
    "epsilon_analysis": [
      {
        "layer_idx": 3,
        "analysis": {
          "mean_diff": -4.967053879312289e-09,
          "std_diff": 1.9466794753952854e-07,
          "max_abs_diff": 7.62939453125e-06,
          "top_changes": [
            [
              [
                1,
                9,
                3
              ],
              {
                "baseline_epsilon": 2.5816116333007812,
                "injected_epsilon": 2.58160400390625,
                "epsilon_diff": -7.62939453125e-06,
                "abs_diff": 7.62939453125e-06
              },
              {
                "lower1": 0.04057502746582031,
                "middle": 0.07835505902767181,
                "upper": 18.457042694091797,
                "gamma": 0.010195732116699219
              }
            ]
          ]
        }
      }
    ],
    "performance": {
      "time": {
        "total_time": 0.018688440322875977,
        "baseline_forward_time": 0.00723576545715332,
        "injection_forward_time": 0.006628990173339844,
        "bounds_computation_time": 0.0007586479187011719,
        "violation_detection_time": 0.0014801025390625
      },
      "memory": {
        "peak_memory_allocated_mb": 1199.0712890625,
        "peak_memory_reserved_mb": 1830.0,
        "baseline_memory_mb": 1139.87451171875,
        "injection_memory_mb": 1199.0712890625
      },
      "compute": {
        "num_attention_layers": 12,
        "num_attention_heads": 12,
        "sequence_length": 64,
        "batch_size": 2,
        "attention_flops": 0.0,
        "bounds_flops": 0.0
      },
      "extra": {}
    }
  }
}