{
  "exp_id": "gpt2_comprehensive_sweep_seed=42_injection_layers=[6]_injection_bit=27_injection_location=k_injection_idx=(1, 9, 31, 62)",
  "num_runs": 1,
  "timestamp": "2025-12-12T07:18:38.535845",
  "baseline_loss": {
    "mean": 8.564264297485352,
    "std": 0.0,
    "min": 8.564264297485352,
    "max": 8.564264297485352
  },
  "injected_loss": {
    "mean": 8.564258575439453,
    "std": 0.0,
    "min": 8.564258575439453,
    "max": 8.564258575439453
  },
  "loss_diff": {
    "mean": -5.7220458984375e-06,
    "std": 0.0,
    "min": -5.7220458984375e-06,
    "max": -5.7220458984375e-06
  },
  "violation_detection": {
    "detection_rate": 0.0,
    "total_violations": 0,
    "avg_violations_per_run": 0.0
  }
}