{
  "exp_id": "gpt2_comprehensive_sweep_seed=123_injection_layers=[6]_injection_bit=20_injection_location=weights_injection_idx=(0, 0, 10, 20)",
  "num_runs": 1,
  "timestamp": "2025-12-12T07:10:56.545095",
  "baseline_loss": {
    "mean": 8.564264297485352,
    "std": 0.0,
    "min": 8.564264297485352,
    "max": 8.564264297485352
  },
  "injected_loss": {
    "mean": 8.564286231994629,
    "std": 0.0,
    "min": 8.564286231994629,
    "max": 8.564286231994629
  },
  "loss_diff": {
    "mean": 2.193450927734375e-05,
    "std": 0.0,
    "min": 2.193450927734375e-05,
    "max": 2.193450927734375e-05
  },
  "violation_detection": {
    "detection_rate": 0.0,
    "total_violations": 0,
    "avg_violations_per_run": 0.0
  }
}