{
  "exp_id": "gpt2_comprehensive_sweep_seed=123_injection_layers=[0]_injection_bit=22_injection_location=scores_injection_idx=(1, 6, 32, 1)",
  "num_runs": 1,
  "timestamp": "2025-12-12T07:02:07.531925",
  "baseline_loss": {
    "mean": 13.588921546936035,
    "std": 0.0,
    "min": 13.588921546936035,
    "max": 13.588921546936035
  },
  "injected_loss": {
    "mean": 13.589045524597168,
    "std": 0.0,
    "min": 13.589045524597168,
    "max": 13.589045524597168
  },
  "loss_diff": {
    "mean": 0.0001239776611328125,
    "std": 0.0,
    "min": 0.0001239776611328125,
    "max": 0.0001239776611328125
  },
  "violation_detection": {
    "detection_rate": 0.0,
    "total_violations": 0,
    "avg_violations_per_run": 0.0
  }
}