{
  "exp_id": "gpt2_comprehensive_sweep_seed=42_injection_layers=[9]_injection_bit=17_injection_location=k_injection_idx=(1, 6, 32, 1)",
  "run_id": 0,
  "timestamp": "2025-12-12T07:09:34.449447",
  "baseline_loss": 8.462052345275879,
  "injected_loss": 8.462053298950195,
  "loss_diff": 9.5367431640625e-07,
  "bounds_valid": null,
  "violation_detected": false,
  "num_violations": 0,
  "violation_positions": [],
  "baseline_epsilon_stats": {
    "9": {
      "epsilon_mean": 6.7392191886901855,
      "epsilon_std": 4.8921427726745605,
      "lower_mean": 0.5418864488601685,
      "upper_mean": 9.379467010498047,
      "gamma_mean": 0.2731764018535614
    }
  },
  "injected_epsilon_stats": null,
  "injection_info": {
    "location": "k",
    "idx": [
      1,
      6,
      32,
      1
    ],
    "bit": 17,
    "enabled": true,
    "multi_bit": false,
    "bit_list": null,
    "random_position": false,
    "injection_rate": 0.0
  },
  "extra_data": {
    "epsilon_analysis": [
      {
        "layer_idx": 9,
        "analysis": {
          "mean_diff": -5.669581696565729e-06,
          "std_diff": 2.807386772474274e-05,
          "max_abs_diff": 0.0002079010009765625,
          "top_changes": [
            [
              [
                1,
                6,
                4
              ],
              {
                "baseline_epsilon": 2.6551408767700195,
                "injected_epsilon": 2.654932975769043,
                "epsilon_diff": -0.0002079010009765625,
                "abs_diff": 0.0002079010009765625
              },
              {
                "lower1": 0.555429995059967,
                "middle": 1.1730250120162964,
                "upper": 3.8138885498046875,
                "gamma": 0.1501016616821289
              }
            ],
            [
              [
                1,
                6,
                62
              ],
              {
                "baseline_epsilon": 1.9122772216796875,
                "injected_epsilon": 1.9121017456054688,
                "epsilon_diff": -0.00017547607421875,
                "abs_diff": 0.00017547607421875
              },
              {
                "lower1": 0.012272071093320847,
                "middle": 0.023948412388563156,
                "upper": 8.335441589355469,
                "gamma": 0.0030727386474609375
              }
            ],
            [
              [
                1,
                6,
                51
              ],
              {
                "baseline_epsilon": 1.8265113830566406,
                "injected_epsilon": 1.8263397216796875,
                "epsilon_diff": -0.000171661376953125,
                "abs_diff": 0.000171661376953125
              },
              {
                "lower1": 0.00016402862092945725,
                "middle": 0.0003196951001882553,
                "upper": 8.329254150390625,
                "gamma": 4.100799560546875e-05
              }
            ],
            [
              [
                1,
                6,
                60
              ],
              {
                "baseline_epsilon": 1.8967094421386719,
                "injected_epsilon": 1.8965415954589844,
                "epsilon_diff": -0.0001678466796875,
                "abs_diff": 0.0001678466796875
              },
              {
                "lower1": 0.010362518951296806,
                "middle": 0.020218076184391975,
                "upper": 8.338756561279297,
                "gamma": 0.002593994140625
              }
            ],
            [
              [
                1,
                6,
                59
              ],
              {
                "baseline_epsilon": 1.8892250061035156,
                "injected_epsilon": 1.8890571594238281,
                "epsilon_diff": -0.0001678466796875,
                "abs_diff": 0.0001678466796875
              },
              {
                "lower1": 0.009249458089470863,
                "middle": 0.01804426498711109,
                "upper": 8.34196662902832,
                "gamma": 0.002315044403076172
              }
            ],
            [
              [
                1,
                6,
                57
              ],
              {
                "baseline_epsilon": 1.8736839294433594,
                "injected_epsilon": 1.8735160827636719,
                "epsilon_diff": -0.0001678466796875,
                "abs_diff": 0.0001678466796875
              },
              {
                "lower1": 0.006925299763679504,
                "middle": 0.013506893068552017,
                "upper": 8.342529296875,
                "gamma": 0.0017328262329101562
              }
            ],
            [
              [
                1,
                6,
                54
              ],
              {
                "baseline_epsilon": 1.8498611450195312,
                "injected_epsilon": 1.8496932983398438,
                "epsilon_diff": -0.0001678466796875,
                "abs_diff": 0.0001678466796875
              },
              {
                "lower1": 0.0033536190167069435,
                "middle": 0.00653837202116847,
                "upper": 8.338417053222656,
                "gamma": 0.0008387565612792969
              }
            ],
            [
              [
                1,
                6,
                63
              ],
              {
                "baseline_epsilon": 1.9200401306152344,
                "injected_epsilon": 1.9198760986328125,
                "epsilon_diff": -0.000164031982421875,
                "abs_diff": 0.000164031982421875
              },
              {
                "lower1": 0.011925986036658287,
                "middle": 0.023271478712558746,
                "upper": 8.335205078125,
                "gamma": 0.0029859542846679688
              }
            ],
            [
              [
                1,
                6,
                53
              ],
              {
                "baseline_epsilon": 1.8421707153320312,
                "injected_epsilon": 1.8420066833496094,
                "epsilon_diff": -0.000164031982421875,
                "abs_diff": 0.000164031982421875
              },
              {
                "lower1": 0.002200474962592125,
                "middle": 0.004289637319743633,
                "upper": 8.336034774780273,
                "gamma": 0.0005502700805664062
              }
            ],
            [
              [
                1,
                6,
                55
              ],
              {
                "baseline_epsilon": 1.8574562072753906,
                "injected_epsilon": 1.8572921752929688,
                "epsilon_diff": -0.000164031982421875,
                "abs_diff": 0.000164031982421875
              },
              {
                "lower1": 0.0044607059098780155,
                "middle": 0.008697808720171452,
                "upper": 8.337820053100586,
                "gamma": 0.0011157989501953125
              }
            ],
            [
              [
                1,
                6,
                49
              ],
              {
                "baseline_epsilon": 1.8155517578125,
                "injected_epsilon": 1.8153877258300781,
                "epsilon_diff": -0.000164031982421875,
                "abs_diff": 0.000164031982421875
              },
              {
                "lower1": 0.002438755240291357,
                "middle": 0.004754716996103525,
                "upper": 8.325416564941406,
                "gamma": 0.0006098747253417969
              }
            ],
            [
              [
                1,
                6,
                52
              ],
              {
                "baseline_epsilon": 1.8340110778808594,
                "injected_epsilon": 1.8338470458984375,
                "epsilon_diff": -0.000164031982421875,