{
  "exp_id": "gpt2_comprehensive_sweep_seed=42_injection_layers=[6]_injection_bit=30_injection_location=scores_injection_idx=(1, 6, 32, 1)",
  "run_id": 0,
  "timestamp": "2025-12-12T07:01:28.841357",
  "baseline_loss": 12.89038372039795,
  "injected_loss": 12.89028263092041,
  "loss_diff": -0.0001010894775390625,
  "bounds_valid": null,
  "violation_detected": false,
  "num_violations": 0,
  "violation_positions": [],
  "baseline_epsilon_stats": {
    "6": {
      "epsilon_mean": 7.864658355712891,
      "epsilon_std": 3.4537131786346436,
      "lower_mean": 0.852850615978241,
      "upper_mean": 17.020122528076172,
      "gamma_mean": 1.5244500637054443
    }
  },
  "injected_epsilon_stats": null,
  "injection_info": {
    "location": "scores",
    "idx": [
      1,
      6,
      32,
      1
    ],
    "bit": 30,
    "enabled": true,
    "multi_bit": false,
    "bit_list": null,
    "random_position": false,
    "injection_rate": 0.0
  },
  "extra_data": {
    "epsilon_analysis": [
      {
        "layer_idx": 6,
        "analysis": {
          "mean_diff": 2.049406430160161e-05,
          "std_diff": 0.0008032000041566789,
          "max_abs_diff": 0.0314788818359375,
          "top_changes": [
            [
              [
                1,
                6,
                32
              ],
              {
                "baseline_epsilon": 16.259742736816406,
                "injected_epsilon": 16.291221618652344,
                "epsilon_diff": 0.0314788818359375,
                "abs_diff": 0.0314788818359375
              },
              {
                "lower1": 1.9698028564453125,
                "middle": 12.349164962768555,
                "upper": 18.457042694091797,
                "gamma": 1.9114954471588135
              }
            ]
          ]
        }
      }
    ],
    "performance": {
      "time": {
        "total_time": 0.018935203552246094,
        "baseline_forward_time": 0.007312774658203125,
        "injection_forward_time": 0.0067975521087646484,
        "bounds_computation_time": 0.0007710456848144531,
        "violation_detection_time": 0.001458883285522461
      },
      "memory": {
        "peak_memory_allocated_mb": 1209.08349609375,
        "peak_memory_reserved_mb": 1786.0,
        "baseline_memory_mb": 1149.88671875,
        "injection_memory_mb": 1209.08349609375
      },
      "compute": {
        "num_attention_layers": 12,
        "num_attention_heads": 12,
        "sequence_length": 64,
        "batch_size": 2,
        "attention_flops": 0.0,
        "bounds_flops": 0.0
      },
      "extra": {}
    }
  }
}