{
  "exp_id": "gpt2_comprehensive_sweep_seed=3407_injection_layers=[0]_injection_bit=19_injection_location=scores_injection_idx=(1, 6, 32, 1)",
  "run_id": 0,
  "timestamp": "2025-10-14T18:13:22.163398",
  "baseline_loss": 13.588921546936035,
  "injected_loss": 13.588909149169922,
  "loss_diff": -1.239776611328125e-05,
  "bounds_valid": null,
  "violation_detected": false,
  "num_violations": 0,
  "violation_positions": [],
  "baseline_epsilon_stats": {
    "0": {
      "epsilon_mean": 4.467039108276367,
      "epsilon_std": 2.3451578617095947,
      "lower_mean": 0.39254388213157654,
      "upper_mean": 9.511073112487793,
      "gamma_mean": 0.164742574095726
    }
  },
  "injected_epsilon_stats": null,
  "injection_info": {
    "location": "scores",
    "idx": [
      1,
      6,
      32,
      1
    ],
    "bit": 19,
    "enabled": true,
    "multi_bit": false,
    "bit_list": null,
    "random_position": false,
    "injection_rate": 0.0
  },
  "extra_data": {
    "epsilon_analysis": [
      {
        "layer_idx": 0,
        "analysis": {
          "mean_diff": 6.14983355262666e-06,
          "std_diff": 0.00024102325551211834,
          "max_abs_diff": 0.009446144104003906,
          "top_changes": [
            [
              [
                1,
                6,
                32
              ],
              {
                "baseline_epsilon": 5.546673774719238,
                "injected_epsilon": 5.556119918823242,
                "epsilon_diff": 0.009446144104003906,
                "abs_diff": 0.009446144104003906
              },
              {
                "lower1": 0.4267100989818573,
                "middle": 0.872336208820343,
                "upper": 7.716122627258301,
                "gamma": 0.11306226253509521
              }
            ]
          ]
        }
      }
    ],
    "performance": {
      "time": {
        "total_time": 0.018201589584350586,
        "baseline_forward_time": 0.0069599151611328125,
        "injection_forward_time": 0.006521940231323242,
        "bounds_computation_time": 0.0007550716400146484,
        "violation_detection_time": 0.0014510154724121094
      },
      "memory": {
        "peak_memory_allocated_mb": 1168.03466796875,
        "peak_memory_reserved_mb": 1718.0,
        "baseline_memory_mb": 1108.837890625,
        "injection_memory_mb": 1168.03466796875
      },
      "compute": {
        "num_attention_layers": 12,
        "num_attention_heads": 12,
        "sequence_length": 64,
        "batch_size": 2,
        "attention_flops": 0.0,
        "bounds_flops": 0.0
      },
      "extra": {}
    }
  }
}