{
  "exp_id": "gpt2_comprehensive_sweep_seed=0_injection_layers=[9]_injection_bit=31_injection_location=q_injection_idx=(1, 9, 31, 62)",
  "run_id": 0,
  "timestamp": "2025-10-14T18:21:21.926994",
  "baseline_loss": 13.721664428710938,
  "injected_loss": 13.721364974975586,
  "loss_diff": -0.0002994537353515625,
  "bounds_valid": null,
  "violation_detected": false,
  "num_violations": 0,
  "violation_positions": [],
  "baseline_epsilon_stats": {
    "9": {
      "epsilon_mean": 10.922141075134277,
      "epsilon_std": 4.307835578918457,
      "lower_mean": 1.0468783378601074,
      "upper_mean": 16.82538414001465,
      "gamma_mean": 2.1429390907287598
    }
  },
  "injected_epsilon_stats": null,
  "injection_info": {
    "location": "q",
    "idx": [
      1,
      9,
      31,
      62
    ],
    "bit": 31,
    "enabled": true,
    "multi_bit": false,
    "bit_list": null,
    "random_position": false,
    "injection_rate": 0.0
  },
  "extra_data": {
    "epsilon_analysis": [
      {
        "layer_idx": 9,
        "analysis": {
          "mean_diff": 0.0018523260951042175,
          "std_diff": 0.07259605824947357,
          "max_abs_diff": 2.845172882080078,
          "top_changes": [
            [
              [
                1,
                9,
                31
              ],
              {
                "baseline_epsilon": 7.607141494750977,
                "injected_epsilon": 10.452314376831055,
                "epsilon_diff": 2.845172882080078,
                "abs_diff": 2.845172882080078
              },
              {
                "lower1": 0.2499638944864273,
                "middle": 6.947305202484131,
                "upper": 11.404180526733398,
                "gamma": 5.08626127243042
              }
            ]
          ]
        }
      }
    ],
    "performance": {
      "time": {
        "total_time": 0.01859593391418457,
        "baseline_forward_time": 0.0070612430572509766,
        "injection_forward_time": 0.006676435470581055,
        "bounds_computation_time": 0.0007727146148681641,
        "violation_detection_time": 0.0014791488647460938
      },
      "memory": {
        "peak_memory_allocated_mb": 1228.10791015625,
        "peak_memory_reserved_mb": 1632.0,
        "baseline_memory_mb": 1168.9111328125,
        "injection_memory_mb": 1228.10791015625
      },
      "compute": {
        "num_attention_layers": 12,
        "num_attention_heads": 12,
        "sequence_length": 64,
        "batch_size": 2,
        "attention_flops": 0.0,
        "bounds_flops": 0.0
      },
      "extra": {}
    }
  }
}