{
  "exp_id": "gpt2_comprehensive_sweep_seed=123_injection_layers=[3]_injection_bit=25_injection_location=scores_injection_idx=(0, 0, 10, 20)",
  "num_runs": 1,
  "timestamp": "2025-10-14T18:28:03.663188",
  "baseline_loss": {
    "mean": 8.997108459472656,
    "std": 0.0,
    "min": 8.997108459472656,
    "max": 8.997108459472656
  },
  "injected_loss": {
    "mean": 8.997044563293457,
    "std": 0.0,
    "min": 8.997044563293457,
    "max": 8.997044563293457
  },
  "loss_diff": {
    "mean": -6.389617919921875e-05,
    "std": 0.0,
    "min": -6.389617919921875e-05,
    "max": -6.389617919921875e-05
  },
  "violation_detection": {
    "detection_rate": 0.0,
    "total_violations": 0,
    "avg_violations_per_run": 0.0
  }
}