{
  "exp_id": "gpt2_comprehensive_sweep_seed=123_injection_layers=[9]_injection_bit=25_injection_location=k_injection_idx=(1, 9, 31, 62)",
  "num_runs": 1,
  "timestamp": "2025-12-12T07:03:16.060450",
  "baseline_loss": {
    "mean": 13.721663475036621,
    "std": 0.0,
    "min": 13.721663475036621,
    "max": 13.721663475036621
  },
  "injected_loss": {
    "mean": 13.722037315368652,
    "std": 0.0,
    "min": 13.722037315368652,
    "max": 13.722037315368652
  },
  "loss_diff": {
    "mean": 0.00037384033203125,
    "std": 0.0,
    "min": 0.00037384033203125,
    "max": 0.00037384033203125
  },
  "violation_detection": {
    "detection_rate": 1.0,
    "total_violations": 1,
    "avg_violations_per_run": 1.0
  }
}