{
  "exp_id": "gpt2_comprehensive_sweep_seed=3407_injection_layers=[6]_injection_bit=27_injection_location=weights_injection_idx=(0, 3, 53, 43)",
  "run_id": 0,
  "timestamp": "2025-10-14T18:16:19.018530",
  "baseline_loss": 8.564263343811035,
  "injected_loss": 8.564226150512695,
  "loss_diff": -3.719329833984375e-05,
  "bounds_valid": null,
  "violation_detected": false,
  "num_violations": 0,
  "violation_positions": [],
  "baseline_epsilon_stats": {
    "6": {
      "epsilon_mean": 5.956024169921875,
      "epsilon_std": 4.427911758422852,
      "lower_mean": 0.5316863656044006,
      "upper_mean": 7.960529327392578,
      "gamma_mean": 0.18503431975841522
    }
  },
  "injected_epsilon_stats": null,
  "injection_info": {
    "location": "weights",
    "idx": [
      0,
      3,
      53,
      43
    ],
    "bit": 27,
    "enabled": true,
    "multi_bit": false,
    "bit_list": null,
    "random_position": false,
    "injection_rate": 0.0
  },
  "extra_data": {
    "epsilon_analysis": [
      {
        "layer_idx": 6,
        "analysis": {
          "mean_diff": 3.774091601371765e-05,
          "std_diff": 0.0014791358262300491,
          "max_abs_diff": 0.05797004699707031,
          "top_changes": [
            [
              [
                0,
                3,
                53
              ],
              {
                "baseline_epsilon": 1.8343658447265625,
                "injected_epsilon": 1.8923358917236328,
                "epsilon_diff": 0.05797004699707031,
                "abs_diff": 0.05797004699707031
              },
              {
                "lower1": 0.02341434545814991,
                "middle": 0.046029046177864075,
                "upper": 2.09439754486084,
                "gamma": 0.005870819091796875
              }
            ]
          ]
        }
      }
    ],
    "performance": {
      "time": {
        "total_time": 0.017122507095336914,
        "baseline_forward_time": 0.006404399871826172,
        "injection_forward_time": 0.005758762359619141,
        "bounds_computation_time": 0.0007889270782470703,
        "violation_detection_time": 0.001470804214477539
      },
      "memory": {
        "peak_memory_allocated_mb": 1077.9248046875,
        "peak_memory_reserved_mb": 1718.0,
        "baseline_memory_mb": 1018.72802734375,
        "injection_memory_mb": 1077.9248046875
      },
      "compute": {
        "num_attention_layers": 12,
        "num_attention_heads": 12,
        "sequence_length": 64,
        "batch_size": 2,
        "attention_flops": 0.0,
        "bounds_flops": 0.0
      },
      "extra": {}
    }
  }
}