{
  "exp_id": "gpt2_comprehensive_sweep_seed=123_injection_layers=[6]_injection_bit=26_injection_location=scores_injection_idx=(1, 9, 31, 62)",
  "run_id": 0,
  "timestamp": "2025-12-12T07:11:05.928933",
  "baseline_loss": 8.564264297485352,
  "injected_loss": 8.564276695251465,
  "loss_diff": 1.239776611328125e-05,
  "bounds_valid": null,
  "violation_detected": false,
  "num_violations": 0,
  "violation_positions": [],
  "baseline_epsilon_stats": {
    "6": {
      "epsilon_mean": 5.956024169921875,
      "epsilon_std": 4.427911758422852,
      "lower_mean": 0.5316863656044006,
      "upper_mean": 7.960529327392578,
      "gamma_mean": 0.18503431975841522
    }
  },
  "injected_epsilon_stats": null,
  "injection_info": {
    "location": "scores",
    "idx": [
      1,
      9,
      31,
      62
    ],
    "bit": 26,
    "enabled": true,
    "multi_bit": false,
    "bit_list": null,
    "random_position": false,
    "injection_rate": 0.0
  },
  "extra_data": {
    "epsilon_analysis": [
      {
        "layer_idx": 6,
        "analysis": {
          "mean_diff": 5.9825368225574493e-05,
          "std_diff": 0.002344666048884392,
          "max_abs_diff": 0.09189176559448242,
          "top_changes": [
            [
              [
                1,
                9,
                31
              ],
              {
                "baseline_epsilon": 7.418415546417236,
                "injected_epsilon": 7.510307312011719,
                "epsilon_diff": 0.09189176559448242,
                "abs_diff": 0.09189176559448242
              },
              {
                "lower1": 1.8620437383651733,
                "middle": 5.369678020477295,
                "upper": 9.679186820983887,
                "gamma": 0.7027654647827148
              }
            ]
          ]
        }
      }
    ],
    "performance": {
      "time": {
        "total_time": 0.018507719039916992,
        "baseline_forward_time": 0.007166624069213867,
        "injection_forward_time": 0.0065746307373046875,
        "bounds_computation_time": 0.0007503032684326172,
        "violation_detection_time": 0.0014519691467285156
      },
      "memory": {
        "peak_memory_allocated_mb": 1139.748046875,
        "peak_memory_reserved_mb": 1830.0,
        "baseline_memory_mb": 1080.55126953125,
        "injection_memory_mb": 1139.748046875
      },
      "compute": {
        "num_attention_layers": 12,
        "num_attention_heads": 12,
        "sequence_length": 64,
        "batch_size": 2,
        "attention_flops": 0.0,
        "bounds_flops": 0.0
      },
      "extra": {}
    }
  }
}