{
  "exp_id": "gpt2_comprehensive_sweep_seed=123_injection_layers=[6]_injection_bit=23_injection_location=q_injection_idx=(1, 9, 31, 62)",
  "run_id": 0,
  "timestamp": "2025-10-14T17:46:19.246277",
  "baseline_loss": 8.564263343811035,
  "injected_loss": 8.564260482788086,
  "loss_diff": -2.86102294921875e-06,
  "bounds_valid": null,
  "violation_detected": false,
  "num_violations": 0,
  "violation_positions": [],
  "baseline_epsilon_stats": {
    "6": {
      "epsilon_mean": 5.956024169921875,
      "epsilon_std": 4.427911758422852,
      "lower_mean": 0.5316863656044006,
      "upper_mean": 7.960529327392578,
      "gamma_mean": 0.18503431975841522
    }
  },
  "injected_epsilon_stats": null,
  "injection_info": {
    "location": "q",
    "idx": [
      1,
      9,
      31,
      62
    ],
    "bit": 23,
    "enabled": true,
    "multi_bit": false,
    "bit_list": null,
    "random_position": false,
    "injection_rate": 0.0
  },
  "extra_data": {
    "epsilon_analysis": [
      {
        "layer_idx": 6,
        "analysis": {
          "mean_diff": 7.310013461392373e-05,
          "std_diff": 0.0028649282176047564,
          "max_abs_diff": 0.11228179931640625,
          "top_changes": [
            [
              [
                1,
                9,
                31
              ],
              {
                "baseline_epsilon": 7.418415546417236,
                "injected_epsilon": 7.530697345733643,
                "epsilon_diff": 0.11228179931640625,
                "abs_diff": 0.11228179931640625
              },
              {
                "lower1": 1.8620437383651733,
                "middle": 5.369678020477295,
                "upper": 9.679186820983887,
                "gamma": 0.7027654647827148
              }
            ]
          ]
        }
      }
    ],
    "performance": {
      "time": {
        "total_time": 0.018304109573364258,
        "baseline_forward_time": 0.0070035457611083984,
        "injection_forward_time": 0.006552934646606445,
        "bounds_computation_time": 0.0007715225219726562,
        "violation_detection_time": 0.0014417171478271484
      },
      "memory": {
        "peak_memory_allocated_mb": 1117.9736328125,
        "peak_memory_reserved_mb": 1676.0,
        "baseline_memory_mb": 1058.77685546875,
        "injection_memory_mb": 1117.9736328125
      },
      "compute": {
        "num_attention_layers": 12,
        "num_attention_heads": 12,
        "sequence_length": 64,
        "batch_size": 2,
        "attention_flops": 0.0,
        "bounds_flops": 0.0
      },
      "extra": {}
    }
  }
}