{
  "exp_id": "gpt2_comprehensive_sweep_seed=42_injection_layers=[9]_injection_bit=23_injection_location=scores_injection_idx=(0, 3, 53, 43)",
  "run_id": 0,
  "timestamp": "2025-10-14T18:15:37.531018",
  "baseline_loss": 8.462053298950195,
  "injected_loss": 8.462064743041992,
  "loss_diff": 1.1444091796875e-05,
  "bounds_valid": null,
  "violation_detected": true,
  "num_violations": 1,
  "violation_positions": [
    [
      9,
      [
        0,
        3,
        53
      ]
    ]
  ],
  "baseline_epsilon_stats": {
    "9": {
      "epsilon_mean": 6.7392191886901855,
      "epsilon_std": 4.8921427726745605,
      "lower_mean": 0.5418864488601685,
      "upper_mean": 9.379467010498047,
      "gamma_mean": 0.2731764018535614
    }
  },
  "injected_epsilon_stats": null,
  "injection_info": {
    "location": "scores",
    "idx": [
      0,
      3,
      53,
      43
    ],
    "bit": 23,
    "enabled": true,
    "multi_bit": false,
    "bit_list": null,
    "random_position": false,
    "injection_rate": 0.0
  },
  "extra_data": {
    "epsilon_analysis": [
      {
        "layer_idx": 9,
        "analysis": {
          "mean_diff": 0.005052975378930569,
          "std_diff": 0.1980353742837906,
          "max_abs_diff": 7.761369705200195,
          "top_changes": [
            [
              [
                0,
                3,
                53
              ],
              {
                "baseline_epsilon": 4.871707916259766,
                "injected_epsilon": 12.633077621459961,
                "epsilon_diff": 7.761369705200195,
                "abs_diff": 7.761369705200195
              },
              {
                "lower1": 0.05262203514575958,
                "middle": 0.10264153778553009,
                "upper": 6.365589141845703,
                "gamma": 0.01324319839477539
              }
            ]
          ]
        }
      }
    ],
    "performance": {
      "time": {
        "total_time": 0.01836705207824707,
        "baseline_forward_time": 0.007139444351196289,
        "injection_forward_time": 0.0063762664794921875,
        "bounds_computation_time": 0.0007503032684326172,
        "violation_detection_time": 0.0015344619750976562
      },
      "memory": {
        "peak_memory_allocated_mb": 1278.9189453125,
        "peak_memory_reserved_mb": 1718.0,
        "baseline_memory_mb": 1219.72216796875,
        "injection_memory_mb": 1278.9189453125
      },
      "compute": {
        "num_attention_layers": 12,
        "num_attention_heads": 12,
        "sequence_length": 64,
        "batch_size": 2,
        "attention_flops": 0.0,
        "bounds_flops": 0.0
      },
      "extra": {}
    }
  }
}