{
  "exp_id": "gpt2_comprehensive_sweep_seed=0_injection_layers=[3]_injection_bit=7_injection_location=k_injection_idx=(0, 3, 53, 43)",
  "num_runs": 1,
  "timestamp": "2025-10-14T18:31:20.847537",
  "baseline_loss": {
    "mean": 7.881114482879639,
    "std": 0.0,
    "min": 7.881114482879639,
    "max": 7.881114482879639
  },
  "injected_loss": {
    "mean": 7.881115436553955,
    "std": 0.0,
    "min": 7.881115436553955,
    "max": 7.881115436553955
  },
  "loss_diff": {
    "mean": 9.5367431640625e-07,
    "std": 0.0,
    "min": 9.5367431640625e-07,
    "max": 9.5367431640625e-07
  },
  "violation_detection": {
    "detection_rate": 0.0,
    "total_violations": 0,
    "avg_violations_per_run": 0.0
  }
}