{
  "exp_id": "gpt2_comprehensive_sweep_seed=3407_injection_layers=[6]_injection_bit=31_injection_location=weights_injection_idx=(0, 3, 53, 43)",
  "num_runs": 1,
  "timestamp": "2025-12-12T07:22:19.262475",
  "baseline_loss": {
    "mean": 8.564264297485352,
    "std": 0.0,
    "min": 8.564264297485352,
    "max": 8.564264297485352
  },
  "injected_loss": {
    "mean": 8.564190864562988,
    "std": 0.0,
    "min": 8.564190864562988,
    "max": 8.564190864562988
  },
  "loss_diff": {
    "mean": -7.343292236328125e-05,
    "std": 0.0,
    "min": -7.343292236328125e-05,
    "max": -7.343292236328125e-05
  },
  "violation_detection": {
    "detection_rate": 0.0,
    "total_violations": 0,
    "avg_violations_per_run": 0.0
  }
}