{
  "exp_id": "gpt2_comprehensive_sweep_seed=123_injection_layers=[3]_injection_bit=20_injection_location=k_injection_idx=(0, 0, 10, 20)",
  "run_id": 0,
  "timestamp": "2025-12-12T07:02:29.733210",
  "baseline_loss": 13.791720390319824,
  "injected_loss": 13.791720390319824,
  "loss_diff": 0.0,
  "bounds_valid": null,
  "violation_detected": false,
  "num_violations": 0,
  "violation_positions": [],
  "baseline_epsilon_stats": {
    "3": {
      "epsilon_mean": 6.302740097045898,
      "epsilon_std": 2.23594331741333,
      "lower_mean": 0.9555976390838623,
      "upper_mean": 17.05971336364746,
      "gamma_mean": 1.0718344449996948
    }
  },
  "injected_epsilon_stats": null,
  "injection_info": {
    "location": "k",
    "idx": [
      0,
      0,
      10,
      20
    ],
    "bit": 20,
    "enabled": true,
    "multi_bit": false,
    "bit_list": null,
    "random_position": false,
    "injection_rate": 0.0
  },
  "extra_data": {
    "epsilon_analysis": [
      {
        "layer_idx": 3,
        "analysis": {
          "mean_diff": 1.210719347000122e-07,
          "std_diff": 1.1239949344599154e-06,
          "max_abs_diff": 1.430511474609375e-05,
          "top_changes": [
            [
              [
                0,
                0,
                0
              ],
              {
                "baseline_epsilon": 11.564088821411133,
                "injected_epsilon": 11.564074516296387,
                "epsilon_diff": -1.430511474609375e-05,
                "abs_diff": 1.430511474609375e-05
              },
              {
                "lower1": 2.2121572494506836,
                "middle": 10.538558959960938,
                "upper": 12.258696556091309,
                "gamma": 1.416372537612915
              }
            ],
            [
              [
                0,
                0,
                1
              ],
              {
                "baseline_epsilon": 3.6124038696289062,
                "injected_epsilon": 3.612417221069336,
                "epsilon_diff": 1.33514404296875e-05,
                "abs_diff": 1.33514404296875e-05
              },
              {
                "lower1": 0.143436998128891,
                "middle": 3.118715286254883,
                "upper": 7.577021598815918,
                "gamma": 5.7710418701171875
              }
            ],
            [
              [
                0,
                0,
                3
              ],
              {
                "baseline_epsilon": 8.447721481323242,
                "injected_epsilon": 8.447732925415039,
                "epsilon_diff": 1.1444091796875e-05,
                "abs_diff": 1.1444091796875e-05
              },
              {
                "lower1": 0.2165144979953766,
                "middle": 7.982656002044678,
                "upper": 10.344059944152832,
                "gamma": 5.2655768394470215
              }
            ],
            [
              [
                0,
                0,
                8
              ],
              {
                "baseline_epsilon": 6.657920837402344,
                "injected_epsilon": 6.657932281494141,
                "epsilon_diff": 1.1444091796875e-05,
                "abs_diff": 1.1444091796875e-05
              },
              {
                "lower1": 0.1603497415781021,
                "middle": 6.322927474975586,
                "upper": 8.276819229125977,
                "gamma": 5.6353325843811035
              }
            ],
            [
              [
                0,
                0,
                11
              ],
              {
                "baseline_epsilon": 4.398658752441406,
                "injected_epsilon": 4.398670196533203,
                "epsilon_diff": 1.1444091796875e-05,
                "abs_diff": 1.1444091796875e-05
              },
              {
                "lower1": 0.09975079447031021,
                "middle": 4.199347972869873,
                "upper": 5.5884318351745605,
                "gamma": 6.2084174156188965
              }
            ],
            [
              [
                0,
                0,
                33
              ],
              {
                "baseline_epsilon": 0.5311088562011719,
                "injected_epsilon": 0.5311203002929688,
                "epsilon_diff": 1.1444091796875e-05,
                "abs_diff": 1.1444091796875e-05
              },
              {
                "lower1": 0.010436715558171272,
                "middle": 0.5183031558990479,
                "upper": 0.6515372395515442,
                "gamma": 8.81857967376709
              }
            ],
            [
              [
                0,
                0,
                6
              ],
              {
                "baseline_epsilon": 8.000957489013672,
                "injected_epsilon": 8.000968933105469,
                "epsilon_diff": 1.1444091796875e-05,
                "abs_diff": 1.1444091796875e-05
              },
              {
                "lower1": 0.19944199919700623,
                "middle": 7.585751056671143,
                "upper": 9.755487442016602,
                "gamma": 5.367352485656738
              }
            ],
            [
              [
                0,
                0,
                4
              ],
              {
                "baseline_epsilon": 8.735538482666016,
                "injected_epsilon": 8.735549926757812,
                "epsilon_diff": 1.1444091796875e-05,
                "abs_diff": 1.1444091796875e-05
              },
              {
                "lower1": 0.2192826122045517,
                "middle": 8.304180145263672,
                "upper": 10.436381340026855,
                "gamma": 5.249788284301758
              }
            ],
            [
              [
                0,
                0,
                5
              ],
              {
                "baseline_epsilon": 8.516294479370117,
                "injected_epsilon": 8.516304016113281,
                "epsilon_diff": 9.5367431640625e-06,
                "abs_diff": 9.5367431640625e-06
              },
              {
                "lower1": 0.21441127359867096,
                "middle": 8.07823657989502,
                "upper": 10.27334213256836,
                "gamma": 5.277699947357178
              }
            ],
            [
              [
                0,
                0,
                2
              ],
              {
                "baseline_epsilon": 7.43226432800293,
                "injected_epsilon": 7.432273864746094,
                "epsilon_diff": 9.5367431640625e-06,
                "abs_diff": 9.5367431640625e-06
              },
              {
                "lower1": 0.2223006635904312,
                "middle": 6.755624771118164,
                "upper": 10.536070823669434,
                "gamma": 5.232785224914551
              }
            ],
            [
              [
                0,
                0,
                53
              ],
              {
                "baseline_epsilon": 0.318572998046875,
                "injected_epsilon": 0.31858062744140625,
                "epsilon_diff": 7.62939453125e-06,
                "abs_diff": 7.62939453125e-06
              },
              {
                "lower1": 0.006060867570340633,
                "middle": 0.312795490026474,
                "upper": 0.3799419403076172,
                "gamma": 9.429059982299805
              }
            ],
            [
              [
                0,
                0,
                56
              ],
              {
                "baseline_epsilon": 0.30649566650390625,
                "injected_epsilon": 0.3065032958984375,
                "epsilon_diff": 7.62939453125e-06,
                "abs_diff": 7.62939453125e-06
              },
              {
                "lower1": 0.00598203344270587,
                "middle": 0.30014127492904663,