{
  "exp_id": "gpt2_comprehensive_sweep_seed=123_injection_layers=[0]_injection_bit=20_injection_location=q_injection_idx=(0, 3, 53, 43)",
  "run_id": 0,
  "timestamp": "2025-12-12T07:02:06.219556",
  "baseline_loss": 13.588921546936035,
  "injected_loss": 13.588921546936035,
  "loss_diff": 0.0,
  "bounds_valid": null,
  "violation_detected": false,
  "num_violations": 0,
  "violation_positions": [],
  "baseline_epsilon_stats": {
    "0": {
      "epsilon_mean": 4.467039108276367,
      "epsilon_std": 2.3451578617095947,
      "lower_mean": 0.39254388213157654,
      "upper_mean": 9.511073112487793,
      "gamma_mean": 0.164742574095726
    }
  },
  "injected_epsilon_stats": null,
  "injection_info": {
    "location": "q",
    "idx": [
      0,
      3,
      53,
      43
    ],
    "bit": 20,
    "enabled": true,
    "multi_bit": false,
    "bit_list": null,
    "random_position": false,
    "injection_rate": 0.0
  },
  "extra_data": {
    "epsilon_analysis": [
      {
        "layer_idx": 0,
        "analysis": {
          "mean_diff": -3.129243850708008e-07,
          "std_diff": 1.226408130605705e-05,
          "max_abs_diff": 0.00048065185546875,
          "top_changes": [
            [
              [
                0,
                3,
                53
              ],
              {
                "baseline_epsilon": 5.989776611328125,
                "injected_epsilon": 5.989295959472656,
                "epsilon_diff": -0.00048065185546875,
                "abs_diff": 0.00048065185546875
              },
              {
                "lower1": 1.3165313005447388,
                "middle": 2.081888437271118,
                "upper": 18.457042694091797,
                "gamma": 0.4133768081665039
              }
            ]
          ]
        }
      }
    ],
    "performance": {
      "time": {
        "total_time": 0.018735885620117188,
        "baseline_forward_time": 0.007257699966430664,
        "injection_forward_time": 0.006620168685913086,
        "bounds_computation_time": 0.0007872581481933594,
        "violation_detection_time": 0.0014560222625732422
      },
      "memory": {
        "peak_memory_allocated_mb": 1639.6083984375,
        "peak_memory_reserved_mb": 1830.0,
        "baseline_memory_mb": 1580.41162109375,
        "injection_memory_mb": 1639.6083984375
      },
      "compute": {
        "num_attention_layers": 12,
        "num_attention_heads": 12,
        "sequence_length": 64,
        "batch_size": 2,
        "attention_flops": 0.0,
        "bounds_flops": 0.0
      },
      "extra": {}
    }
  }
}