{
  "exp_id": "gpt2_comprehensive_sweep_seed=42_injection_layers=[6]_injection_bit=15_injection_location=q_injection_idx=(1, 6, 32, 1)",
  "run_id": 0,
  "timestamp": "2025-10-14T18:31:38.475426",
  "baseline_loss": 8.242022514343262,
  "injected_loss": 8.242024421691895,
  "loss_diff": 1.9073486328125e-06,
  "bounds_valid": null,
  "violation_detected": false,
  "num_violations": 0,
  "violation_positions": [],
  "baseline_epsilon_stats": {
    "6": {
      "epsilon_mean": 6.548065185546875,
      "epsilon_std": 3.726759433746338,
      "lower_mean": 0.3866293430328369,
      "upper_mean": 13.199361801147461,
      "gamma_mean": 0.11128012835979462
    }
  },
  "injected_epsilon_stats": null,
  "injection_info": {
    "location": "q",
    "idx": [
      1,
      6,
      32,
      1
    ],
    "bit": 15,
    "enabled": true,
    "multi_bit": false,
    "bit_list": null,
    "random_position": false,
    "injection_rate": 0.0
  },
  "extra_data": {
    "epsilon_analysis": [
      {
        "layer_idx": 6,
        "analysis": {
          "mean_diff": 6.767611182567634e-08,
          "std_diff": 2.6523507585807238e-06,
          "max_abs_diff": 0.00010395050048828125,
          "top_changes": [
            [
              [
                1,
                6,
                32
              ],
              {
                "baseline_epsilon": 13.3866605758667,
                "injected_epsilon": 13.386764526367188,
                "epsilon_diff": 0.00010395050048828125,
                "abs_diff": 0.00010395050048828125
              },
              {
                "lower1": 0.3145718574523926,
                "middle": 0.5732594132423401,
                "upper": 18.457042694091797,
                "gamma": 0.08200335502624512
              }
            ]
          ]
        }
      }
    ],
    "performance": {
      "time": {
        "total_time": 0.02176380157470703,
        "baseline_forward_time": 0.00816488265991211,
        "injection_forward_time": 0.008419275283813477,
        "bounds_computation_time": 0.0008571147918701172,
        "violation_detection_time": 0.001583099365234375
      },
      "memory": {
        "peak_memory_allocated_mb": 1378.291015625,
        "peak_memory_reserved_mb": 1676.0,
        "baseline_memory_mb": 1319.09423828125,
        "injection_memory_mb": 1378.291015625
      },
      "compute": {
        "num_attention_layers": 12,
        "num_attention_heads": 12,
        "sequence_length": 64,
        "batch_size": 2,
        "attention_flops": 0.0,
        "bounds_flops": 0.0
      },
      "extra": {}
    }
  }
}