{
  "exp_id": "gpt2_comprehensive_sweep_seed=0_injection_layers=[3]_injection_bit=20_injection_location=weights_injection_idx=(0, 0, 10, 20)",
  "run_id": 0,
  "timestamp": "2025-12-12T07:07:14.252758",
  "baseline_loss": 8.997109413146973,
  "injected_loss": 8.997132301330566,
  "loss_diff": 2.288818359375e-05,
  "bounds_valid": null,
  "violation_detected": false,
  "num_violations": 0,
  "violation_positions": [],
  "baseline_epsilon_stats": {
    "3": {
      "epsilon_mean": 4.6995015144348145,
      "epsilon_std": 4.219686031341553,
      "lower_mean": 0.4203936457633972,
      "upper_mean": 5.6145782470703125,
      "gamma_mean": 0.16137349605560303
    }
  },
  "injected_epsilon_stats": null,
  "injection_info": {
    "location": "weights",
    "idx": [
      0,
      0,
      10,
      20
    ],
    "bit": 20,
    "enabled": true,
    "multi_bit": false,
    "bit_list": null,
    "random_position": false,
    "injection_rate": 0.0
  },
  "extra_data": {
    "epsilon_analysis": [
      {
        "layer_idx": 3,
        "analysis": {
          "mean_diff": -3.750125642909552e-06,
          "std_diff": 0.00014697431470267475,
          "max_abs_diff": 0.00576019287109375,
          "top_changes": [
            [
              [
                0,
                0,
                10
              ],
              {
                "baseline_epsilon": 8.368999481201172,
                "injected_epsilon": 8.363239288330078,
                "epsilon_diff": -0.00576019287109375,
                "abs_diff": 0.00576019287109375
              },
              {
                "lower1": 0.2089780569076538,
                "middle": 0.40849027037620544,
                "upper": 9.748132705688477,
                "gamma": 0.05368521809577942
              }
            ]
          ]
        }
      }
    ],
    "performance": {
      "time": {
        "total_time": 0.018614768981933594,
        "baseline_forward_time": 0.007053852081298828,
        "injection_forward_time": 0.00673985481262207,
        "bounds_computation_time": 0.0007476806640625,
        "violation_detection_time": 0.0014417171478271484
      },
      "memory": {
        "peak_memory_allocated_mb": 1289.18115234375,
        "peak_memory_reserved_mb": 1720.0,
        "baseline_memory_mb": 1229.984375,
        "injection_memory_mb": 1289.18115234375
      },
      "compute": {
        "num_attention_layers": 12,
        "num_attention_heads": 12,
        "sequence_length": 64,
        "batch_size": 2,
        "attention_flops": 0.0,
        "bounds_flops": 0.0
      },
      "extra": {}
    }
  }
}