{
  "exp_id": "gpt2_comprehensive_sweep_seed=0_injection_layers=[0]_injection_bit=24_injection_location=weights_injection_idx=(0, 0, 10, 20)",
  "num_runs": 1,
  "timestamp": "2025-10-14T18:21:00.054643",
  "baseline_loss": {
    "mean": 13.588921546936035,
    "std": 0.0,
    "min": 13.588921546936035,
    "max": 13.588921546936035
  },
  "injected_loss": {
    "mean": 13.58875560760498,
    "std": 0.0,
    "min": 13.58875560760498,
    "max": 13.58875560760498
  },
  "loss_diff": {
    "mean": -0.0001659393310546875,
    "std": 0.0,
    "min": -0.0001659393310546875,
    "max": -0.0001659393310546875
  },
  "violation_detection": {
    "detection_rate": 0.0,
    "total_violations": 0,
    "avg_violations_per_run": 0.0
  }
}