{
  "exp_id": "gpt2_comprehensive_sweep_seed=3407_injection_layers=[0]_injection_bit=28_injection_location=scores_injection_idx=(1, 6, 32, 1)",
  "num_runs": 1,
  "timestamp": "2025-12-12T07:03:41.476262",
  "baseline_loss": {
    "mean": 13.588921546936035,
    "std": 0.0,
    "min": 13.588921546936035,
    "max": 13.588921546936035
  },
  "injected_loss": {
    "mean": 13.589693069458008,
    "std": 0.0,
    "min": 13.589693069458008,
    "max": 13.589693069458008
  },
  "loss_diff": {
    "mean": 0.0007715225219726562,
    "std": 0.0,
    "min": 0.0007715225219726562,
    "max": 0.0007715225219726562
  },
  "violation_detection": {
    "detection_rate": 1.0,
    "total_violations": 1,
    "avg_violations_per_run": 1.0
  }
}