{
  "exp_id": "gpt2_comprehensive_sweep_seed=0_injection_layers=[9]_injection_bit=25_injection_location=q_injection_idx=(1, 9, 31, 62)",
  "num_runs": 1,
  "timestamp": "2025-10-14T18:21:17.961647",
  "baseline_loss": {
    "mean": 13.721664428710938,
    "std": 0.0,
    "min": 13.721664428710938,
    "max": 13.721664428710938
  },
  "injected_loss": {
    "mean": 13.721536636352539,
    "std": 0.0,
    "min": 13.721536636352539,
    "max": 13.721536636352539
  },
  "loss_diff": {
    "mean": -0.0001277923583984375,
    "std": 0.0,
    "min": -0.0001277923583984375,
    "max": -0.0001277923583984375
  },
  "violation_detection": {
    "detection_rate": 0.0,
    "total_violations": 0,
    "avg_violations_per_run": 0.0
  }
}