{
  "exp_id": "gpt2_comprehensive_sweep_seed=123_injection_layers=[0]_injection_bit=15_injection_location=weights_injection_idx=(1, 6, 32, 1)",
  "run_id": 0,
  "timestamp": "2025-12-12T07:09:57.010459",
  "baseline_loss": 10.275479316711426,
  "injected_loss": 10.27547836303711,
  "loss_diff": -9.5367431640625e-07,
  "bounds_valid": null,
  "violation_detected": false,
  "num_violations": 0,
  "violation_positions": [],
  "baseline_epsilon_stats": {
    "0": {
      "epsilon_mean": 1.9825315475463867,
      "epsilon_std": 1.6013407707214355,
      "lower_mean": 0.3287202715873718,
      "upper_mean": 2.0460193157196045,
      "gamma_mean": 0.0896625965833664
    }
  },
  "injected_epsilon_stats": null,
  "injection_info": {
    "location": "weights",
    "idx": [
      1,
      6,
      32,
      1
    ],
    "bit": 15,
    "enabled": true,
    "multi_bit": false,
    "bit_list": null,
    "random_position": false,
    "injection_rate": 0.0
  },
  "extra_data": {
    "epsilon_analysis": [
      {
        "layer_idx": 0,
        "analysis": {
          "mean_diff": 1.1175870895385742e-08,
          "std_diff": 4.380028997275076e-07,
          "max_abs_diff": 1.71661376953125e-05,
          "top_changes": [
            [
              [
                1,
                6,
                32
              ],
              {
                "baseline_epsilon": 2.860581398010254,
                "injected_epsilon": 2.860598564147949,
                "epsilon_diff": 1.71661376953125e-05,
                "abs_diff": 1.71661376953125e-05
              },
              {
                "lower1": 0.42157915234565735,
                "middle": 0.8729342818260193,
                "upper": 2.9041638374328613,
                "gamma": 0.1116175651550293
              }
            ]
          ]
        }
      }
    ],
    "performance": {
      "time": {
        "total_time": 0.018566131591796875,
        "baseline_forward_time": 0.007111549377441406,
        "injection_forward_time": 0.006664276123046875,
        "bounds_computation_time": 0.0007352828979492188,
        "violation_detection_time": 0.0014295578002929688
      },
      "memory": {
        "peak_memory_allocated_mb": 1289.18115234375,
        "peak_memory_reserved_mb": 1830.0,
        "baseline_memory_mb": 1229.984375,
        "injection_memory_mb": 1289.18115234375
      },
      "compute": {
        "num_attention_layers": 12,
        "num_attention_heads": 12,
        "sequence_length": 64,
        "batch_size": 2,
        "attention_flops": 0.0,
        "bounds_flops": 0.0
      },
      "extra": {}
    }
  }
}