{
  "exp_id": "gpt2_comprehensive_sweep_seed=3407_injection_layers=[6]_injection_bit=25_injection_location=weights_injection_idx=(1, 9, 31, 62)",
  "num_runs": 1,
  "timestamp": "2025-12-12T07:22:13.831510",
  "baseline_loss": {
    "mean": 8.564264297485352,
    "std": 0.0,
    "min": 8.564264297485352,
    "max": 8.564264297485352
  },
  "injected_loss": {
    "mean": 8.563267707824707,
    "std": 0.0,
    "min": 8.563267707824707,
    "max": 8.563267707824707
  },
  "loss_diff": {
    "mean": -0.0009965896606445312,
    "std": 0.0,
    "min": -0.0009965896606445312,
    "max": -0.0009965896606445312
  },
  "violation_detection": {
    "detection_rate": 1.0,
    "total_violations": 1,
    "avg_violations_per_run": 1.0
  }
}