{
  "exp_id": "gpt2_comprehensive_sweep_seed=0_injection_layers=[9]_injection_bit=22_injection_location=q_injection_idx=(1, 6, 32, 1)",
  "run_id": 0,
  "timestamp": "2025-12-12T07:00:16.026728",
  "baseline_loss": 13.721663475036621,
  "injected_loss": 13.721681594848633,
  "loss_diff": 1.811981201171875e-05,
  "bounds_valid": null,
  "violation_detected": false,
  "num_violations": 0,
  "violation_positions": [],
  "baseline_epsilon_stats": {
    "9": {
      "epsilon_mean": 10.922141075134277,
      "epsilon_std": 4.307835578918457,
      "lower_mean": 1.0468783378601074,
      "upper_mean": 16.82538414001465,
      "gamma_mean": 2.1429390907287598
    }
  },
  "injected_epsilon_stats": null,
  "injection_info": {
    "location": "q",
    "idx": [
      1,
      6,
      32,
      1
    ],
    "bit": 22,
    "enabled": true,
    "multi_bit": false,
    "bit_list": null,
    "random_position": false,
    "injection_rate": 0.0
  },
  "extra_data": {
    "epsilon_analysis": [
      {
        "layer_idx": 9,
        "analysis": {
          "mean_diff": 0.0002522803843021393,
          "std_diff": 0.009887331165373325,
          "max_abs_diff": 0.38750267028808594,
          "top_changes": [
            [
              [
                1,
                6,
                32
              ],
              {
                "baseline_epsilon": 9.039690017700195,
                "injected_epsilon": 9.427192687988281,
                "epsilon_diff": 0.38750267028808594,
                "abs_diff": 0.38750267028808594
              },
              {
                "lower1": 0.3000466525554657,
                "middle": 8.288954734802246,
                "upper": 12.781769752502441,
                "gamma": 4.855647087097168
              }
            ]
          ]
        }
      }
    ],
    "performance": {
      "time": {
        "total_time": 0.018984317779541016,
        "baseline_forward_time": 0.007230997085571289,
        "injection_forward_time": 0.006850004196166992,
        "bounds_computation_time": 0.0007700920104980469,
        "violation_detection_time": 0.0014488697052001953
      },
      "memory": {
        "peak_memory_allocated_mb": 1149.01025390625,
        "peak_memory_reserved_mb": 1720.0,
        "baseline_memory_mb": 1089.8134765625,
        "injection_memory_mb": 1149.01025390625
      },
      "compute": {
        "num_attention_layers": 12,
        "num_attention_heads": 12,
        "sequence_length": 64,
        "batch_size": 2,
        "attention_flops": 0.0,
        "bounds_flops": 0.0
      },
      "extra": {}
    }
  }
}