{
  "exp_id": "gpt2_comprehensive_sweep_seed=42_injection_layers=[3]_injection_bit=0_injection_location=k_injection_idx=(0, 3, 53, 43)",
  "run_id": 0,
  "timestamp": "2025-12-12T07:00:46.637958",
  "baseline_loss": 13.791720390319824,
  "injected_loss": 13.791720390319824,
  "loss_diff": 0.0,
  "bounds_valid": null,
  "violation_detected": false,
  "num_violations": 0,
  "violation_positions": [],
  "baseline_epsilon_stats": {
    "3": {
      "epsilon_mean": 6.302740097045898,
      "epsilon_std": 2.23594331741333,
      "lower_mean": 0.9555976390838623,
      "upper_mean": 17.05971336364746,
      "gamma_mean": 1.0718344449996948
    }
  },
  "injected_epsilon_stats": null,
  "injection_info": {
    "location": "k",
    "idx": [
      0,
      3,
      53,
      43
    ],
    "bit": 0,
    "enabled": true,
    "multi_bit": false,
    "bit_list": null,
    "random_position": false,
    "injection_rate": 0.0
  },
  "extra_data": {
    "epsilon_analysis": [
      {
        "layer_idx": 3,
        "analysis": {
          "mean_diff": -9.934107758624577e-09,
          "std_diff": 3.893358950790571e-07,
          "max_abs_diff": 1.52587890625e-05,
          "top_changes": [
            [
              [
                0,
                3,
                4
              ],
              {
                "baseline_epsilon": 6.513519287109375,
                "injected_epsilon": 6.5135040283203125,
                "epsilon_diff": -1.52587890625e-05,
                "abs_diff": 1.52587890625e-05
              },
              {
                "lower1": 0.6548053622245789,
                "middle": 1.1823978424072266,
                "upper": 18.457042694091797,
                "gamma": 0.1798267364501953
              }
            ]
          ]
        }
      }
    ],
    "performance": {
      "time": {
        "total_time": 0.01886296272277832,
        "baseline_forward_time": 0.007273674011230469,
        "injection_forward_time": 0.006752729415893555,
        "bounds_computation_time": 0.0007679462432861328,
        "violation_detection_time": 0.0014655590057373047
      },
      "memory": {
        "peak_memory_allocated_mb": 1489.42529296875,
        "peak_memory_reserved_mb": 1786.0,
        "baseline_memory_mb": 1430.228515625,
        "injection_memory_mb": 1489.42529296875
      },
      "compute": {
        "num_attention_layers": 12,
        "num_attention_heads": 12,
        "sequence_length": 64,
        "batch_size": 2,
        "attention_flops": 0.0,
        "bounds_flops": 0.0
      },
      "extra": {}
    }
  }
}