{
  "exp_id": "gpt2_comprehensive_sweep_seed=3407_injection_layers=[6]_injection_bit=24_injection_location=scores_injection_idx=(1, 6, 32, 1)",
  "run_id": 0,
  "timestamp": "2025-12-12T07:04:23.957626",
  "baseline_loss": 12.89038372039795,
  "injected_loss": 12.890386581420898,
  "loss_diff": 2.86102294921875e-06,
  "bounds_valid": null,
  "violation_detected": false,
  "num_violations": 0,
  "violation_positions": [],
  "baseline_epsilon_stats": {
    "6": {
      "epsilon_mean": 7.864658355712891,
      "epsilon_std": 3.4537131786346436,
      "lower_mean": 0.852850615978241,
      "upper_mean": 17.020122528076172,
      "gamma_mean": 1.5244500637054443
    }
  },
  "injected_epsilon_stats": null,
  "injection_info": {
    "location": "scores",
    "idx": [
      1,
      6,
      32,
      1
    ],
    "bit": 24,
    "enabled": true,
    "multi_bit": false,
    "bit_list": null,
    "random_position": false,
    "injection_rate": 0.0
  },
  "extra_data": {
    "epsilon_analysis": [
      {
        "layer_idx": 6,
        "analysis": {
          "mean_diff": -1.189112663269043e-05,
          "std_diff": 0.0004660350678022951,
          "max_abs_diff": 0.0182647705078125,
          "top_changes": [
            [
              [
                1,
                6,
                32
              ],
              {
                "baseline_epsilon": 16.259742736816406,
                "injected_epsilon": 16.241477966308594,
                "epsilon_diff": -0.0182647705078125,
                "abs_diff": 0.0182647705078125
              },
              {
                "lower1": 1.9698028564453125,
                "middle": 12.349164962768555,
                "upper": 18.457042694091797,
                "gamma": 1.9114954471588135
              }
            ]
          ]
        }
      }
    ],
    "performance": {
      "time": {
        "total_time": 0.018948793411254883,
        "baseline_forward_time": 0.007237672805786133,
        "injection_forward_time": 0.006780147552490234,
        "bounds_computation_time": 0.0008645057678222656,
        "violation_detection_time": 0.0014832019805908203
      },
      "memory": {
        "peak_memory_allocated_mb": 1209.08349609375,
        "peak_memory_reserved_mb": 1874.0,
        "baseline_memory_mb": 1149.88671875,
        "injection_memory_mb": 1209.08349609375
      },
      "compute": {
        "num_attention_layers": 12,
        "num_attention_heads": 12,
        "sequence_length": 64,
        "batch_size": 2,
        "attention_flops": 0.0,
        "bounds_flops": 0.0
      },
      "extra": {}
    }
  }
}