{
  "exp_id": "gpt2_comprehensive_sweep_seed=123_injection_layers=[0]_injection_bit=12_injection_location=k_injection_idx=(0, 3, 53, 43)",
  "run_id": 0,
  "timestamp": "2025-12-12T07:02:00.482503",
  "baseline_loss": 13.588921546936035,
  "injected_loss": 13.588921546936035,
  "loss_diff": 0.0,
  "bounds_valid": null,
  "violation_detected": false,
  "num_violations": 0,
  "violation_positions": [],
  "baseline_epsilon_stats": {
    "0": {
      "epsilon_mean": 4.467039108276367,
      "epsilon_std": 2.3451578617095947,
      "lower_mean": 0.39254388213157654,
      "upper_mean": 9.511073112487793,
      "gamma_mean": 0.164742574095726
    }
  },
  "injected_epsilon_stats": null,
  "injection_info": {
    "location": "k",
    "idx": [
      0,
      3,
      53,
      43
    ],
    "bit": 12,
    "enabled": true,
    "multi_bit": false,
    "bit_list": null,
    "random_position": false,
    "injection_rate": 0.0
  },
  "extra_data": {
    "epsilon_analysis": [
      {
        "layer_idx": 0,
        "analysis": {
          "mean_diff": 2.4835269840650653e-08,
          "std_diff": 1.5454324966412969e-06,
          "max_abs_diff": 2.288818359375e-05,
          "top_changes": [
            [
              [
                0,
                3,
                14
              ],
              {
                "baseline_epsilon": 3.4382400512695312,
                "injected_epsilon": 3.438262939453125,
                "epsilon_diff": 2.288818359375e-05,
                "abs_diff": 2.288818359375e-05
              },
              {
                "lower1": 0.10205734521150589,
                "middle": 0.19664506614208221,
                "upper": 18.457042694091797,
                "gamma": 0.025848388671875
              }
            ],
            [
              [
                0,
                3,
                31
              ],
              {
                "baseline_epsilon": 5.492469787597656,
                "injected_epsilon": 5.4924468994140625,
                "epsilon_diff": -2.288818359375e-05,
                "abs_diff": 2.288818359375e-05
              },
              {
                "lower1": 0.35419681668281555,
                "middle": 0.6167089939117432,
                "upper": 18.457042694091797,
                "gamma": 0.09285736083984375
              }
            ],
            [
              [
                0,
                3,
                39
              ],
              {
                "baseline_epsilon": 6.043670654296875,
                "injected_epsilon": 6.0436553955078125,
                "epsilon_diff": -1.52587890625e-05,
                "abs_diff": 1.52587890625e-05
              },
              {
                "lower1": 0.815398633480072,
                "middle": 1.3626381158828735,
                "upper": 18.457042694091797,
                "gamma": 0.2302379608154297
              }
            ],
            [
              [
                0,
                3,
                40
              ],
              {
                "baseline_epsilon": 6.062370300292969,
                "injected_epsilon": 6.062355041503906,
                "epsilon_diff": -1.52587890625e-05,
                "abs_diff": 1.52587890625e-05
              },
              {
                "lower1": 0.8707383871078491,
                "middle": 1.448262095451355,
                "upper": 18.457042694091797,
                "gamma": 0.24837112426757812
              }
            ],
            [
              [
                0,
                3,
                16
              ],
              {
                "baseline_epsilon": 3.2825927734375,
                "injected_epsilon": 3.2826080322265625,
                "epsilon_diff": 1.52587890625e-05,
                "abs_diff": 1.52587890625e-05
              },
              {
                "lower1": 0.09906843304634094,
                "middle": 0.19011905789375305,
                "upper": 18.457042694091797,
                "gamma": 0.025081634521484375
              }
            ],
            [
              [
                0,
                3,
                7
              ],
              {
                "baseline_epsilon": 4.020599365234375,
                "injected_epsilon": 4.0205841064453125,
                "epsilon_diff": -1.52587890625e-05,
                "abs_diff": 1.52587890625e-05
              },
              {
                "lower1": 0.10006127506494522,
                "middle": 0.19399045407772064,
                "upper": 18.457042694091797,
                "gamma": 0.025336265563964844
              }
            ],
            [
              [
                0,
                3,
                38
              ],
              {
                "baseline_epsilon": 6.021148681640625,
                "injected_epsilon": 6.021156311035156,
                "epsilon_diff": 7.62939453125e-06,
                "abs_diff": 7.62939453125e-06
              },
              {
                "lower1": 0.7666292190551758,
                "middle": 1.287789225578308,
                "upper": 18.457042694091797,
                "gamma": 0.21459484100341797
              }
            ],
            [
              [
                0,
                3,
                37
              ],
              {
                "baseline_epsilon": 5.984474182128906,
                "injected_epsilon": 5.9844818115234375,
                "epsilon_diff": 7.62939453125e-06,
                "abs_diff": 7.62939453125e-06
              },
              {
                "lower1": 0.708411455154419,
                "middle": 1.1969242095947266,
                "upper": 18.457042694091797,
                "gamma": 0.19631004333496094
              }
            ],
            [
              [
                0,
                3,
                32
              ],
              {
                "baseline_epsilon": 5.618377685546875,
                "injected_epsilon": 5.618370056152344,
                "epsilon_diff": -7.62939453125e-06,
                "abs_diff": 7.62939453125e-06
              },
              {
                "lower1": 0.4183724820613861,
                "middle": 0.7251325845718384,
                "upper": 18.457042694091797,
                "gamma": 0.11071586608886719
              }
            ],
            [
              [
                0,
                3,
                34
              ],
              {
                "baseline_epsilon": 5.817314147949219,
                "injected_epsilon": 5.81732177734375,
                "epsilon_diff": 7.62939453125e-06,
                "abs_diff": 7.62939453125e-06
              },
              {
                "lower1": 0.5452481508255005,
                "middle": 0.9353523254394531,
                "upper": 18.457042694091797,
                "gamma": 0.14711380004882812
              }
            ],
            [
              [
                0,
                3,
                35
              ],
              {
                "baseline_epsilon": 5.8846435546875,
                "injected_epsilon": 5.884635925292969,
                "epsilon_diff": -7.62939453125e-06,
                "abs_diff": 7.62939453125e-06
              },
              {
                "lower1": 0.6015797853469849,
                "middle": 1.0266499519348145,
                "upper": 18.457042694091797,
                "gamma": 0.16377639770507812
              }
            ],
            [
              [
                0,
                3,
                36
              ],
              {
                "baseline_epsilon": 5.942413330078125,
                "injected_epsilon": 5.942420959472656,
                "epsilon_diff": 7.62939453125e-06,
                "abs_diff": 7.62939453125e-06
              },
              {
                "lower1": 0.6609067320823669,
                "middle": 1.1215643882751465,