{
  "exp_id": "gpt2_comprehensive_sweep_seed=123_injection_layers=[9]_injection_bit=16_injection_location=k_injection_idx=(0, 3, 53, 43)",
  "run_id": 0,
  "timestamp": "2025-12-12T07:11:34.100265",
  "baseline_loss": 8.462052345275879,
  "injected_loss": 8.462052345275879,
  "loss_diff": 0.0,
  "bounds_valid": null,
  "violation_detected": false,
  "num_violations": 0,
  "violation_positions": [],
  "baseline_epsilon_stats": {
    "9": {
      "epsilon_mean": 6.7392191886901855,
      "epsilon_std": 4.8921427726745605,
      "lower_mean": 0.5418864488601685,
      "upper_mean": 9.379467010498047,
      "gamma_mean": 0.2731764018535614
    }
  },
  "injected_epsilon_stats": null,
  "injection_info": {
    "location": "k",
    "idx": [
      0,
      3,
      53,
      43
    ],
    "bit": 16,
    "enabled": true,
    "multi_bit": false,
    "bit_list": null,
    "random_position": false,
    "injection_rate": 0.0
  },
  "extra_data": {
    "epsilon_analysis": [
      {
        "layer_idx": 9,
        "analysis": {
          "mean_diff": 1.7868976556201233e-06,
          "std_diff": 8.76969443197595e-06,
          "max_abs_diff": 6.866455078125e-05,
          "top_changes": [
            [
              [
                0,
                3,
                3
              ],
              {
                "baseline_epsilon": 3.5764732360839844,
                "injected_epsilon": 3.5765419006347656,
                "epsilon_diff": 6.866455078125e-05,
                "abs_diff": 6.866455078125e-05
              },
              {
                "lower1": 0.014818773604929447,
                "middle": 0.02893543802201748,
                "upper": 4.281497001647949,
                "gamma": 0.0037115812301635742
              }
            ],
            [
              [
                0,
                3,
                4
              ],
              {
                "baseline_epsilon": 4.788227081298828,
                "injected_epsilon": 4.788290023803711,
                "epsilon_diff": 6.29425048828125e-05,
                "abs_diff": 6.29425048828125e-05
              },
              {
                "lower1": 0.028032563626766205,
                "middle": 0.05450404807925224,
                "upper": 6.436014175415039,
                "gamma": 0.007032871246337891
              }
            ],
            [
              [
                0,
                3,
                5
              ],
              {
                "baseline_epsilon": 5.121498107910156,
                "injected_epsilon": 5.121553421020508,
                "epsilon_diff": 5.53131103515625e-05,
                "abs_diff": 5.53131103515625e-05
              },
              {
                "lower1": 0.043292660266160965,
                "middle": 0.08416850864887238,
                "upper": 7.107784271240234,
                "gamma": 0.010882377624511719
              }
            ],
            [
              [
                0,
                3,
                6
              ],
              {
                "baseline_epsilon": 5.249170303344727,
                "injected_epsilon": 5.24921989440918,
                "epsilon_diff": 4.9591064453125e-05,
                "abs_diff": 4.9591064453125e-05
              },
              {
                "lower1": 0.05419044569134712,
                "middle": 0.10541005432605743,
                "upper": 7.417875289916992,
                "gamma": 0.013640642166137695
              }
            ],
            [
              [
                0,
                3,
                2
              ],
              {
                "baseline_epsilon": 2.2898101806640625,
                "injected_epsilon": 2.2898595333099365,
                "epsilon_diff": 4.935264587402344e-05,
                "abs_diff": 4.935264587402344e-05
              },
              {
                "lower1": 0.03643999248743057,
                "middle": 0.0716724619269371,
                "upper": 2.4912476539611816,
                "gamma": 0.009151875972747803
              }
            ],
            [
              [
                0,
                3,
                62
              ],
              {
                "baseline_epsilon": 5.067920684814453,
                "injected_epsilon": 5.067966461181641,
                "epsilon_diff": 4.57763671875e-05,
                "abs_diff": 4.57763671875e-05
              },
              {
                "lower1": 0.105763278901577,
                "middle": 0.2075646072626114,
                "upper": 6.50337028503418,
                "gamma": 0.026799917221069336
              }
            ],
            [
              [
                0,
                3,
                22
              ],
              {
                "baseline_epsilon": 4.439495086669922,
                "injected_epsilon": 4.439540863037109,
                "epsilon_diff": 4.57763671875e-05,
                "abs_diff": 4.57763671875e-05
              },
              {
                "lower1": 0.0054551069624722,
                "middle": 0.010591934435069561,
                "upper": 6.1567230224609375,
                "gamma": 0.0013647079467773438
              }
            ],
            [
              [
                0,
                3,
                63
              ],
              {
                "baseline_epsilon": 5.087249755859375,
                "injected_epsilon": 5.0872955322265625,
                "epsilon_diff": 4.57763671875e-05,
                "abs_diff": 4.57763671875e-05
              },
              {
                "lower1": 0.11175233870744705,
                "middle": 0.21947479248046875,
                "upper": 6.515020370483398,
                "gamma": 0.028339624404907227
              }
            ],
            [
              [
                0,
                3,
                60
              ],
              {
                "baseline_epsilon": 5.028238296508789,
                "injected_epsilon": 5.028284072875977,
                "epsilon_diff": 4.57763671875e-05,
                "abs_diff": 4.57763671875e-05
              },
              {
                "lower1": 0.09518656879663467,
                "middle": 0.1865779012441635,
                "upper": 6.476146697998047,
                "gamma": 0.024086713790893555
              }
            ],
            [
              [
                0,
                3,
                57
              ],
              {
                "baseline_epsilon": 4.963615417480469,
                "injected_epsilon": 4.963661193847656,
                "epsilon_diff": 4.57763671875e-05,
                "abs_diff": 4.57763671875e-05
              },
              {
                "lower1": 0.07783051580190659,
                "middle": 0.15225209295749664,
                "upper": 6.430686950683594,
                "gamma": 0.019650697708129883
              }
            ],
            [
              [
                0,
                3,
                61
              ],
              {
                "baseline_epsilon": 5.045101165771484,
                "injected_epsilon": 5.045146942138672,
                "epsilon_diff": 4.57763671875e-05,
                "abs_diff": 4.57763671875e-05
              },
              {
                "lower1": 0.10031410306692123,
                "middle": 0.19674794375896454,
                "upper": 6.485996246337891,
                "gamma": 0.02540111541748047
              }
            ],
            [
              [
                0,
                3,
                45
              ],
              {
                "baseline_epsilon": 4.662841796875,
                "injected_epsilon": 4.6628875732421875,
                "epsilon_diff": 4.57763671875e-05,
                "abs_diff": 4.57763671875e-05
              },
              {
                "lower1": 0.0021699736826121807,
                "middle": 0.0042089964263141155,