{
  "exp_id": "gpt2_comprehensive_sweep_seed=0_injection_layers=[6]_injection_bit=13_injection_location=scores_injection_idx=(1, 6, 32, 1)",
  "run_id": 0,
  "timestamp": "2025-12-12T07:07:31.495949",
  "baseline_loss": 8.564264297485352,
  "injected_loss": 8.564263343811035,
  "loss_diff": -9.5367431640625e-07,
  "bounds_valid": null,
  "violation_detected": false,
  "num_violations": 0,
  "violation_positions": [],
  "baseline_epsilon_stats": {
    "6": {
      "epsilon_mean": 5.956024169921875,
      "epsilon_std": 4.427911758422852,
      "lower_mean": 0.5316863656044006,
      "upper_mean": 7.960529327392578,
      "gamma_mean": 0.18503431975841522
    }
  },
  "injected_epsilon_stats": null,
  "injection_info": {
    "location": "scores",
    "idx": [
      1,
      6,
      32,
      1
    ],
    "bit": 13,
    "enabled": true,
    "multi_bit": false,
    "bit_list": null,
    "random_position": false,
    "injection_rate": 0.0
  },
  "extra_data": {
    "epsilon_analysis": [
      {
        "layer_idx": 6,
        "analysis": {
          "mean_diff": -3.1044087300813317e-09,
          "std_diff": 1.216674831994169e-07,
          "max_abs_diff": 4.76837158203125e-06,
          "top_changes": [
            [
              [
                1,
                6,
                32
              ],
              {
                "baseline_epsilon": 4.868965148925781,
                "injected_epsilon": 4.868960380554199,
                "epsilon_diff": -4.76837158203125e-06,
                "abs_diff": 4.76837158203125e-06
              },
              {
                "lower1": 0.0218485239893198,
                "middle": 0.04234788566827774,
                "upper": 7.388455867767334,
                "gamma": 0.00547713041305542
              }
            ]
          ]
        }
      }
    ],
    "performance": {
      "time": {
        "total_time": 0.01849961280822754,
        "baseline_forward_time": 0.0071239471435546875,
        "injection_forward_time": 0.006681203842163086,
        "bounds_computation_time": 0.0007309913635253906,
        "violation_detection_time": 0.0014233589172363281
      },
      "memory": {
        "peak_memory_allocated_mb": 1349.25439453125,
        "peak_memory_reserved_mb": 1720.0,
        "baseline_memory_mb": 1290.0576171875,
        "injection_memory_mb": 1349.25439453125
      },
      "compute": {
        "num_attention_layers": 12,
        "num_attention_heads": 12,
        "sequence_length": 64,
        "batch_size": 2,
        "attention_flops": 0.0,
        "bounds_flops": 0.0
      },
      "extra": {}
    }
  }
}