{
  "exp_id": "gpt2_comprehensive_sweep_seed=123_injection_layers=[6]_injection_bit=31_injection_location=k_injection_idx=(0, 0, 10, 20)",
  "num_runs": 1,
  "timestamp": "2025-10-14T18:28:16.212264",
  "baseline_loss": {
    "mean": 8.564263343811035,
    "std": 0.0,
    "min": 8.564263343811035,
    "max": 8.564263343811035
  },
  "injected_loss": {
    "mean": 8.564278602600098,
    "std": 0.0,
    "min": 8.564278602600098,
    "max": 8.564278602600098
  },
  "loss_diff": {
    "mean": 1.52587890625e-05,
    "std": 0.0,
    "min": 1.52587890625e-05,
    "max": 1.52587890625e-05
  },
  "violation_detection": {
    "detection_rate": 0.0,
    "total_violations": 0,
    "avg_violations_per_run": 0.0
  }
}