{
  "exp_id": "gpt2_comprehensive_sweep_seed=42_injection_layers=[0]_injection_bit=19_injection_location=k_injection_idx=(0, 0, 10, 20)",
  "run_id": 0,
  "timestamp": "2025-12-12T07:00:36.592906",
  "baseline_loss": 13.588921546936035,
  "injected_loss": 13.588921546936035,
  "loss_diff": 0.0,
  "bounds_valid": null,
  "violation_detected": false,
  "num_violations": 0,
  "violation_positions": [],
  "baseline_epsilon_stats": {
    "0": {
      "epsilon_mean": 4.467039108276367,
      "epsilon_std": 2.3451578617095947,
      "lower_mean": 0.39254388213157654,
      "upper_mean": 9.511073112487793,
      "gamma_mean": 0.164742574095726
    }
  },
  "injected_epsilon_stats": null,
  "injection_info": {
    "location": "k",
    "idx": [
      0,
      0,
      10,
      20
    ],
    "bit": 19,
    "enabled": true,
    "multi_bit": false,
    "bit_list": null,
    "random_position": false,
    "injection_rate": 0.0
  },
  "extra_data": {
    "epsilon_analysis": [
      {
        "layer_idx": 0,
        "analysis": {
          "mean_diff": 7.693500947425491e-07,
          "std_diff": 9.050640983332414e-06,
          "max_abs_diff": 0.0001926422119140625,
          "top_changes": [
            [
              [
                0,
                0,
                0
              ],
              {
                "baseline_epsilon": 4.767528533935547,
                "injected_epsilon": 4.767335891723633,
                "epsilon_diff": -0.0001926422119140625,
                "abs_diff": 0.0001926422119140625
              },
              {
                "lower1": 1.418720006942749,
                "middle": 3.556081771850586,
                "upper": 4.879112243652344,
                "gamma": 0.4575809836387634
              }
            ],
            [
              [
                0,
                0,
                4
              ],
              {
                "baseline_epsilon": 1.5587387084960938,
                "injected_epsilon": 1.5588853359222412,
                "epsilon_diff": 0.00014662742614746094,
                "abs_diff": 0.00014662742614746094
              },
              {
                "lower1": 0.002950175665318966,
                "middle": 0.005788840353488922,
                "upper": 1.79355788230896,
                "gamma": 0.0007378160953521729
              }
            ],
            [
              [
                0,
                0,
                2
              ],
              {
                "baseline_epsilon": 2.8788809776306152,
                "injected_epsilon": 2.8790128231048584,
                "epsilon_diff": 0.00013184547424316406,
                "abs_diff": 0.00013184547424316406
              },
              {
                "lower1": 0.7855741381645203,
                "middle": 1.7252991199493408,
                "upper": 2.9825809001922607,
                "gamma": 0.22063523530960083
              }
            ],
            [
              [
                0,
                0,
                3
              ],
              {
                "baseline_epsilon": 1.4878759384155273,
                "injected_epsilon": 1.4879788160324097,
                "epsilon_diff": 0.00010287761688232422,
                "abs_diff": 0.00010287761688232422
              },
              {
                "lower1": 0.004743620753288269,
                "middle": 0.009312352165579796,
                "upper": 1.6576628684997559,
                "gamma": 0.0011866092681884766
              }
            ],
            [
              [
                0,
                0,
                6
              ],
              {
                "baseline_epsilon": 1.935922384262085,
                "injected_epsilon": 1.9360158443450928,
                "epsilon_diff": 9.34600830078125e-05,
                "abs_diff": 9.34600830078125e-05
              },
              {
                "lower1": 0.009011941961944103,
                "middle": 0.017675044015049934,
                "upper": 2.392916440963745,
                "gamma": 0.0022555291652679443
              }
            ],
            [
              [
                0,
                0,
                5
              ],
              {
                "baseline_epsilon": 1.7798786163330078,
                "injected_epsilon": 1.7799601554870605,
                "epsilon_diff": 8.153915405273438e-05,
                "abs_diff": 8.153915405273438e-05
              },
              {
                "lower1": 0.0010801287135109305,
                "middle": 0.002117468509823084,
                "upper": 2.1312685012817383,
                "gamma": 0.0002700686454772949
              }
            ],
            [
              [
                0,
                0,
                7
              ],
              {
                "baseline_epsilon": 2.078230142593384,
                "injected_epsilon": 2.0783042907714844,
                "epsilon_diff": 7.414817810058594e-05,
                "abs_diff": 7.414817810058594e-05
              },
              {
                "lower1": 0.004464040044695139,
                "middle": 0.008745868690311909,
                "upper": 2.639157295227051,
                "gamma": 0.001116633415222168
              }
            ],
            [
              [
                0,
                0,
                8
              ],
              {
                "baseline_epsilon": 2.2416536808013916,
                "injected_epsilon": 2.241717576980591,
                "epsilon_diff": 6.389617919921875e-05,
                "abs_diff": 6.389617919921875e-05
              },
              {
                "lower1": 0.018299488350749016,
                "middle": 0.03589344024658203,
                "upper": 2.9115653038024902,
                "gamma": 0.004585385322570801
              }
            ],
            [
              [
                0,
                0,
                9
              ],
              {
                "baseline_epsilon": 2.3835854530334473,
                "injected_epsilon": 2.383639335632324,
                "epsilon_diff": 5.3882598876953125e-05,
                "abs_diff": 5.3882598876953125e-05
              },
              {
                "lower1": 0.0169189665466547,
                "middle": 0.03316193446516991,
                "upper": 3.1639938354492188,
                "gamma": 0.004238724708557129
              }
            ],
            [
              [
                0,
                0,
                10
              ],
              {
                "baseline_epsilon": 2.523094415664673,
                "injected_epsilon": 2.5231435298919678,
                "epsilon_diff": 4.9114227294921875e-05,
                "abs_diff": 4.9114227294921875e-05
              },
              {
                "lower1": 0.0240748580545187,
                "middle": 0.04720572009682655,
                "upper": 3.395707607269287,
                "gamma": 0.006036937236785889
              }
            ],
            [
              [
                0,
                0,
                11
              ],
              {
                "baseline_epsilon": 2.693509101867676,
                "injected_epsilon": 2.6935486793518066,
                "epsilon_diff": 3.9577484130859375e-05,
                "abs_diff": 3.9577484130859375e-05
              },
              {
                "lower1": 0.03730853646993637,
                "middle": 0.0732288733124733,
                "upper": 3.6776485443115234,
                "gamma": 0.009371042251586914
              }
            ],
            [
              [
                0,
                0,
                13
              ],
              {
                "baseline_epsilon": 2.9834084510803223,
                "injected_epsilon": 2.98344087600708,
                "epsilon_diff": 3.24249267578125e-05,