{
  "exp_id": "gpt2_comprehensive_sweep_seed=123_injection_layers=[9]_injection_bit=27_injection_location=q_injection_idx=(1, 6, 32, 1)",
  "run_id": 0,
  "timestamp": "2025-10-14T18:13:19.752384",
  "baseline_loss": 13.721664428710938,
  "injected_loss": 13.721719741821289,
  "loss_diff": 5.53131103515625e-05,
  "bounds_valid": null,
  "violation_detected": false,
  "num_violations": 0,
  "violation_positions": [],
  "baseline_epsilon_stats": {
    "9": {
      "epsilon_mean": 10.922141075134277,
      "epsilon_std": 4.307835578918457,
      "lower_mean": 1.0468783378601074,
      "upper_mean": 16.82538414001465,
      "gamma_mean": 2.1429390907287598
    }
  },
  "injected_epsilon_stats": null,
  "injection_info": {
    "location": "q",
    "idx": [
      1,
      6,
      32,
      1
    ],
    "bit": 27,
    "enabled": true,
    "multi_bit": false,
    "bit_list": null,
    "random_position": false,
    "injection_rate": 0.0
  },
  "extra_data": {
    "epsilon_analysis": [
      {
        "layer_idx": 9,
        "analysis": {
          "mean_diff": 0.0007954388856887817,
          "std_diff": 0.031174710020422935,
          "max_abs_diff": 1.2217941284179688,
          "top_changes": [
            [
              [
                1,
                6,
                32
              ],
              {
                "baseline_epsilon": 9.039690017700195,
                "injected_epsilon": 10.261484146118164,
                "epsilon_diff": 1.2217941284179688,
                "abs_diff": 1.2217941284179688
              },
              {
                "lower1": 0.3000466525554657,
                "middle": 8.288954734802246,
                "upper": 12.781769752502441,
                "gamma": 4.855647087097168
              }
            ]
          ]
        }
      }
    ],
    "performance": {
      "time": {
        "total_time": 0.01820230484008789,
        "baseline_forward_time": 0.0070781707763671875,
        "injection_forward_time": 0.006382465362548828,
        "bounds_computation_time": 0.0007503032684326172,
        "violation_detection_time": 0.0014147758483886719
      },
      "memory": {
        "peak_memory_allocated_mb": 1218.095703125,
        "peak_memory_reserved_mb": 1718.0,
        "baseline_memory_mb": 1158.89892578125,
        "injection_memory_mb": 1218.095703125
      },
      "compute": {
        "num_attention_layers": 12,
        "num_attention_heads": 12,
        "sequence_length": 64,
        "batch_size": 2,
        "attention_flops": 0.0,
        "bounds_flops": 0.0
      },
      "extra": {}
    }
  }
}