{
  "exp_id": "gpt2_comprehensive_sweep_seed=3407_injection_layers=[9]_injection_bit=30_injection_location=k_injection_idx=(1, 6, 32, 1)",
  "num_runs": 1,
  "timestamp": "2025-10-14T18:22:32.323107",
  "baseline_loss": {
    "mean": 13.721664428710938,
    "std": 0.0,
    "min": 13.721664428710938,
    "max": 13.721664428710938
  },
  "injected_loss": {
    "mean": 13.721464157104492,
    "std": 0.0,
    "min": 13.721464157104492,
    "max": 13.721464157104492
  },
  "loss_diff": {
    "mean": -0.0002002716064453125,
    "std": 0.0,
    "min": -0.0002002716064453125,
    "max": -0.0002002716064453125
  },
  "violation_detection": {
    "detection_rate": 1.0,
    "total_violations": 62,
    "avg_violations_per_run": 62.0
  }
}