{
  "exp_id": "gpt2_comprehensive_sweep_seed=123_injection_layers=[0]_injection_bit=27_injection_location=k_injection_idx=(1, 6, 32, 1)",
  "run_id": 0,
  "timestamp": "2025-10-14T18:25:19.100611",
  "baseline_loss": 10.27547836303711,
  "injected_loss": 10.275605201721191,
  "loss_diff": 0.00012683868408203125,
  "bounds_valid": null,
  "violation_detected": false,
  "num_violations": 0,
  "violation_positions": [],
  "baseline_epsilon_stats": {
    "0": {
      "epsilon_mean": 1.9825315475463867,
      "epsilon_std": 1.6013407707214355,
      "lower_mean": 0.3287202715873718,
      "upper_mean": 2.0460193157196045,
      "gamma_mean": 0.0896625965833664
    }
  },
  "injected_epsilon_stats": null,
  "injection_info": {
    "location": "k",
    "idx": [
      1,
      6,
      32,
      1
    ],
    "bit": 27,
    "enabled": true,
    "multi_bit": false,
    "bit_list": null,
    "random_position": false,
    "injection_rate": 0.0
  },
  "extra_data": {
    "epsilon_analysis": [
      {
        "layer_idx": 0,
        "analysis": {
          "mean_diff": 4.645491571864113e-05,
          "std_diff": 0.0004308103525545448,
          "max_abs_diff": 0.00386810302734375,
          "top_changes": [
            [
              [
                1,
                6,
                3
              ],
              {
                "baseline_epsilon": 1.5121777057647705,
                "injected_epsilon": 1.5083096027374268,
                "epsilon_diff": -0.00386810302734375,
                "abs_diff": 0.00386810302734375
              },
              {
                "lower1": 0.32183757424354553,
                "middle": 0.6591832041740417,
                "upper": 1.5200352668762207,
                "gamma": 0.08398398756980896
              }
            ],
            [
              [
                1,
                6,
                63
              ],
              {
                "baseline_epsilon": 1.4408767223358154,
                "injected_epsilon": 1.4443975687026978,
                "epsilon_diff": 0.0035208463668823242,
                "abs_diff": 0.0035208463668823242
              },
              {
                "lower1": 0.355210542678833,
                "middle": 0.7311433553695679,
                "upper": 1.4533696174621582,
                "gamma": 0.0931367352604866
              }
            ],
            [
              [
                1,
                6,
                61
              ],
              {
                "baseline_epsilon": 1.4217232465744019,
                "injected_epsilon": 1.4252058267593384,
                "epsilon_diff": 0.0034825801849365234,
                "abs_diff": 0.0034825801849365234
              },
              {
                "lower1": 0.38287094235420227,
                "middle": 0.7912836074829102,
                "upper": 1.4337795972824097,
                "gamma": 0.10079305619001389
              }
            ],
            [
              [
                1,
                6,
                62
              ],
              {
                "baseline_epsilon": 1.4465038776397705,
                "injected_epsilon": 1.4499675035476685,
                "epsilon_diff": 0.0034636259078979492,
                "abs_diff": 0.0034636259078979492
              },
              {
                "lower1": 0.360282301902771,
                "middle": 0.7421161532402039,
                "upper": 1.4587388038635254,
                "gamma": 0.09453574568033218
              }
            ],
            [
              [
                1,
                6,
                60
              ],
              {
                "baseline_epsilon": 1.5364758968353271,
                "injected_epsilon": 1.5399093627929688,
                "epsilon_diff": 0.0034334659576416016,
                "abs_diff": 0.0034334659576416016
              },
              {
                "lower1": 0.38688498735427856,
                "middle": 0.7998286485671997,
                "upper": 1.5483105182647705,
                "gamma": 0.10190952569246292
              }
            ],
            [
              [
                1,
                6,
                59
              ],
              {
                "baseline_epsilon": 1.5074107646942139,
                "injected_epsilon": 1.5108060836791992,
                "epsilon_diff": 0.0033953189849853516,
                "abs_diff": 0.0033953189849853516
              },
              {
                "lower1": 0.38770824670791626,
                "middle": 0.8016831874847412,
                "upper": 1.5194309949874878,
                "gamma": 0.10213868319988251
              }
            ],
            [
              [
                1,
                6,
                58
              ],
              {
                "baseline_epsilon": 1.6543734073638916,
                "injected_epsilon": 1.6577354669570923,
                "epsilon_diff": 0.0033620595932006836,
                "abs_diff": 0.0033620595932006836
              },
              {
                "lower1": 0.42424285411834717,
                "middle": 0.8816525340080261,
                "upper": 1.666263222694397,
                "gamma": 0.11236727982759476
              }
            ],
            [
              [
                1,
                6,
                57
              ],
              {
                "baseline_epsilon": 1.6214122772216797,
                "injected_epsilon": 1.6246286630630493,
                "epsilon_diff": 0.003216385841369629,
                "abs_diff": 0.003216385841369629
              },
              {
                "lower1": 0.3898821175098419,
                "middle": 0.8062126040458679,
                "upper": 1.6328076124191284,
                "gamma": 0.10274405777454376
              }
            ],
            [
              [
                1,
                6,
                56
              ],
              {
                "baseline_epsilon": 1.650844693183899,
                "injected_epsilon": 1.6539901494979858,
                "epsilon_diff": 0.003145456314086914,
                "abs_diff": 0.003145456314086914
              },
              {
                "lower1": 0.4035170376300812,
                "middle": 0.8360192179679871,
                "upper": 1.6629592180252075,
                "gamma": 0.10655038803815842
              }
            ],
            [
              [
                1,
                6,
                55
              ],
              {
                "baseline_epsilon": 1.7430360317230225,
                "injected_epsilon": 1.746166706085205,
                "epsilon_diff": 0.003130674362182617,
                "abs_diff": 0.003130674362182617
              },
              {
                "lower1": 0.41651904582977295,
                "middle": 0.864420473575592,
                "upper": 1.7547019720077515,
                "gamma": 0.1101951003074646
              }
            ],
            [
              [
                1,
                6,
                54
              ],
              {
                "baseline_epsilon": 1.636230230331421,
                "injected_epsilon": 1.6393334865570068,
                "epsilon_diff": 0.0031032562255859375,
                "abs_diff": 0.0031032562255859375
              },
              {
                "lower1": 0.4032121002674103,
                "middle": 0.8353798389434814,
                "upper": 1.648250699043274,
                "gamma": 0.10646507889032364
              }
            ],
            [
              [
                1,
                6,
                53
              ],
              {
                "baseline_epsilon": 1.6913824081420898,
                "injected_epsilon": 1.6944539546966553,
                "epsilon_diff": 0.0030715465545654297,