{
  "exp_id": "gpt2_comprehensive_sweep_seed=3407_injection_layers=[9]_injection_bit=14_injection_location=q_injection_idx=(0, 0, 10, 20)",
  "run_id": 0,
  "timestamp": "2025-12-12T07:04:38.458394",
  "baseline_loss": 13.721663475036621,
  "injected_loss": 13.721663475036621,
  "loss_diff": 0.0,
  "bounds_valid": null,
  "violation_detected": false,
  "num_violations": 0,
  "violation_positions": [],
  "baseline_epsilon_stats": {
    "9": {
      "epsilon_mean": 10.922141075134277,
      "epsilon_std": 4.307835578918457,
      "lower_mean": 1.0468783378601074,
      "upper_mean": 16.82538414001465,
      "gamma_mean": 2.1429390907287598
    }
  },
  "injected_epsilon_stats": null,
  "injection_info": {
    "location": "q",
    "idx": [
      0,
      0,
      10,
      20
    ],
    "bit": 14,
    "enabled": true,
    "multi_bit": false,
    "bit_list": null,
    "random_position": false,
    "injection_rate": 0.0
  },
  "extra_data": {
    "epsilon_analysis": [
      {
        "layer_idx": 9,
        "analysis": {
          "mean_diff": -7.456789603565994e-07,
          "std_diff": 2.9224527679616585e-05,
          "max_abs_diff": 0.0011453628540039062,
          "top_changes": [
            [
              [
                0,
                0,
                10
              ],
              {
                "baseline_epsilon": 11.086742401123047,
                "injected_epsilon": 11.085597038269043,
                "epsilon_diff": -0.0011453628540039062,
                "abs_diff": 0.0011453628540039062
              },
              {
                "lower1": 1.8697459697723389,
                "middle": 5.078657627105713,
                "upper": 18.457042694091797,
                "gamma": 0.7082841396331787
              }
            ]
          ]
        }
      }
    ],
    "performance": {
      "time": {
        "total_time": 0.018765687942504883,
        "baseline_forward_time": 0.0071980953216552734,
        "injection_forward_time": 0.006768703460693359,
        "bounds_computation_time": 0.000759124755859375,
        "violation_detection_time": 0.0014569759368896484
      },
      "memory": {
        "peak_memory_allocated_mb": 1269.15673828125,
        "peak_memory_reserved_mb": 1874.0,
        "baseline_memory_mb": 1209.9599609375,
        "injection_memory_mb": 1269.15673828125
      },
      "compute": {
        "num_attention_layers": 12,
        "num_attention_heads": 12,
        "sequence_length": 64,
        "batch_size": 2,
        "attention_flops": 0.0,
        "bounds_flops": 0.0
      },
      "extra": {}
    }
  }
}