{
  "exp_id": "gpt2_comprehensive_sweep_seed=123_injection_layers=[0]_injection_bit=26_injection_location=weights_injection_idx=(0, 0, 10, 20)",
  "num_runs": 1,
  "timestamp": "2025-12-12T07:19:27.420826",
  "baseline_loss": {
    "mean": 10.275479316711426,
    "std": 0.0,
    "min": 10.275479316711426,
    "max": 10.275479316711426
  },
  "injected_loss": {
    "mean": 10.275553703308105,
    "std": 0.0,
    "min": 10.275553703308105,
    "max": 10.275553703308105
  },
  "loss_diff": {
    "mean": 7.43865966796875e-05,
    "std": 0.0,
    "min": 7.43865966796875e-05,
    "max": 7.43865966796875e-05
  },
  "violation_detection": {
    "detection_rate": 0.0,
    "total_violations": 0,
    "avg_violations_per_run": 0.0
  }
}