{
  "exp_id": "gpt2_comprehensive_sweep_seed=3407_injection_layers=[3]_injection_bit=7_injection_location=weights_injection_idx=(1, 9, 31, 62)",
  "run_id": 0,
  "timestamp": "2025-12-12T07:03:49.858512",
  "baseline_loss": 13.791720390319824,
  "injected_loss": 13.791719436645508,
  "loss_diff": -9.5367431640625e-07,
  "bounds_valid": null,
  "violation_detected": false,
  "num_violations": 0,
  "violation_positions": [],
  "baseline_epsilon_stats": {
    "3": {
      "epsilon_mean": 6.302740097045898,
      "epsilon_std": 2.23594331741333,
      "lower_mean": 0.9555976390838623,
      "upper_mean": 17.05971336364746,
      "gamma_mean": 1.0718344449996948
    }
  },
  "injected_epsilon_stats": null,
  "injection_info": {
    "location": "weights",
    "idx": [
      1,
      9,
      31,
      62
    ],
    "bit": 7,
    "enabled": true,
    "multi_bit": false,
    "bit_list": null,
    "random_position": false,
    "injection_rate": 0.0
  },
  "extra_data": {
    "epsilon_analysis": [
      {
        "layer_idx": 3,
        "analysis": {
          "mean_diff": -8.443991816875496e-08,
          "std_diff": 3.3093551792262588e-06,
          "max_abs_diff": 0.00012969970703125,
          "top_changes": [
            [
              [
                1,
                9,
                31
              ],
              {
                "baseline_epsilon": 6.732818603515625,
                "injected_epsilon": 6.732688903808594,
                "epsilon_diff": -0.00012969970703125,
                "abs_diff": 0.00012969970703125
              },
              {
                "lower1": 0.9584139585494995,
                "middle": 1.6730202436447144,
                "upper": 18.457042694091797,
                "gamma": 0.2779979705810547
              }
            ]
          ]
        }
      }
    ],
    "performance": {
      "time": {
        "total_time": 0.019259214401245117,
        "baseline_forward_time": 0.007450580596923828,
        "injection_forward_time": 0.006894588470458984,
        "bounds_computation_time": 0.0007762908935546875,
        "violation_detection_time": 0.0014553070068359375
      },
      "memory": {
        "peak_memory_allocated_mb": 1549.49853515625,
        "peak_memory_reserved_mb": 1874.0,
        "baseline_memory_mb": 1490.3017578125,
        "injection_memory_mb": 1549.49853515625
      },
      "compute": {
        "num_attention_layers": 12,
        "num_attention_heads": 12,
        "sequence_length": 64,
        "batch_size": 2,
        "attention_flops": 0.0,
        "bounds_flops": 0.0
      },
      "extra": {}
    }
  }
}