{
  "exp_id": "gpt2_comprehensive_sweep_seed=0_injection_layers=[9]_injection_bit=9_injection_location=k_injection_idx=(0, 0, 10, 20)",
  "run_id": 0,
  "timestamp": "2025-12-12T07:37:56.641818",
  "baseline_loss": 8.462052345275879,
  "injected_loss": 8.462053298950195,
  "loss_diff": 9.5367431640625e-07,
  "bounds_valid": null,
  "violation_detected": false,
  "num_violations": 0,
  "violation_positions": [],
  "baseline_epsilon_stats": {
    "9": {
      "epsilon_mean": 6.7392191886901855,
      "epsilon_std": 4.8921427726745605,
      "lower_mean": 0.5418864488601685,
      "upper_mean": 9.379467010498047,
      "gamma_mean": 0.2731764018535614
    }
  },
  "injected_epsilon_stats": null,
  "injection_info": {
    "location": "k",
    "idx": [
      0,
      0,
      10,
      20
    ],
    "bit": 9,
    "enabled": true,
    "multi_bit": false,
    "bit_list": null,
    "random_position": false,
    "injection_rate": 0.0
  },
  "extra_data": {
    "epsilon_analysis": [
      {
        "layer_idx": 9,
        "analysis": {
          "mean_diff": 1.5910094353088766e-09,
          "std_diff": 1.9091485228273086e-06,
          "max_abs_diff": 9.5367431640625e-06,
          "top_changes": [
            [
              [
                1,
                9,
                33
              ],
              {
                "baseline_epsilon": 7.470409393310547,
                "injected_epsilon": 7.470399856567383,
                "epsilon_diff": -9.5367431640625e-06,
                "abs_diff": 9.5367431640625e-06
              },
              {
                "lower1": 0.7484356760978699,
                "middle": 0.9269607067108154,
                "upper": 18.457042694091797,
                "gamma": 0.20883631706237793
              }
            ],
            [
              [
                1,
                9,
                34
              ],
              {
                "baseline_epsilon": 7.40904426574707,
                "injected_epsilon": 7.409034729003906,
                "epsilon_diff": -9.5367431640625e-06,
                "abs_diff": 9.5367431640625e-06
              },
              {
                "lower1": 0.7411697506904602,
                "middle": 0.9158857464790344,
                "upper": 18.457042694091797,
                "gamma": 0.20654797554016113
              }
            ],
            [
              [
                1,
                9,
                63
              ],
              {
                "baseline_epsilon": 7.246572494506836,
                "injected_epsilon": 7.246563911437988,
                "epsilon_diff": -8.58306884765625e-06,
                "abs_diff": 8.58306884765625e-06
              },
              {
                "lower1": 0.6923705339431763,
                "middle": 0.8558913469314575,
                "upper": 18.457042694091797,
                "gamma": 0.19134306907653809
              }
            ],
            [
              [
                1,
                9,
                38
              ],
              {
                "baseline_epsilon": 7.24111270904541,
                "injected_epsilon": 7.241121292114258,
                "epsilon_diff": 8.58306884765625e-06,
                "abs_diff": 8.58306884765625e-06
              },
              {
                "lower1": 0.7261961698532104,
                "middle": 0.8921912312507629,
                "upper": 18.457042694091797,
                "gamma": 0.20185232162475586
              }
            ],
            [
              [
                1,
                11,
                60
              ],
              {
                "baseline_epsilon": 15.17994499206543,
                "injected_epsilon": 15.179952621459961,
                "epsilon_diff": 7.62939453125e-06,
                "abs_diff": 7.62939453125e-06
              },
              {
                "lower1": 2.0371689796447754,
                "middle": 12.459757804870605,
                "upper": 18.457042694091797,
                "gamma": 1.8088328838348389
              }
            ],
            [
              [
                1,
                9,
                22
              ],
              {
                "baseline_epsilon": 9.048629760742188,
                "injected_epsilon": 9.048637390136719,
                "epsilon_diff": 7.62939453125e-06,
                "abs_diff": 7.62939453125e-06
              },
              {
                "lower1": 0.8869722485542297,
                "middle": 1.174426794052124,
                "upper": 18.457042694091797,
                "gamma": 0.2537713050842285
              }
            ],
            [
              [
                1,
                7,
                32
              ],
              {
                "baseline_epsilon": 16.447669982910156,
                "injected_epsilon": 16.447662353515625,
                "epsilon_diff": -7.62939453125e-06,
                "abs_diff": 7.62939453125e-06
              },
              {
                "lower1": 1.4684243202209473,
                "middle": 13.578313827514648,
                "upper": 18.457042694091797,
                "gamma": 2.561481237411499
              }
            ],
            [
              [
                1,
                7,
                61
              ],
              {
                "baseline_epsilon": 16.309791564941406,
                "injected_epsilon": 16.309783935546875,
                "epsilon_diff": -7.62939453125e-06,
                "abs_diff": 7.62939453125e-06
              },
              {
                "lower1": 1.3790422677993774,
                "middle": 13.6189546585083,
                "upper": 18.457042694091797,
                "gamma": 2.675650119781494
              }
            ],
            [
              [
                1,
                6,
                32
              ],
              {
                "baseline_epsilon": 1.737274169921875,
                "injected_epsilon": 1.7372817993164062,
                "epsilon_diff": 7.62939453125e-06,
                "abs_diff": 7.62939453125e-06
              },
              {
                "lower1": 0.007844846695661545,
                "middle": 0.015310727059841156,
                "upper": 8.111080169677734,
                "gamma": 0.0019631385803222656
              }
            ],
            [
              [
                1,
                6,
                20
              ],
              {
                "baseline_epsilon": 1.7633934020996094,
                "injected_epsilon": 1.7634010314941406,
                "epsilon_diff": 7.62939453125e-06,
                "abs_diff": 7.62939453125e-06
              },
              {
                "lower1": 0.007723013870418072,
                "middle": 0.015081627294421196,
                "upper": 7.078901290893555,
                "gamma": 0.0019326210021972656
              }
            ],
            [
              [
                1,
                6,
                48
              ],
              {
                "baseline_epsilon": 1.8101615905761719,
                "injected_epsilon": 1.8101692199707031,
                "epsilon_diff": 7.62939453125e-06,
                "abs_diff": 7.62939453125e-06
              },
              {
                "lower1": 0.00350607605651021,
                "middle": 0.006836654618382454,
                "upper": 8.324378967285156,
                "gamma": 0.0008769035339355469
              }
            ],
            [
              [
                1,
                6,
                63
              ],
              {
                "baseline_epsilon": 1.9200401306152344,
                "injected_epsilon": 1.9200477600097656,
                "epsilon_diff": 7.62939453125e-06,
                "abs_diff": 7.62939453125e-06
              },
              {
                "lower1": 0.011925986036658287,