{
  "exp_id": "gpt2_comprehensive_sweep_seed=0_injection_layers=[6]_injection_bit=30_injection_location=weights_injection_idx=(0, 0, 10, 20)",
  "run_id": 0,
  "timestamp": "2025-12-12T07:00:00.360347",
  "baseline_loss": 12.89038372039795,
  "injected_loss": 12.834068298339844,
  "loss_diff": -0.05631542205810547,
  "bounds_valid": null,
  "violation_detected": true,
  "num_violations": 1,
  "violation_positions": [
    [
      6,
      [
        0,
        0,
        10
      ]
    ]
  ],
  "baseline_epsilon_stats": {
    "6": {
      "epsilon_mean": 7.864658355712891,
      "epsilon_std": 3.4537131786346436,
      "lower_mean": 0.852850615978241,
      "upper_mean": 17.020122528076172,
      "gamma_mean": 1.5244500637054443
    }
  },
  "injected_epsilon_stats": null,
  "injection_info": {
    "location": "weights",
    "idx": [
      0,
      0,
      10,
      20
    ],
    "bit": 30,
    "enabled": true,
    "multi_bit": false,
    "bit_list": null,
    "random_position": false,
    "injection_rate": 0.0
  },
  "extra_data": {
    "epsilon_analysis": [
      {
        "layer_idx": 6,
        "analysis": {
          "mean_diff": -2.4510540615094824e+31,
          "std_diff": Infinity,
          "max_abs_diff": 3.764818790890557e+34,
          "top_changes": [
            [
              [
                0,
                0,
                10
              ],
              {
                "baseline_epsilon": 6.541210174560547,
                "injected_epsilon": -3.764818790890557e+34,
                "epsilon_diff": -3.764818790890557e+34,
                "abs_diff": 3.764818790890557e+34
              },
              {
                "lower1": 0.42932045459747314,
                "middle": 0.7982184886932373,
                "upper": 18.457042694091797,
                "gamma": 0.11379814147949219
              }
            ]
          ]
        }
      }
    ],
    "performance": {
      "time": {
        "total_time": 0.018754959106445312,
        "baseline_forward_time": 0.007248401641845703,
        "injection_forward_time": 0.006583213806152344,
        "bounds_computation_time": 0.0007758140563964844,
        "violation_detection_time": 0.0015420913696289062
      },
      "memory": {
        "peak_memory_allocated_mb": 1138.998046875,
        "peak_memory_reserved_mb": 1720.0,
        "baseline_memory_mb": 1079.80126953125,
        "injection_memory_mb": 1138.998046875
      },
      "compute": {
        "num_attention_layers": 12,
        "num_attention_heads": 12,
        "sequence_length": 64,
        "batch_size": 2,
        "attention_flops": 0.0,
        "bounds_flops": 0.0
      },
      "extra": {}
    }
  }
}