{
  "exp_id": "gpt2_comprehensive_sweep_seed=42_injection_layers=[3]_injection_bit=15_injection_location=q_injection_idx=(0, 0, 10, 20)",
  "run_id": 0,
  "timestamp": "2025-10-14T17:46:01.263129",
  "baseline_loss": 8.997108459472656,
  "injected_loss": 8.997108459472656,
  "loss_diff": 0.0,
  "bounds_valid": null,
  "violation_detected": false,
  "num_violations": 0,
  "violation_positions": [],
  "baseline_epsilon_stats": {
    "3": {
      "epsilon_mean": 4.6995015144348145,
      "epsilon_std": 4.219686508178711,
      "lower_mean": 0.4203936457633972,
      "upper_mean": 5.6145782470703125,
      "gamma_mean": 0.16137349605560303
    }
  },
  "injected_epsilon_stats": null,
  "injection_info": {
    "location": "q",
    "idx": [
      0,
      0,
      10,
      20
    ],
    "bit": 15,
    "enabled": true,
    "multi_bit": false,
    "bit_list": null,
    "random_position": false,
    "injection_rate": 0.0
  },
  "extra_data": {
    "epsilon_analysis": [
      {
        "layer_idx": 3,
        "analysis": {
          "mean_diff": -9.064873296438236e-08,
          "std_diff": 3.5526898045645794e-06,
          "max_abs_diff": 0.0001392364501953125,
          "top_changes": [
            [
              [
                0,
                0,
                10
              ],
              {
                "baseline_epsilon": 8.368999481201172,
                "injected_epsilon": 8.368860244750977,
                "epsilon_diff": -0.0001392364501953125,
                "abs_diff": 0.0001392364501953125
              },
              {
                "lower1": 0.2089780569076538,
                "middle": 0.40849027037620544,
                "upper": 9.748132705688477,
                "gamma": 0.05368521809577942
              }
            ]
          ]
        }
      }
    ],
    "performance": {
      "time": {
        "total_time": 0.018085002899169922,
        "baseline_forward_time": 0.006897687911987305,
        "injection_forward_time": 0.006512641906738281,
        "bounds_computation_time": 0.0007424354553222656,
        "violation_detection_time": 0.0014362335205078125
      },
      "memory": {
        "peak_memory_allocated_mb": 1148.01025390625,
        "peak_memory_reserved_mb": 1632.0,
        "baseline_memory_mb": 1088.8134765625,
        "injection_memory_mb": 1148.01025390625
      },
      "compute": {
        "num_attention_layers": 12,
        "num_attention_heads": 12,
        "sequence_length": 64,
        "batch_size": 2,
        "attention_flops": 0.0,
        "bounds_flops": 0.0
      },
      "extra": {}
    }
  }
}