{
  "exp_id": "gpt2_comprehensive_sweep_seed=3407_injection_layers=[9]_injection_bit=22_injection_location=weights_injection_idx=(1, 9, 31, 62)",
  "num_runs": 1,
  "timestamp": "2025-12-12T07:04:43.635142",
  "baseline_loss": {
    "mean": 13.721663475036621,
    "std": 0.0,
    "min": 13.721663475036621,
    "max": 13.721663475036621
  },
  "injected_loss": {
    "mean": 13.721656799316406,
    "std": 0.0,
    "min": 13.721656799316406,
    "max": 13.721656799316406
  },
  "loss_diff": {
    "mean": -6.67572021484375e-06,
    "std": 0.0,
    "min": -6.67572021484375e-06,
    "max": -6.67572021484375e-06
  },
  "violation_detection": {
    "detection_rate": 0.0,
    "total_violations": 0,
    "avg_violations_per_run": 0.0
  }
}