{
  "exp_id": "gpt2_comprehensive_sweep_seed=123_injection_layers=[6]_injection_bit=27_injection_location=q_injection_idx=(1, 9, 31, 62)",
  "run_id": 0,
  "timestamp": "2025-10-14T18:25:31.478128",
  "baseline_loss": 8.564263343811035,
  "injected_loss": 8.564265251159668,
  "loss_diff": 1.9073486328125e-06,
  "bounds_valid": null,
  "violation_detected": false,
  "num_violations": 0,
  "violation_positions": [],
  "baseline_epsilon_stats": {
    "6": {
      "epsilon_mean": 5.956024169921875,
      "epsilon_std": 4.427911758422852,
      "lower_mean": 0.5316863656044006,
      "upper_mean": 7.960529327392578,
      "gamma_mean": 0.18503431975841522
    }
  },
  "injected_epsilon_stats": null,
  "injection_info": {
    "location": "q",
    "idx": [
      1,
      9,
      31,
      62
    ],
    "bit": 27,
    "enabled": true,
    "multi_bit": false,
    "bit_list": null,
    "random_position": false,
    "injection_rate": 0.0
  },
  "extra_data": {
    "epsilon_analysis": [
      {
        "layer_idx": 6,
        "analysis": {
          "mean_diff": -7.34059140086174e-05,
          "std_diff": 0.002876912709325552,
          "max_abs_diff": 0.11275148391723633,
          "top_changes": [
            [
              [
                1,
                9,
                31
              ],
              {
                "baseline_epsilon": 7.418415546417236,
                "injected_epsilon": 7.3056640625,
                "epsilon_diff": -0.11275148391723633,
                "abs_diff": 0.11275148391723633
              },
              {
                "lower1": 1.8620437383651733,
                "middle": 5.369678020477295,
                "upper": 9.679186820983887,
                "gamma": 0.7027654647827148
              }
            ]
          ]
        }
      }
    ],
    "performance": {
      "time": {
        "total_time": 0.01856684684753418,
        "baseline_forward_time": 0.007094621658325195,
        "injection_forward_time": 0.006666660308837891,
        "bounds_computation_time": 0.0007650852203369141,
        "violation_detection_time": 0.001466512680053711
      },
      "memory": {
        "peak_memory_allocated_mb": 1178.796875,
        "peak_memory_reserved_mb": 1698.0,
        "baseline_memory_mb": 1119.60009765625,
        "injection_memory_mb": 1178.796875
      },
      "compute": {
        "num_attention_layers": 12,
        "num_attention_heads": 12,
        "sequence_length": 64,
        "batch_size": 2,
        "attention_flops": 0.0,
        "bounds_flops": 0.0
      },
      "extra": {}
    }
  }
}