{
  "exp_id": "gpt2_comprehensive_sweep_seed=123_injection_layers=[9]_injection_bit=15_injection_location=q_injection_idx=(0, 3, 53, 43)",
  "run_id": 0,
  "timestamp": "2025-10-14T17:41:28.476135",
  "baseline_loss": 13.721664428710938,
  "injected_loss": 13.721664428710938,
  "loss_diff": 0.0,
  "bounds_valid": null,
  "violation_detected": false,
  "num_violations": 0,
  "violation_positions": [],
  "baseline_epsilon_stats": {
    "9": {
      "epsilon_mean": 10.922141075134277,
      "epsilon_std": 4.307835578918457,
      "lower_mean": 1.0468783378601074,
      "upper_mean": 16.82538414001465,
      "gamma_mean": 2.1429390907287598
    }
  },
  "injected_epsilon_stats": null,
  "injection_info": {
    "location": "q",
    "idx": [
      0,
      3,
      53,
      43
    ],
    "bit": 15,
    "enabled": true,
    "multi_bit": false,
    "bit_list": null,
    "random_position": false,
    "injection_rate": 0.0
  },
  "extra_data": {
    "epsilon_analysis": [
      {
        "layer_idx": 9,
        "analysis": {
          "mean_diff": 2.2351741790771484e-08,
          "std_diff": 8.760057994550152e-07,
          "max_abs_diff": 3.4332275390625e-05,
          "top_changes": [
            [
              [
                0,
                3,
                53
              ],
              {
                "baseline_epsilon": 7.251434326171875,
                "injected_epsilon": 7.251468658447266,
                "epsilon_diff": 3.4332275390625e-05,
                "abs_diff": 3.4332275390625e-05
              },
              {
                "lower1": 0.9806814789772034,
                "middle": 1.7418709993362427,
                "upper": 18.457042694091797,
                "gamma": 0.28571009635925293
              }
            ]
          ]
        }
      }
    ],
    "performance": {
      "time": {
        "total_time": 0.01900458335876465,
        "baseline_forward_time": 0.00734710693359375,
        "injection_forward_time": 0.006604433059692383,
        "bounds_computation_time": 0.0007936954498291016,
        "violation_detection_time": 0.0014655590057373047
      },
      "memory": {
        "peak_memory_allocated_mb": 1238.1201171875,
        "peak_memory_reserved_mb": 1676.0,
        "baseline_memory_mb": 1178.92333984375,
        "injection_memory_mb": 1238.1201171875
      },
      "compute": {
        "num_attention_layers": 12,
        "num_attention_heads": 12,
        "sequence_length": 64,
        "batch_size": 2,
        "attention_flops": 0.0,
        "bounds_flops": 0.0
      },
      "extra": {}
    }
  }
}