{
  "exp_id": "gpt2_comprehensive_sweep_seed=42_injection_layers=[9]_injection_bit=23_injection_location=q_injection_idx=(0, 3, 53, 43)",
  "run_id": 0,
  "timestamp": "2025-10-14T18:31:42.380010",
  "baseline_loss": 8.801229476928711,
  "injected_loss": 8.801228523254395,
  "loss_diff": -9.5367431640625e-07,
  "bounds_valid": null,
  "violation_detected": false,
  "num_violations": 0,
  "violation_positions": [],
  "baseline_epsilon_stats": {
    "9": {
      "epsilon_mean": 6.758882522583008,
      "epsilon_std": 3.844756841659546,
      "lower_mean": 0.5631410479545593,
      "upper_mean": 15.456985473632812,
      "gamma_mean": 0.17378351092338562
    }
  },
  "injected_epsilon_stats": null,
  "injection_info": {
    "location": "q",
    "idx": [
      0,
      3,
      53,
      43
    ],
    "bit": 23,
    "enabled": true,
    "multi_bit": false,
    "bit_list": null,
    "random_position": false,
    "injection_rate": 0.0
  },
  "extra_data": {
    "epsilon_analysis": [
      {
        "layer_idx": 9,
        "analysis": {
          "mean_diff": -2.083679191855481e-06,
          "std_diff": 8.16632091300562e-05,
          "max_abs_diff": 0.003200531005859375,
          "top_changes": [
            [
              [
                0,
                3,
                53
              ],
              {
                "baseline_epsilon": 7.088289260864258,
                "injected_epsilon": 7.085088729858398,
                "epsilon_diff": -0.003200531005859375,
                "abs_diff": 0.003200531005859375
              },
              {
                "lower1": 1.395185947418213,
                "middle": 3.256525993347168,
                "upper": 18.457042694091797,
                "gamma": 0.44712352752685547
              }
            ]
          ]
        }
      }
    ],
    "performance": {
      "time": {
        "total_time": 0.018585681915283203,
        "baseline_forward_time": 0.007138490676879883,
        "injection_forward_time": 0.006539106369018555,
        "bounds_computation_time": 0.0007841587066650391,
        "violation_detection_time": 0.0015308856964111328
      },
      "memory": {
        "peak_memory_allocated_mb": 1258.14453125,
        "peak_memory_reserved_mb": 1676.0,
        "baseline_memory_mb": 1198.94775390625,
        "injection_memory_mb": 1258.14453125
      },
      "compute": {
        "num_attention_layers": 12,
        "num_attention_heads": 12,
        "sequence_length": 64,
        "batch_size": 2,
        "attention_flops": 0.0,
        "bounds_flops": 0.0
      },
      "extra": {}
    }
  }
}