{
  "exp_id": "gpt2_comprehensive_sweep_seed=0_injection_layers=[3]_injection_bit=17_injection_location=q_injection_idx=(0, 0, 10, 20)",
  "run_id": 0,
  "timestamp": "2025-12-12T07:07:12.355574",
  "baseline_loss": 8.997109413146973,
  "injected_loss": 8.997109413146973,
  "loss_diff": 0.0,
  "bounds_valid": null,
  "violation_detected": false,
  "num_violations": 0,
  "violation_positions": [],
  "baseline_epsilon_stats": {
    "3": {
      "epsilon_mean": 4.6995015144348145,
      "epsilon_std": 4.219686031341553,
      "lower_mean": 0.4203936457633972,
      "upper_mean": 5.6145782470703125,
      "gamma_mean": 0.16137349605560303
    }
  },
  "injected_epsilon_stats": null,
  "injection_info": {
    "location": "q",
    "idx": [
      0,
      0,
      10,
      20
    ],
    "bit": 17,
    "enabled": true,
    "multi_bit": false,
    "bit_list": null,
    "random_position": false,
    "injection_rate": 0.0
  },
  "extra_data": {
    "epsilon_analysis": [
      {
        "layer_idx": 3,
        "analysis": {
          "mean_diff": 3.6135315895080566e-07,
          "std_diff": 1.4162093975755852e-05,
          "max_abs_diff": 0.0005550384521484375,
          "top_changes": [
            [
              [
                0,
                0,
                10
              ],
              {
                "baseline_epsilon": 8.368999481201172,
                "injected_epsilon": 8.36955451965332,
                "epsilon_diff": 0.0005550384521484375,
                "abs_diff": 0.0005550384521484375
              },
              {
                "lower1": 0.2089780569076538,
                "middle": 0.40849027037620544,
                "upper": 9.748132705688477,
                "gamma": 0.05368521809577942
              }
            ]
          ]
        }
      }
    ],
    "performance": {
      "time": {
        "total_time": 0.018610477447509766,
        "baseline_forward_time": 0.007149457931518555,
        "injection_forward_time": 0.006694793701171875,
        "bounds_computation_time": 0.0007503032684326172,
        "violation_detection_time": 0.0014278888702392578
      },
      "memory": {
        "peak_memory_allocated_mb": 1149.01025390625,
        "peak_memory_reserved_mb": 1720.0,
        "baseline_memory_mb": 1089.8134765625,
        "injection_memory_mb": 1149.01025390625
      },
      "compute": {
        "num_attention_layers": 12,
        "num_attention_heads": 12,
        "sequence_length": 64,
        "batch_size": 2,
        "attention_flops": 0.0,
        "bounds_flops": 0.0
      },
      "extra": {}
    }
  }
}