{
  "exp_id": "gpt2_comprehensive_sweep_seed=42_injection_layers=[9]_injection_bit=17_injection_location=q_injection_idx=(1, 9, 31, 62)",
  "run_id": 0,
  "timestamp": "2025-10-14T18:15:36.088206",
  "baseline_loss": 8.462053298950195,
  "injected_loss": 8.462051391601562,
  "loss_diff": -1.9073486328125e-06,
  "bounds_valid": null,
  "violation_detected": false,
  "num_violations": 0,
  "violation_positions": [],
  "baseline_epsilon_stats": {
    "9": {
      "epsilon_mean": 6.7392191886901855,
      "epsilon_std": 4.8921427726745605,
      "lower_mean": 0.5418864488601685,
      "upper_mean": 9.379467010498047,
      "gamma_mean": 0.2731764018535614
    }
  },
  "injected_epsilon_stats": null,
  "injection_info": {
    "location": "q",
    "idx": [
      1,
      9,
      31,
      62
    ],
    "bit": 17,
    "enabled": true,
    "multi_bit": false,
    "bit_list": null,
    "random_position": false,
    "injection_rate": 0.0
  },
  "extra_data": {
    "epsilon_analysis": [
      {
        "layer_idx": 9,
        "analysis": {
          "mean_diff": -2.520034831832163e-05,
          "std_diff": 0.0009876479161903262,
          "max_abs_diff": 0.038707733154296875,
          "top_changes": [
            [
              [
                1,
                9,
                31
              ],
              {
                "baseline_epsilon": 7.629380226135254,
                "injected_epsilon": 7.590672492980957,
                "epsilon_diff": -0.038707733154296875,
                "abs_diff": 0.038707733154296875
              },
              {
                "lower1": 0.7797984480857849,
                "middle": 0.9721701741218567,
                "upper": 18.457042694091797,
                "gamma": 0.21878886222839355
              }
            ]
          ]
        }
      }
    ],
    "performance": {
      "time": {
        "total_time": 0.018274784088134766,
        "baseline_forward_time": 0.0071222782135009766,
        "injection_forward_time": 0.006408214569091797,
        "bounds_computation_time": 0.0007538795471191406,
        "violation_detection_time": 0.001440286636352539
      },
      "memory": {
        "peak_memory_allocated_mb": 1218.845703125,
        "peak_memory_reserved_mb": 1718.0,
        "baseline_memory_mb": 1159.64892578125,
        "injection_memory_mb": 1218.845703125
      },
      "compute": {
        "num_attention_layers": 12,
        "num_attention_heads": 12,
        "sequence_length": 64,
        "batch_size": 2,
        "attention_flops": 0.0,
        "bounds_flops": 0.0
      },
      "extra": {}
    }
  }
}