{
  "exp_id": "gpt2_comprehensive_sweep_seed=42_injection_layers=[3]_injection_bit=26_injection_location=weights_injection_idx=(1, 9, 31, 62)",
  "run_id": 0,
  "timestamp": "2025-12-12T07:01:04.457159",
  "baseline_loss": 13.791720390319824,
  "injected_loss": 13.79184341430664,
  "loss_diff": 0.00012302398681640625,
  "bounds_valid": null,
  "violation_detected": true,
  "num_violations": 1,
  "violation_positions": [
    [
      3,
      [
        1,
        9,
        31
      ]
    ]
  ],
  "baseline_epsilon_stats": {
    "3": {
      "epsilon_mean": 6.302740097045898,
      "epsilon_std": 2.23594331741333,
      "lower_mean": 0.9555976390838623,
      "upper_mean": 17.05971336364746,
      "gamma_mean": 1.0718344449996948
    }
  },
  "injected_epsilon_stats": null,
  "injection_info": {
    "location": "weights",
    "idx": [
      1,
      9,
      31,
      62
    ],
    "bit": 26,
    "enabled": true,
    "multi_bit": false,
    "bit_list": null,
    "random_position": false,
    "injection_rate": 0.0
  },
  "extra_data": {
    "epsilon_analysis": [
      {
        "layer_idx": 3,
        "analysis": {
          "mean_diff": 0.008494175970554352,
          "std_diff": 0.33290237188339233,
          "max_abs_diff": 13.047054290771484,
          "top_changes": [
            [
              [
                1,
                9,
                31
              ],
              {
                "baseline_epsilon": 6.732818603515625,
                "injected_epsilon": 19.77987289428711,
                "epsilon_diff": 13.047054290771484,
                "abs_diff": 13.047054290771484
              },
              {
                "lower1": 0.9584139585494995,
                "middle": 1.6730202436447144,
                "upper": 18.457042694091797,
                "gamma": 0.2779979705810547
              }
            ]
          ]
        }
      }
    ],
    "performance": {
      "time": {
        "total_time": 0.01889967918395996,
        "baseline_forward_time": 0.007178783416748047,
        "injection_forward_time": 0.006795406341552734,
        "bounds_computation_time": 0.0007660388946533203,
        "violation_detection_time": 0.0015387535095214844
      },
      "memory": {
        "peak_memory_allocated_mb": 1490.17529296875,
        "peak_memory_reserved_mb": 1786.0,
        "baseline_memory_mb": 1430.978515625,
        "injection_memory_mb": 1490.17529296875
      },
      "compute": {
        "num_attention_layers": 12,
        "num_attention_heads": 12,
        "sequence_length": 64,
        "batch_size": 2,
        "attention_flops": 0.0,
        "bounds_flops": 0.0
      },
      "extra": {}
    }
  }
}