{
  "exp_id": "gpt2_comprehensive_sweep_seed=3407_injection_layers=[3]_injection_bit=13_injection_location=q_injection_idx=(1, 9, 31, 62)",
  "run_id": 0,
  "timestamp": "2025-12-12T07:12:37.400076",
  "baseline_loss": 8.997109413146973,
  "injected_loss": 8.997109413146973,
  "loss_diff": 0.0,
  "bounds_valid": null,
  "violation_detected": false,
  "num_violations": 0,
  "violation_positions": [],
  "baseline_epsilon_stats": {
    "3": {
      "epsilon_mean": 4.6995015144348145,
      "epsilon_std": 4.219686031341553,
      "lower_mean": 0.4203936457633972,
      "upper_mean": 5.6145782470703125,
      "gamma_mean": 0.16137349605560303
    }
  },
  "injected_epsilon_stats": null,
  "injection_info": {
    "location": "q",
    "idx": [
      1,
      9,
      31,
      62
    ],
    "bit": 13,
    "enabled": true,
    "multi_bit": false,
    "bit_list": null,
    "random_position": false,
    "injection_rate": 0.0
  },
  "extra_data": {
    "epsilon_analysis": [
      {
        "layer_idx": 3,
        "analysis": {
          "mean_diff": 2.0333876804556894e-08,
          "std_diff": 7.969219382175652e-07,
          "max_abs_diff": 3.123283386230469e-05,
          "top_changes": [
            [
              [
                1,
                9,
                31
              ],
              {
                "baseline_epsilon": 0.6146464347839355,
                "injected_epsilon": 0.6146776676177979,
                "epsilon_diff": 3.123283386230469e-05,
                "abs_diff": 3.123283386230469e-05
              },
              {
                "lower1": 0.000405767816118896,
                "middle": 0.0007977315690368414,
                "upper": 0.8266172409057617,
                "gamma": 0.00010144710540771484
              }
            ]
          ]
        }
      }
    ],
    "performance": {
      "time": {
        "total_time": 0.018607616424560547,
        "baseline_forward_time": 0.00714564323425293,
        "injection_forward_time": 0.006683349609375,
        "bounds_computation_time": 0.0007472038269042969,
        "violation_detection_time": 0.0014433860778808594
      },
      "memory": {
        "peak_memory_allocated_mb": 1389.30322265625,
        "peak_memory_reserved_mb": 1854.0,
        "baseline_memory_mb": 1330.1064453125,
        "injection_memory_mb": 1389.30322265625
      },
      "compute": {
        "num_attention_layers": 12,
        "num_attention_heads": 12,
        "sequence_length": 64,
        "batch_size": 2,
        "attention_flops": 0.0,
        "bounds_flops": 0.0
      },
      "extra": {}
    }
  }
}