{
  "exp_id": "gpt2_comprehensive_sweep_seed=42_injection_layers=[0]_injection_bit=21_injection_location=q_injection_idx=(0, 0, 10, 20)",
  "run_id": 0,
  "timestamp": "2025-12-12T07:00:37.909508",
  "baseline_loss": 13.588921546936035,
  "injected_loss": 13.588922500610352,
  "loss_diff": 9.5367431640625e-07,
  "bounds_valid": null,
  "violation_detected": false,
  "num_violations": 0,
  "violation_positions": [],
  "baseline_epsilon_stats": {
    "0": {
      "epsilon_mean": 4.467039108276367,
      "epsilon_std": 2.3451578617095947,
      "lower_mean": 0.39254388213157654,
      "upper_mean": 9.511073112487793,
      "gamma_mean": 0.164742574095726
    }
  },
  "injected_epsilon_stats": null,
  "injection_info": {
    "location": "q",
    "idx": [
      0,
      0,
      10,
      20
    ],
    "bit": 21,
    "enabled": true,
    "multi_bit": false,
    "bit_list": null,
    "random_position": false,
    "injection_rate": 0.0
  },
  "extra_data": {
    "epsilon_analysis": [
      {
        "layer_idx": 0,
        "analysis": {
          "mean_diff": -2.6334698759455932e-06,
          "std_diff": 0.00010321051377104595,
          "max_abs_diff": 0.004045009613037109,
          "top_changes": [
            [
              [
                0,
                0,
                10
              ],
              {
                "baseline_epsilon": 2.523094415664673,
                "injected_epsilon": 2.5190494060516357,
                "epsilon_diff": -0.004045009613037109,
                "abs_diff": 0.004045009613037109
              },
              {
                "lower1": 0.0240748580545187,
                "middle": 0.04720572009682655,
                "upper": 3.395707607269287,
                "gamma": 0.006036937236785889
              }
            ]
          ]
        }
      }
    ],
    "performance": {
      "time": {
        "total_time": 0.018773317337036133,
        "baseline_forward_time": 0.0072612762451171875,
        "injection_forward_time": 0.00671076774597168,
        "bounds_computation_time": 0.0007634162902832031,
        "violation_detection_time": 0.0014529228210449219
      },
      "memory": {
        "peak_memory_allocated_mb": 1269.15673828125,
        "peak_memory_reserved_mb": 1786.0,
        "baseline_memory_mb": 1209.9599609375,
        "injection_memory_mb": 1269.15673828125
      },
      "compute": {
        "num_attention_layers": 12,
        "num_attention_heads": 12,
        "sequence_length": 64,
        "batch_size": 2,
        "attention_flops": 0.0,
        "bounds_flops": 0.0
      },
      "extra": {}
    }
  }
}