{
  "exp_id": "gpt2_comprehensive_sweep_seed=42_injection_layers=[3]_injection_bit=31_injection_location=k_injection_idx=(1, 6, 32, 1)",
  "num_runs": 1,
  "timestamp": "2025-10-14T18:25:04.715256",
  "baseline_loss": {
    "mean": 8.997108459472656,
    "std": 0.0,
    "min": 8.997108459472656,
    "max": 8.997108459472656
  },
  "injected_loss": {
    "mean": 8.997132301330566,
    "std": 0.0,
    "min": 8.997132301330566,
    "max": 8.997132301330566
  },
  "loss_diff": {
    "mean": 2.384185791015625e-05,
    "std": 0.0,
    "min": 2.384185791015625e-05,
    "max": 2.384185791015625e-05
  },
  "violation_detection": {
    "detection_rate": 0.0,
    "total_violations": 0,
    "avg_violations_per_run": 0.0
  }
}