{
  "exp_id": "gpt2_comprehensive_sweep_seed=3407_injection_layers=[0]_injection_bit=16_injection_location=q_injection_idx=(1, 9, 31, 62)",
  "run_id": 0,
  "timestamp": "2025-12-12T07:12:01.000128",
  "baseline_loss": 10.275479316711426,
  "injected_loss": 10.275477409362793,
  "loss_diff": -1.9073486328125e-06,
  "bounds_valid": null,
  "violation_detected": false,
  "num_violations": 0,
  "violation_positions": [],
  "baseline_epsilon_stats": {
    "0": {
      "epsilon_mean": 1.9825315475463867,
      "epsilon_std": 1.6013407707214355,
      "lower_mean": 0.3287202715873718,
      "upper_mean": 2.0460193157196045,
      "gamma_mean": 0.0896625965833664
    }
  },
  "injected_epsilon_stats": null,
  "injection_info": {
    "location": "q",
    "idx": [
      1,
      9,
      31,
      62
    ],
    "bit": 16,
    "enabled": true,
    "multi_bit": false,
    "bit_list": null,
    "random_position": false,
    "injection_rate": 0.0
  },
  "extra_data": {
    "epsilon_analysis": [
      {
        "layer_idx": 0,
        "analysis": {
          "mean_diff": -1.862645149230957e-09,
          "std_diff": 7.300048565639372e-08,
          "max_abs_diff": 2.86102294921875e-06,
          "top_changes": [
            [
              [
                1,
                9,
                31
              ],
              {
                "baseline_epsilon": 4.464097023010254,
                "injected_epsilon": 4.464094161987305,
                "epsilon_diff": -2.86102294921875e-06,
                "abs_diff": 2.86102294921875e-06
              },
              {
                "lower1": 0.41202840209007263,
                "middle": 0.8474274277687073,
                "upper": 4.627466201782227,
                "gamma": 0.10893461108207703
              }
            ]
          ]
        }
      }
    ],
    "performance": {
      "time": {
        "total_time": 0.018778562545776367,
        "baseline_forward_time": 0.007277250289916992,
        "injection_forward_time": 0.006639957427978516,
        "bounds_computation_time": 0.0007710456848144531,
        "violation_detection_time": 0.001451253890991211
      },
      "memory": {
        "peak_memory_allocated_mb": 1319.2177734375,
        "peak_memory_reserved_mb": 1852.0,
        "baseline_memory_mb": 1260.02099609375,
        "injection_memory_mb": 1319.2177734375
      },
      "compute": {
        "num_attention_layers": 12,
        "num_attention_heads": 12,
        "sequence_length": 64,
        "batch_size": 2,
        "attention_flops": 0.0,
        "bounds_flops": 0.0
      },
      "extra": {}
    }
  }
}