{
  "exp_id": "gpt2_comprehensive_sweep_seed=123_injection_layers=[3]_injection_bit=13_injection_location=k_injection_idx=(1, 6, 32, 1)",
  "run_id": 0,
  "timestamp": "2025-12-12T07:02:24.915288",
  "baseline_loss": 13.791720390319824,
  "injected_loss": 13.791719436645508,
  "loss_diff": -9.5367431640625e-07,
  "bounds_valid": null,
  "violation_detected": false,
  "num_violations": 0,
  "violation_positions": [],
  "baseline_epsilon_stats": {
    "3": {
      "epsilon_mean": 6.302740097045898,
      "epsilon_std": 2.23594331741333,
      "lower_mean": 0.9555976390838623,
      "upper_mean": 17.05971336364746,
      "gamma_mean": 1.0718344449996948
    }
  },
  "injected_epsilon_stats": null,
  "injection_info": {
    "location": "k",
    "idx": [
      1,
      6,
      32,
      1
    ],
    "bit": 13,
    "enabled": true,
    "multi_bit": false,
    "bit_list": null,
    "random_position": false,
    "injection_rate": 0.0
  },
  "extra_data": {
    "epsilon_analysis": [
      {
        "layer_idx": 3,
        "analysis": {
          "mean_diff": -2.399708023403946e-07,
          "std_diff": 4.171412001596764e-06,
          "max_abs_diff": 9.918212890625e-05,
          "top_changes": [
            [
              [
                1,
                6,
                6
              ],
              {
                "baseline_epsilon": 3.960723876953125,
                "injected_epsilon": 3.9606246948242188,
                "epsilon_diff": -9.918212890625e-05,
                "abs_diff": 9.918212890625e-05
              },
              {
                "lower1": 0.039034195244312286,
                "middle": 0.07367274165153503,
                "upper": 18.457042694091797,
                "gamma": 0.009806632995605469
              }
            ],
            [
              [
                1,
                6,
                2
              ],
              {
                "baseline_epsilon": 3.3750152587890625,
                "injected_epsilon": 3.37493896484375,
                "epsilon_diff": -7.62939453125e-05,
                "abs_diff": 7.62939453125e-05
              },
              {
                "lower1": 0.012515455484390259,
                "middle": 0.023781949654221535,
                "upper": 18.457042694091797,
                "gamma": 0.0031337738037109375
              }
            ],
            [
              [
                1,
                6,
                7
              ],
              {
                "baseline_epsilon": 5.207977294921875,
                "injected_epsilon": 5.207916259765625,
                "epsilon_diff": -6.103515625e-05,
                "abs_diff": 6.103515625e-05
              },
              {
                "lower1": 0.17122282087802887,
                "middle": 0.32265084981918335,
                "upper": 18.457042694091797,
                "gamma": 0.043763160705566406
              }
            ],
            [
              [
                1,
                6,
                4
              ],
              {
                "baseline_epsilon": 3.2575531005859375,
                "injected_epsilon": 3.2574996948242188,
                "epsilon_diff": -5.340576171875e-05,
                "abs_diff": 5.340576171875e-05
              },
              {
                "lower1": 0.004441653843969107,
                "middle": 0.008440001867711544,
                "upper": 18.457042694091797,
                "gamma": 0.0011110305786132812
              }
            ],
            [
              [
                1,
                6,
                8
              ],
              {
                "baseline_epsilon": 5.983650207519531,
                "injected_epsilon": 5.983612060546875,
                "epsilon_diff": -3.814697265625e-05,
                "abs_diff": 3.814697265625e-05
              },
              {
                "lower1": 0.3100518584251404,
                "middle": 0.5802253484725952,
                "upper": 18.457042694091797,
                "gamma": 0.08077335357666016
              }
            ],
            [
              [
                1,
                6,
                0
              ],
              {
                "baseline_epsilon": 5.775677680969238,
                "injected_epsilon": 5.775712966918945,
                "epsilon_diff": 3.528594970703125e-05,
                "abs_diff": 3.528594970703125e-05
              },
              {
                "lower1": 0.9508787393569946,
                "middle": 2.1296215057373047,
                "upper": 6.385159492492676,
                "gamma": 0.27540600299835205
              }
            ],
            [
              [
                1,
                6,
                1
              ],
              {
                "baseline_epsilon": 3.2069320678710938,
                "injected_epsilon": 3.2069015502929688,
                "epsilon_diff": -3.0517578125e-05,
                "abs_diff": 3.0517578125e-05
              },
              {
                "lower1": 0.004575017839670181,
                "middle": 0.00873170979321003,
                "upper": 18.457042694091797,
                "gamma": 0.0011444091796875
              }
            ],
            [
              [
                1,
                6,
                10
              ],
              {
                "baseline_epsilon": 6.3829498291015625,
                "injected_epsilon": 6.3829345703125,
                "epsilon_diff": -1.52587890625e-05,
                "abs_diff": 1.52587890625e-05
              },
              {
                "lower1": 0.44968903064727783,
                "middle": 0.8293359279632568,
                "upper": 18.457042694091797,
                "gamma": 0.11956119537353516
              }
            ],
            [
              [
                1,
                6,
                5
              ],
              {
                "baseline_epsilon": 3.1814117431640625,
                "injected_epsilon": 3.181396484375,
                "epsilon_diff": -1.52587890625e-05,
                "abs_diff": 1.52587890625e-05
              },
              {
                "lower1": 1.5258759958669543e-05,
                "middle": 2.901842526625842e-05,
                "upper": 18.457042694091797,
                "gamma": 3.814697265625e-06
              }
            ],
            [
              [
                1,
                6,
                9
              ],
              {
                "baseline_epsilon": 6.2282562255859375,
                "injected_epsilon": 6.228240966796875,
                "epsilon_diff": -1.52587890625e-05,
                "abs_diff": 1.52587890625e-05
              },
              {
                "lower1": 0.3824997544288635,
                "middle": 0.7104683518409729,
                "upper": 18.457042694091797,
                "gamma": 0.10068988800048828
              }
            ],
            [
              [
                1,
                6,
                13
              ],
              {
                "baseline_epsilon": 6.592742919921875,
                "injected_epsilon": 6.592750549316406,
                "epsilon_diff": 7.62939453125e-06,
                "abs_diff": 7.62939453125e-06
              },
              {
                "lower1": 0.6341671943664551,
                "middle": 1.146075963973999,
                "upper": 18.457042694091797,
                "gamma": 0.1735668182373047
              }
            ],
            [
              [
                1,
                6,
                3
              ],
              {
                "baseline_epsilon": 2.7540206909179688,
                "injected_epsilon": 2.7540130615234375,
                "epsilon_diff": -7.62939453125e-06,
                "abs_diff": 7.62939453125e-06
              },
              {
                "lower1": 0.030965175479650497,