{
  "exp_id": "gpt2_comprehensive_sweep_seed=123_injection_layers=[6]_injection_bit=23_injection_location=weights_injection_idx=(1, 9, 31, 62)",
  "run_id": 0,
  "timestamp": "2025-12-12T07:10:59.906823",
  "baseline_loss": 8.564264297485352,
  "injected_loss": 8.564297676086426,
  "loss_diff": 3.337860107421875e-05,
  "bounds_valid": null,
  "violation_detected": false,
  "num_violations": 0,
  "violation_positions": [],
  "baseline_epsilon_stats": {
    "6": {
      "epsilon_mean": 5.956024169921875,
      "epsilon_std": 4.427911758422852,
      "lower_mean": 0.5316863656044006,
      "upper_mean": 7.960529327392578,
      "gamma_mean": 0.18503431975841522
    }
  },
  "injected_epsilon_stats": null,
  "injection_info": {
    "location": "weights",
    "idx": [
      1,
      9,
      31,
      62
    ],
    "bit": 23,
    "enabled": true,
    "multi_bit": false,
    "bit_list": null,
    "random_position": false,
    "injection_rate": 0.0
  },
  "extra_data": {
    "epsilon_analysis": [
      {
        "layer_idx": 6,
        "analysis": {
          "mean_diff": 6.502246105810627e-05,
          "std_diff": 0.002548349555581808,
          "max_abs_diff": 0.09987449645996094,
          "top_changes": [
            [
              [
                1,
                9,
                31
              ],
              {
                "baseline_epsilon": 7.418415546417236,
                "injected_epsilon": 7.518290042877197,
                "epsilon_diff": 0.09987449645996094,
                "abs_diff": 0.09987449645996094
              },
              {
                "lower1": 1.8620437383651733,
                "middle": 5.369678020477295,
                "upper": 9.679186820983887,
                "gamma": 0.7027654647827148
              }
            ]
          ]
        }
      }
    ],
    "performance": {
      "time": {
        "total_time": 0.018564462661743164,
        "baseline_forward_time": 0.007128715515136719,
        "injection_forward_time": 0.006684541702270508,
        "bounds_computation_time": 0.0007479190826416016,
        "violation_detection_time": 0.0014302730560302734
      },
      "memory": {
        "peak_memory_allocated_mb": 1370.02880859375,
        "peak_memory_reserved_mb": 1830.0,
        "baseline_memory_mb": 1310.83203125,
        "injection_memory_mb": 1370.02880859375
      },
      "compute": {
        "num_attention_layers": 12,
        "num_attention_heads": 12,
        "sequence_length": 64,
        "batch_size": 2,
        "attention_flops": 0.0,
        "bounds_flops": 0.0
      },
      "extra": {}
    }
  }
}