{
  "exp_id": "gpt2_comprehensive_sweep_seed=42_injection_layers=[3]_injection_bit=22_injection_location=scores_injection_idx=(1, 9, 31, 62)",
  "run_id": 0,
  "timestamp": "2025-12-12T07:01:01.453902",
  "baseline_loss": 13.791720390319824,
  "injected_loss": 13.791730880737305,
  "loss_diff": 1.049041748046875e-05,
  "bounds_valid": null,
  "violation_detected": false,
  "num_violations": 0,
  "violation_positions": [],
  "baseline_epsilon_stats": {
    "3": {
      "epsilon_mean": 6.302740097045898,
      "epsilon_std": 2.23594331741333,
      "lower_mean": 0.9555976390838623,
      "upper_mean": 17.05971336364746,
      "gamma_mean": 1.0718344449996948
    }
  },
  "injected_epsilon_stats": null,
  "injection_info": {
    "location": "scores",
    "idx": [
      1,
      9,
      31,
      62
    ],
    "bit": 22,
    "enabled": true,
    "multi_bit": false,
    "bit_list": null,
    "random_position": false,
    "injection_rate": 0.0
  },
  "extra_data": {
    "epsilon_analysis": [
      {
        "layer_idx": 3,
        "analysis": {
          "mean_diff": -0.002586955903097987,
          "std_diff": 0.10138754546642303,
          "max_abs_diff": 3.9735641479492188,
          "top_changes": [
            [
              [
                1,
                9,
                31
              ],
              {
                "baseline_epsilon": 6.732818603515625,
                "injected_epsilon": 2.7592544555664062,
                "epsilon_diff": -3.9735641479492188,
                "abs_diff": 3.9735641479492188
              },
              {
                "lower1": 0.9584139585494995,
                "middle": 1.6730202436447144,
                "upper": 18.457042694091797,
                "gamma": 0.2779979705810547
              }
            ]
          ]
        }
      }
    ],
    "performance": {
      "time": {
        "total_time": 0.018935441970825195,
        "baseline_forward_time": 0.007231235504150391,
        "injection_forward_time": 0.006807565689086914,
        "bounds_computation_time": 0.0008218288421630859,
        "violation_detection_time": 0.00146484375
      },
      "memory": {
        "peak_memory_allocated_mb": 1269.90673828125,
        "peak_memory_reserved_mb": 1786.0,
        "baseline_memory_mb": 1210.7099609375,
        "injection_memory_mb": 1269.90673828125
      },
      "compute": {
        "num_attention_layers": 12,
        "num_attention_heads": 12,
        "sequence_length": 64,
        "batch_size": 2,
        "attention_flops": 0.0,
        "bounds_flops": 0.0
      },
      "extra": {}
    }
  }
}