{
  "exp_id": "gpt2_comprehensive_sweep_seed=123_injection_layers=[0]_injection_bit=25_injection_location=k_injection_idx=(1, 9, 31, 62)",
  "run_id": 0,
  "timestamp": "2025-10-14T18:27:57.209782",
  "baseline_loss": 10.27547836303711,
  "injected_loss": 10.275487899780273,
  "loss_diff": 9.5367431640625e-06,
  "bounds_valid": null,
  "violation_detected": false,
  "num_violations": 0,
  "violation_positions": [],
  "baseline_epsilon_stats": {
    "0": {
      "epsilon_mean": 1.9825315475463867,
      "epsilon_std": 1.6013407707214355,
      "lower_mean": 0.3287202715873718,
      "upper_mean": 2.0460193157196045,
      "gamma_mean": 0.0896625965833664
    }
  },
  "injected_epsilon_stats": null,
  "injection_info": {
    "location": "k",
    "idx": [
      1,
      9,
      31,
      62
    ],
    "bit": 25,
    "enabled": true,
    "multi_bit": false,
    "bit_list": null,
    "random_position": false,
    "injection_rate": 0.0
  },
  "extra_data": {
    "epsilon_analysis": [
      {
        "layer_idx": 0,
        "analysis": {
          "mean_diff": 8.000546358744032e-07,
          "std_diff": 1.6338593923137523e-05,
          "max_abs_diff": 0.0005807876586914062,
          "top_changes": [
            [
              [
                1,
                9,
                4
              ],
              {
                "baseline_epsilon": 8.643350601196289,
                "injected_epsilon": 8.64393138885498,
                "epsilon_diff": 0.0005807876586914062,
                "abs_diff": 0.0005807876586914062
              },
              {
                "lower1": 0.695980429649353,
                "middle": 1.4614942073822021,
                "upper": 10.059882164001465,
                "gamma": 0.19245824217796326
              }
            ],
            [
              [
                1,
                9,
                1
              ],
              {
                "baseline_epsilon": 6.895520210266113,
                "injected_epsilon": 6.8956804275512695,
                "epsilon_diff": 0.00016021728515625,
                "abs_diff": 0.00016021728515625
              },
              {
                "lower1": 0.7571368217468262,
                "middle": 1.6278698444366455,
                "upper": 7.397200584411621,
                "gamma": 0.21158522367477417
              }
            ],
            [
              [
                1,
                9,
                3
              ],
              {
                "baseline_epsilon": 6.357355117797852,
                "injected_epsilon": 6.357452392578125,
                "epsilon_diff": 9.72747802734375e-05,
                "abs_diff": 9.72747802734375e-05
              },
              {
                "lower1": 0.6110673546791077,
                "middle": 1.2854777574539185,
                "upper": 6.782403945922852,
                "gamma": 0.16661511361598969
              }
            ],
            [
              [
                1,
                9,
                5
              ],
              {
                "baseline_epsilon": 5.597444534301758,
                "injected_epsilon": 5.597356796264648,
                "epsilon_diff": -8.7738037109375e-05,
                "abs_diff": 8.7738037109375e-05
              },
              {
                "lower1": 1.0319346189498901,
                "middle": 2.3525428771972656,
                "upper": 5.827201843261719,
                "gamma": 0.3037703037261963
              }
            ],
            [
              [
                1,
                9,
                7
              ],
              {
                "baseline_epsilon": 6.456324577331543,
                "injected_epsilon": 6.4564104080200195,
                "epsilon_diff": 8.58306884765625e-05,
                "abs_diff": 8.58306884765625e-05
              },
              {
                "lower1": 0.9685622453689575,
                "middle": 2.1709952354431152,
                "upper": 6.8571858406066895,
                "gamma": 0.28150293231010437
              }
            ],
            [
              [
                1,
                9,
                2
              ],
              {
                "baseline_epsilon": 6.371062755584717,
                "injected_epsilon": 6.371126174926758,
                "epsilon_diff": 6.341934204101562e-05,
                "abs_diff": 6.341934204101562e-05
              },
              {
                "lower1": 0.7494136691093445,
                "middle": 1.6135250329971313,
                "upper": 6.791531562805176,
                "gamma": 0.20914483070373535
              }
            ],
            [
              [
                1,
                9,
                8
              ],
              {
                "baseline_epsilon": 5.9991135597229,
                "injected_epsilon": 5.99916934967041,
                "epsilon_diff": 5.5789947509765625e-05,
                "abs_diff": 5.5789947509765625e-05
              },
              {
                "lower1": 0.7121788859367371,
                "middle": 1.5265538692474365,
                "upper": 6.2923054695129395,
                "gamma": 0.1974809616804123
              }
            ],
            [
              [
                1,
                9,
                9
              ],
              {
                "baseline_epsilon": 5.90817403793335,
                "injected_epsilon": 5.90822696685791,
                "epsilon_diff": 5.2928924560546875e-05,
                "abs_diff": 5.2928924560546875e-05
              },
              {
                "lower1": 0.6841798424720764,
                "middle": 1.4601789712905884,
                "upper": 6.198170185089111,
                "gamma": 0.18881836533546448
              }
            ],
            [
              [
                1,
                9,
                10
              ],
              {
                "baseline_epsilon": 5.972183704376221,
                "injected_epsilon": 5.972230911254883,
                "epsilon_diff": 4.7206878662109375e-05,
                "abs_diff": 4.7206878662109375e-05
              },
              {
                "lower1": 0.6871623992919922,
                "middle": 1.4668198823928833,
                "upper": 6.278095245361328,
                "gamma": 0.18973682820796967
              }
            ],
            [
              [
                1,
                9,
                11
              ],
              {
                "baseline_epsilon": 5.738180160522461,
                "injected_epsilon": 5.738223552703857,
                "epsilon_diff": 4.3392181396484375e-05,
                "abs_diff": 4.3392181396484375e-05
              },
              {
                "lower1": 0.6242436766624451,
                "middle": 1.3200621604919434,
                "upper": 6.022276878356934,
                "gamma": 0.1705733835697174
              }
            ],
            [
              [
                1,
                9,
                13
              ],
              {
                "baseline_epsilon": 5.704894542694092,
                "injected_epsilon": 5.704934120178223,
                "epsilon_diff": 3.9577484130859375e-05,
                "abs_diff": 3.9577484130859375e-05
              },
              {
                "lower1": 0.5616705417633057,
                "middle": 1.1759734153747559,
                "upper": 6.002364635467529,
                "gamma": 0.1519380807876587
              }
            ],
            [
              [
                1,
                9,
                12
              ],
              {
                "baseline_epsilon": 5.762953758239746,
                "injected_epsilon": 5.762991428375244,
                "epsilon_diff": 3.7670135498046875e-05,
                "abs_diff": 3.7670135498046875e-05
              },
              {
                "lower1": 0.5941619277000427,