{
  "exp_id": "gpt2_comprehensive_sweep_seed=0_injection_layers=[3]_injection_bit=23_injection_location=q_injection_idx=(1, 9, 31, 62)",
  "num_runs": 1,
  "timestamp": "2025-10-14T18:31:22.125128",
  "baseline_loss": {
    "mean": 7.881114482879639,
    "std": 0.0,
    "min": 7.881114482879639,
    "max": 7.881114482879639
  },
  "injected_loss": {
    "mean": 7.881113529205322,
    "std": 0.0,
    "min": 7.881113529205322,
    "max": 7.881113529205322
  },
  "loss_diff": {
    "mean": -9.5367431640625e-07,
    "std": 0.0,
    "min": -9.5367431640625e-07,
    "max": -9.5367431640625e-07
  },
  "violation_detection": {
    "detection_rate": 0.0,
    "total_violations": 0,
    "avg_violations_per_run": 0.0
  }
}