{
  "exp_id": "gpt2_comprehensive_sweep_seed=42_injection_layers=[6]_injection_bit=28_injection_location=weights_injection_idx=(1, 9, 31, 62)",
  "run_id": 0,
  "timestamp": "2025-10-14T18:21:37.135816",
  "baseline_loss": 12.890384674072266,
  "injected_loss": 12.890379905700684,
  "loss_diff": -4.76837158203125e-06,
  "bounds_valid": null,
  "violation_detected": false,
  "num_violations": 0,
  "violation_positions": [],
  "baseline_epsilon_stats": {
    "6": {
      "epsilon_mean": 7.864658355712891,
      "epsilon_std": 3.4537131786346436,
      "lower_mean": 0.852850615978241,
      "upper_mean": 17.020122528076172,
      "gamma_mean": 1.5244500637054443
    }
  },
  "injected_epsilon_stats": null,
  "injection_info": {
    "location": "weights",
    "idx": [
      1,
      9,
      31,
      62
    ],
    "bit": 28,
    "enabled": true,
    "multi_bit": false,
    "bit_list": null,
    "random_position": false,
    "injection_rate": 0.0
  },
  "extra_data": {
    "epsilon_analysis": [
      {
        "layer_idx": 6,
        "analysis": {
          "mean_diff": -3.9861850382294506e-05,
          "std_diff": 0.0015622589271515608,
          "max_abs_diff": 0.06122779846191406,
          "top_changes": [
            [
              [
                1,
                9,
                31
              ],
              {
                "baseline_epsilon": 5.643606185913086,
                "injected_epsilon": 5.582378387451172,
                "epsilon_diff": -0.06122779846191406,
                "abs_diff": 0.06122779846191406
              },
              {
                "lower1": 0.1896509826183319,
                "middle": 5.151686668395996,
                "upper": 9.402652740478516,
                "gamma": 5.429478645324707
              }
            ]
          ]
        }
      }
    ],
    "performance": {
      "time": {
        "total_time": 0.018397092819213867,
        "baseline_forward_time": 0.00702667236328125,
        "injection_forward_time": 0.0065844058990478516,
        "bounds_computation_time": 0.0007715225219726562,
        "violation_detection_time": 0.001451253890991211
      },
      "memory": {
        "peak_memory_allocated_mb": 1328.22998046875,
        "peak_memory_reserved_mb": 1718.0,
        "baseline_memory_mb": 1269.033203125,
        "injection_memory_mb": 1328.22998046875
      },
      "compute": {
        "num_attention_layers": 12,
        "num_attention_heads": 12,
        "sequence_length": 64,
        "batch_size": 2,
        "attention_flops": 0.0,
        "bounds_flops": 0.0
      },
      "extra": {}
    }
  }
}