{
  "exp_id": "gpt2_comprehensive_sweep_seed=0_injection_layers=[0]_injection_bit=22_injection_location=scores_injection_idx=(1, 9, 31, 62)",
  "num_runs": 1,
  "timestamp": "2025-12-12T06:59:10.841589",
  "baseline_loss": {
    "mean": 13.588921546936035,
    "std": 0.0,
    "min": 13.588921546936035,
    "max": 13.588921546936035
  },
  "injected_loss": {
    "mean": 13.588910102844238,
    "std": 0.0,
    "min": 13.588910102844238,
    "max": 13.588910102844238
  },
  "loss_diff": {
    "mean": -1.1444091796875e-05,
    "std": 0.0,
    "min": -1.1444091796875e-05,
    "max": -1.1444091796875e-05
  },
  "violation_detection": {
    "detection_rate": 0.0,
    "total_violations": 0,
    "avg_violations_per_run": 0.0
  }
}