{
  "exp_id": "gpt2_comprehensive_sweep_seed=123_injection_layers=[0]_injection_bit=27_injection_location=weights_injection_idx=(1, 6, 32, 1)",
  "run_id": 0,
  "timestamp": "2025-12-12T07:10:08.721980",
  "baseline_loss": 10.275479316711426,
  "injected_loss": 10.275522232055664,
  "loss_diff": 4.291534423828125e-05,
  "bounds_valid": null,
  "violation_detected": false,
  "num_violations": 0,
  "violation_positions": [],
  "baseline_epsilon_stats": {
    "0": {
      "epsilon_mean": 1.9825315475463867,
      "epsilon_std": 1.6013407707214355,
      "lower_mean": 0.3287202715873718,
      "upper_mean": 2.0460193157196045,
      "gamma_mean": 0.0896625965833664
    }
  },
  "injected_epsilon_stats": null,
  "injection_info": {
    "location": "weights",
    "idx": [
      1,
      6,
      32,
      1
    ],
    "bit": 27,
    "enabled": true,
    "multi_bit": false,
    "bit_list": null,
    "random_position": false,
    "injection_rate": 0.0
  },
  "extra_data": {
    "epsilon_analysis": [
      {
        "layer_idx": 0,
        "analysis": {
          "mean_diff": -3.1058057174959686e-06,
          "std_diff": 0.00012172222341177985,
          "max_abs_diff": 0.004770517349243164,
          "top_changes": [
            [
              [
                1,
                6,
                32
              ],
              {
                "baseline_epsilon": 2.860581398010254,
                "injected_epsilon": 2.8558108806610107,
                "epsilon_diff": -0.004770517349243164,
                "abs_diff": 0.004770517349243164
              },
              {
                "lower1": 0.42157915234565735,
                "middle": 0.8729342818260193,
                "upper": 2.9041638374328613,
                "gamma": 0.1116175651550293
              }
            ]
          ]
        }
      }
    ],
    "performance": {
      "time": {
        "total_time": 0.018652915954589844,
        "baseline_forward_time": 0.007184267044067383,
        "injection_forward_time": 0.006684303283691406,
        "bounds_computation_time": 0.0007522106170654297,
        "violation_detection_time": 0.0014348030090332031
      },
      "memory": {
        "peak_memory_allocated_mb": 1529.47412109375,
        "peak_memory_reserved_mb": 1830.0,
        "baseline_memory_mb": 1470.27734375,
        "injection_memory_mb": 1529.47412109375
      },
      "compute": {
        "num_attention_layers": 12,
        "num_attention_heads": 12,
        "sequence_length": 64,
        "batch_size": 2,
        "attention_flops": 0.0,
        "bounds_flops": 0.0
      },
      "extra": {}
    }
  }
}