{
  "exp_id": "gpt2_comprehensive_sweep_seed=123_injection_layers=[3]_injection_bit=23_injection_location=weights_injection_idx=(0, 0, 10, 20)",
  "num_runs": 1,
  "timestamp": "2025-10-14T18:15:49.174402",
  "baseline_loss": {
    "mean": 8.997108459472656,
    "std": 0.0,
    "min": 8.997108459472656,
    "max": 8.997108459472656
  },
  "injected_loss": {
    "mean": 8.996720314025879,
    "std": 0.0,
    "min": 8.996720314025879,
    "max": 8.996720314025879
  },
  "loss_diff": {
    "mean": -0.00038814544677734375,
    "std": 0.0,
    "min": -0.00038814544677734375,
    "max": -0.00038814544677734375
  },
  "violation_detection": {
    "detection_rate": 0.0,
    "total_violations": 0,
    "avg_violations_per_run": 0.0
  }
}