{
  "exp_id": "gpt2_comprehensive_sweep_seed=0_injection_layers=[9]_injection_bit=21_injection_location=q_injection_idx=(1, 9, 31, 62)",
  "run_id": 0,
  "timestamp": "2025-12-12T07:00:15.435090",
  "baseline_loss": 13.721663475036621,
  "injected_loss": 13.721689224243164,
  "loss_diff": 2.574920654296875e-05,
  "bounds_valid": null,
  "violation_detected": false,
  "num_violations": 0,
  "violation_positions": [],
  "baseline_epsilon_stats": {
    "9": {
      "epsilon_mean": 10.922141075134277,
      "epsilon_std": 4.307835578918457,
      "lower_mean": 1.0468783378601074,
      "upper_mean": 16.82538414001465,
      "gamma_mean": 2.1429390907287598
    }
  },
  "injected_epsilon_stats": null,
  "injection_info": {
    "location": "q",
    "idx": [
      1,
      9,
      31,
      62
    ],
    "bit": 21,
    "enabled": true,
    "multi_bit": false,
    "bit_list": null,
    "random_position": false,
    "injection_rate": 0.0
  },
  "extra_data": {
    "epsilon_analysis": [
      {
        "layer_idx": 9,
        "analysis": {
          "mean_diff": -0.00017571325588505715,
          "std_diff": 0.006886524613946676,
          "max_abs_diff": 0.2698955535888672,
          "top_changes": [
            [
              [
                1,
                9,
                31
              ],
              {
                "baseline_epsilon": 7.607141494750977,
                "injected_epsilon": 7.337245941162109,
                "epsilon_diff": -0.2698955535888672,
                "abs_diff": 0.2698955535888672
              },
              {
                "lower1": 0.2499638944864273,
                "middle": 6.947305202484131,
                "upper": 11.404180526733398,
                "gamma": 5.08626127243042
              }
            ]
          ]
        }
      }
    ],
    "performance": {
      "time": {
        "total_time": 0.018840551376342773,
        "baseline_forward_time": 0.00718235969543457,
        "injection_forward_time": 0.006756305694580078,
        "bounds_computation_time": 0.0007693767547607422,
        "violation_detection_time": 0.0014624595642089844
      },
      "memory": {
        "peak_memory_allocated_mb": 1118.9736328125,
        "peak_memory_reserved_mb": 1720.0,
        "baseline_memory_mb": 1059.77685546875,
        "injection_memory_mb": 1118.9736328125
      },
      "compute": {
        "num_attention_layers": 12,
        "num_attention_heads": 12,
        "sequence_length": 64,
        "batch_size": 2,
        "attention_flops": 0.0,
        "bounds_flops": 0.0
      },
      "extra": {}
    }
  }
}