{
  "exp_id": "gpt2_comprehensive_sweep_seed=42_injection_layers=[6]_injection_bit=31_injection_location=q_injection_idx=(0, 3, 53, 43)",
  "num_runs": 1,
  "timestamp": "2025-12-12T07:01:29.903384",
  "baseline_loss": {
    "mean": 12.89038372039795,
    "std": 0.0,
    "min": 12.89038372039795,
    "max": 12.89038372039795
  },
  "injected_loss": {
    "mean": 12.890410423278809,
    "std": 0.0,
    "min": 12.890410423278809,
    "max": 12.890410423278809
  },
  "loss_diff": {
    "mean": 2.6702880859375e-05,
    "std": 0.0,
    "min": 2.6702880859375e-05,
    "max": 2.6702880859375e-05
  },
  "violation_detection": {
    "detection_rate": 0.0,
    "total_violations": 0,
    "avg_violations_per_run": 0.0
  }
}