{
  "exp_id": "gpt2_comprehensive_sweep_seed=3407_injection_layers=[0]_injection_bit=31_injection_location=scores_injection_idx=(0, 3, 53, 43)",
  "num_runs": 1,
  "timestamp": "2025-10-14T18:18:29.917550",
  "baseline_loss": {
    "mean": 10.27547836303711,
    "std": 0.0,
    "min": 10.27547836303711,
    "max": 10.27547836303711
  },
  "injected_loss": {
    "mean": 10.275483131408691,
    "std": 0.0,
    "min": 10.275483131408691,
    "max": 10.275483131408691
  },
  "loss_diff": {
    "mean": 4.76837158203125e-06,
    "std": 0.0,
    "min": 4.76837158203125e-06,
    "max": 4.76837158203125e-06
  },
  "violation_detection": {
    "detection_rate": 1.0,
    "total_violations": 1,
    "avg_violations_per_run": 1.0
  }
}