{
  "exp_id": "gpt2_comprehensive_sweep_seed=123_injection_layers=[9]_injection_bit=14_injection_location=weights_injection_idx=(0, 3, 53, 43)",
  "run_id": 0,
  "timestamp": "2025-12-12T07:03:08.721012",
  "baseline_loss": 13.721663475036621,
  "injected_loss": 13.721663475036621,
  "loss_diff": 0.0,
  "bounds_valid": null,
  "violation_detected": false,
  "num_violations": 0,
  "violation_positions": [],
  "baseline_epsilon_stats": {
    "9": {
      "epsilon_mean": 10.922141075134277,
      "epsilon_std": 4.307835578918457,
      "lower_mean": 1.0468783378601074,
      "upper_mean": 16.82538414001465,
      "gamma_mean": 2.1429390907287598
    }
  },
  "injected_epsilon_stats": null,
  "injection_info": {
    "location": "weights",
    "idx": [
      0,
      3,
      53,
      43
    ],
    "bit": 14,
    "enabled": true,
    "multi_bit": false,
    "bit_list": null,
    "random_position": false,
    "injection_rate": 0.0
  },
  "extra_data": {
    "epsilon_analysis": [
      {
        "layer_idx": 9,
        "analysis": {
          "mean_diff": -8.692344621863413e-09,
          "std_diff": 3.40668918852316e-07,
          "max_abs_diff": 1.33514404296875e-05,
          "top_changes": [
            [
              [
                0,
                3,
                53
              ],
              {
                "baseline_epsilon": 7.251434326171875,
                "injected_epsilon": 7.251420974731445,
                "epsilon_diff": -1.33514404296875e-05,
                "abs_diff": 1.33514404296875e-05
              },
              {
                "lower1": 0.9806814789772034,
                "middle": 1.7418709993362427,
                "upper": 18.457042694091797,
                "gamma": 0.28571009635925293
              }
            ]
          ]
        }
      }
    ],
    "performance": {
      "time": {
        "total_time": 0.018636465072631836,
        "baseline_forward_time": 0.007062196731567383,
        "injection_forward_time": 0.006783723831176758,
        "bounds_computation_time": 0.0007548332214355469,
        "violation_detection_time": 0.0014700889587402344
      },
      "memory": {
        "peak_memory_allocated_mb": 1179.046875,
        "peak_memory_reserved_mb": 1830.0,
        "baseline_memory_mb": 1119.85009765625,
        "injection_memory_mb": 1179.046875
      },
      "compute": {
        "num_attention_layers": 12,
        "num_attention_heads": 12,
        "sequence_length": 64,
        "batch_size": 2,
        "attention_flops": 0.0,
        "bounds_flops": 0.0
      },
      "extra": {}
    }
  }
}