{
  "exp_id": "gpt2_comprehensive_sweep_seed=123_injection_layers=[6]_injection_bit=20_injection_location=scores_injection_idx=(1, 6, 32, 1)",
  "num_runs": 1,
  "timestamp": "2025-12-12T07:41:54.590706",
  "baseline_loss": {
    "mean": 8.564264297485352,
    "std": 0.0,
    "min": 8.564264297485352,
    "max": 8.564264297485352
  },
  "injected_loss": {
    "mean": 8.564262390136719,
    "std": 0.0,
    "min": 8.564262390136719,
    "max": 8.564262390136719
  },
  "loss_diff": {
    "mean": -1.9073486328125e-06,
    "std": 0.0,
    "min": -1.9073486328125e-06,
    "max": -1.9073486328125e-06
  },
  "violation_detection": {
    "detection_rate": 0.0,
    "total_violations": 0,
    "avg_violations_per_run": 0.0
  }
}