{
  "exp_id": "gpt2_comprehensive_sweep_seed=3407_injection_layers=[6]_injection_bit=8_injection_location=k_injection_idx=(0, 0, 10, 20)",
  "run_id": 0,
  "timestamp": "2025-12-12T07:12:58.398265",
  "baseline_loss": 8.564264297485352,
  "injected_loss": 8.564263343811035,
  "loss_diff": -9.5367431640625e-07,
  "bounds_valid": null,
  "violation_detected": false,
  "num_violations": 0,
  "violation_positions": [],
  "baseline_epsilon_stats": {
    "6": {
      "epsilon_mean": 5.956024169921875,
      "epsilon_std": 4.427911758422852,
      "lower_mean": 0.5316863656044006,
      "upper_mean": 7.960529327392578,
      "gamma_mean": 0.18503431975841522
    }
  },
  "injected_epsilon_stats": null,
  "injection_info": {
    "location": "k",
    "idx": [
      0,
      0,
      10,
      20
    ],
    "bit": 8,
    "enabled": true,
    "multi_bit": false,
    "bit_list": null,
    "random_position": false,
    "injection_rate": 0.0
  },
  "extra_data": {
    "epsilon_analysis": [
      {
        "layer_idx": 6,
        "analysis": {
          "mean_diff": 2.832772905136949e-09,
          "std_diff": 4.029481814882274e-08,
          "max_abs_diff": 4.76837158203125e-07,
          "top_changes": [
            [
              [
                0,
                0,
                46
              ],
              {
                "baseline_epsilon": 0.7373800277709961,
                "injected_epsilon": 0.7373805046081543,
                "epsilon_diff": 4.76837158203125e-07,
                "abs_diff": 4.76837158203125e-07
              },
              {
                "lower1": 0.0057024783454835415,
                "middle": 0.01121489517390728,
                "upper": 0.9735736846923828,
                "gamma": 0.0014266371726989746
              }
            ],
            [
              [
                0,
                0,
                43
              ],
              {
                "baseline_epsilon": 0.7191715240478516,
                "injected_epsilon": 0.7191720008850098,
                "epsilon_diff": 4.76837158203125e-07,
                "abs_diff": 4.76837158203125e-07
              },
              {
                "lower1": 0.00546701205894351,
                "middle": 0.010751921683549881,
                "upper": 0.9563469886779785,
                "gamma": 0.0013676881790161133
              }
            ],
            [
              [
                0,
                0,
                20
              ],
              {
                "baseline_epsilon": 0.6169958114624023,
                "injected_epsilon": 0.6169962882995605,
                "epsilon_diff": 4.76837158203125e-07,
                "abs_diff": 4.76837158203125e-07
              },
              {
                "lower1": 0.003620891598984599,
                "middle": 0.007121114060282707,
                "upper": 0.8590488433837891,
                "gamma": 0.0009056329727172852
              }
            ],
            [
              [
                0,
                0,
                28
              ],
              {
                "baseline_epsilon": 0.6461634635925293,
                "injected_epsilon": 0.6461639404296875,
                "epsilon_diff": 4.76837158203125e-07,
                "abs_diff": 4.76837158203125e-07
              },
              {
                "lower1": 0.004335435573011637,
                "middle": 0.008526611141860485,
                "upper": 0.8870058059692383,
                "gamma": 0.001084446907043457
              }
            ],
            [
              [
                0,
                0,
                56
              ],
              {
                "baseline_epsilon": 0.7923688888549805,
                "injected_epsilon": 0.7923693656921387,
                "epsilon_diff": 4.76837158203125e-07,
                "abs_diff": 4.76837158203125e-07
              },
              {
                "lower1": 0.0065597062930464745,
                "middle": 0.01290060393512249,
                "upper": 1.025681972503662,
                "gamma": 0.0016412734985351562
              }
            ],
            [
              [
                0,
                0,
                18
              ],
              {
                "baseline_epsilon": 0.6141648292541504,
                "injected_epsilon": 0.6141653060913086,
                "epsilon_diff": 4.76837158203125e-07,
                "abs_diff": 4.76837158203125e-07
              },
              {
                "lower1": 0.0034396150149405003,
                "middle": 0.0067644864320755005,
                "upper": 0.8571953773498535,
                "gamma": 0.0008602738380432129
              }
            ],
            [
              [
                0,
                0,
                19
              ],
              {
                "baseline_epsilon": 0.6152744293212891,
                "injected_epsilon": 0.6152739524841309,
                "epsilon_diff": -4.76837158203125e-07,
                "abs_diff": 4.76837158203125e-07
              },
              {
                "lower1": 0.0035256093833595514,
                "middle": 0.0069336676970124245,
                "upper": 0.8575797080993652,
                "gamma": 0.0008817911148071289
              }
            ],
            [
              [
                0,
                0,
                7
              ],
              {
                "baseline_epsilon": 0.6486282348632812,
                "injected_epsilon": 0.6486287117004395,
                "epsilon_diff": 4.76837158203125e-07,
                "abs_diff": 4.76837158203125e-07
              },
              {
                "lower1": 0.0021749779116362333,
                "middle": 0.004276494029909372,
                "upper": 0.8681659698486328,
                "gamma": 0.0005438923835754395
              }
            ],
            [
              [
                0,
                0,
                47
              ],
              {
                "baseline_epsilon": 0.7430253028869629,
                "injected_epsilon": 0.7430257797241211,
                "epsilon_diff": 4.76837158203125e-07,
                "abs_diff": 4.76837158203125e-07
              },
              {
                "lower1": 0.005790566559880972,
                "middle": 0.01138811931014061,
                "upper": 0.9789962768554688,
                "gamma": 0.0014486908912658691
              }
            ],
            [
              [
                0,
                0,
                52
              ],
              {
                "baseline_epsilon": 0.7703237533569336,
                "injected_epsilon": 0.7703242301940918,
                "epsilon_diff": 4.76837158203125e-07,
                "abs_diff": 4.76837158203125e-07
              },
              {
                "lower1": 0.006206220015883446,
                "middle": 0.01220548152923584,
                "upper": 1.004302978515625,
                "gamma": 0.0015527606010437012
              }
            ],
            [
              [
                0,
                0,
                49
              ],
              {
                "baseline_epsilon": 0.7527022361755371,
                "injected_epsilon": 0.7527027130126953,
                "epsilon_diff": 4.76837158203125e-07,
                "abs_diff": 4.76837158203125e-07
              },
              {
                "lower1": 0.005936978850513697,
                "middle": 0.011676033027470112,
                "upper": 0.9878015518188477,
                "gamma": 0.0014853477478027344
              }
            ],
            [
              [
                0,
                0,
                1
              ],
              {
                "baseline_epsilon": 0.35908395051956177,
                "injected_epsilon": 0.35908401012420654,
                "epsilon_diff": 5.960464477539063e-08,