{
  "exp_id": "gpt2_comprehensive_sweep_seed=3407_injection_layers=[9]_injection_bit=25_injection_location=k_injection_idx=(1, 6, 32, 1)",
  "num_runs": 1,
  "timestamp": "2025-12-12T07:04:45.699757",
  "baseline_loss": {
    "mean": 13.721663475036621,
    "std": 0.0,
    "min": 13.721663475036621,
    "max": 13.721663475036621
  },
  "injected_loss": {
    "mean": 13.721700668334961,
    "std": 0.0,
    "min": 13.721700668334961,
    "max": 13.721700668334961
  },
  "loss_diff": {
    "mean": 3.719329833984375e-05,
    "std": 0.0,
    "min": 3.719329833984375e-05,
    "max": 3.719329833984375e-05
  },
  "violation_detection": {
    "detection_rate": 0.0,
    "total_violations": 0,
    "avg_violations_per_run": 0.0
  }
}