{
  "exp_id": "gpt2_comprehensive_sweep_seed=123_injection_layers=[9]_injection_bit=24_injection_location=q_injection_idx=(1, 6, 32, 1)",
  "run_id": 0,
  "timestamp": "2025-10-14T20:39:41.477650",
  "baseline_loss": 8.462053298950195,
  "injected_loss": 8.462050437927246,
  "loss_diff": -2.86102294921875e-06,
  "bounds_valid": null,
  "violation_detected": false,
  "num_violations": 0,
  "violation_positions": [],
  "baseline_epsilon_stats": {
    "9": {
      "epsilon_mean": 6.7392191886901855,
      "epsilon_std": 4.8921427726745605,
      "lower_mean": 0.5418864488601685,
      "upper_mean": 9.379467010498047,
      "gamma_mean": 0.2731764018535614
    }
  },
  "injected_epsilon_stats": null,
  "injection_info": {
    "location": "q",
    "idx": [
      1,
      6,
      32,
      1
    ],
    "bit": 24,
    "enabled": true,
    "multi_bit": false,
    "bit_list": null,
    "random_position": false,
    "injection_rate": 0.0
  },
  "extra_data": {
    "epsilon_analysis": [
      {
        "layer_idx": 9,
        "analysis": {
          "mean_diff": -3.561129415174946e-05,
          "std_diff": 0.0013956718612462282,
          "max_abs_diff": 0.054698944091796875,
          "top_changes": [
            [
              [
                1,
                6,
                32
              ],
              {
                "baseline_epsilon": 1.737274169921875,
                "injected_epsilon": 1.6825752258300781,
                "epsilon_diff": -0.054698944091796875,
                "abs_diff": 0.054698944091796875
              },
              {
                "lower1": 0.007844846695661545,
                "middle": 0.015310727059841156,
                "upper": 8.111080169677734,
                "gamma": 0.0019631385803222656
              }
            ]
          ]
        }
      }
    ],
    "performance": {
      "time": {
        "total_time": 0.018671274185180664,
        "baseline_forward_time": 0.00712132453918457,
        "injection_forward_time": 0.006510496139526367,
        "bounds_computation_time": 0.0007643699645996094,
        "violation_detection_time": 0.001687765121459961
      },
      "memory": {
        "peak_memory_allocated_mb": 1087.93701171875,
        "peak_memory_reserved_mb": 1718.0,
        "baseline_memory_mb": 1028.740234375,
        "injection_memory_mb": 1087.93701171875
      },
      "compute": {
        "num_attention_layers": 12,
        "num_attention_heads": 12,
        "sequence_length": 64,
        "batch_size": 2,
        "attention_flops": 0.0,
        "bounds_flops": 0.0
      },
      "extra": {}
    }
  }
}