{
  "exp_id": "gpt2_comprehensive_sweep_seed=123_injection_layers=[9]_injection_bit=26_injection_location=q_injection_idx=(1, 9, 31, 62)",
  "run_id": 0,
  "timestamp": "2025-10-14T20:39:43.127902",
  "baseline_loss": 8.462053298950195,
  "injected_loss": 8.462082862854004,
  "loss_diff": 2.956390380859375e-05,
  "bounds_valid": null,
  "violation_detected": true,
  "num_violations": 2,
  "violation_positions": [
    [
      9,
      [
        1,
        9,
        31
      ]
    ]
  ],
  "baseline_epsilon_stats": {
    "9": {
      "epsilon_mean": 6.7392191886901855,
      "epsilon_std": 4.8921427726745605,
      "lower_mean": 0.5418864488601685,
      "upper_mean": 9.379467010498047,
      "gamma_mean": 0.2731764018535614
    }
  },
  "injected_epsilon_stats": null,
  "injection_info": {
    "location": "q",
    "idx": [
      1,
      9,
      31,
      62
    ],
    "bit": 26,
    "enabled": true,
    "multi_bit": false,
    "bit_list": null,
    "random_position": false,
    "injection_rate": 0.0
  },
  "extra_data": {
    "epsilon_analysis": [
      {
        "layer_idx": 9,
        "analysis": {
          "mean_diff": -0.004967044573277235,
          "std_diff": 0.19466759264469147,
          "max_abs_diff": 7.629380226135254,
          "top_changes": [
            [
              [
                1,
                9,
                31
              ],
              {
                "baseline_epsilon": 7.629380226135254,
                "injected_epsilon": 0.0,
                "epsilon_diff": -7.629380226135254,
                "abs_diff": 7.629380226135254
              },
              {
                "lower1": 0.7797984480857849,
                "middle": 0.9721701741218567,
                "upper": 18.457042694091797,
                "gamma": 0.21878886222839355
              }
            ]
          ]
        }
      }
    ],
    "performance": {
      "time": {
        "total_time": 0.018496274948120117,
        "baseline_forward_time": 0.006973743438720703,
        "injection_forward_time": 0.0065343379974365234,
        "bounds_computation_time": 0.0008254051208496094,
        "violation_detection_time": 0.0016057491302490234
      },
      "memory": {
        "peak_memory_allocated_mb": 1137.998046875,
        "peak_memory_reserved_mb": 1718.0,
        "baseline_memory_mb": 1078.80126953125,
        "injection_memory_mb": 1137.998046875
      },
      "compute": {
        "num_attention_layers": 12,
        "num_attention_heads": 12,
        "sequence_length": 64,
        "batch_size": 2,
        "attention_flops": 0.0,
        "bounds_flops": 0.0
      },
      "extra": {}
    }
  }
}