{
  "exp_id": "gpt2_comprehensive_sweep_seed=123_injection_layers=[9]_injection_bit=31_injection_location=weights_injection_idx=(0, 0, 10, 20)",
  "num_runs": 1,
  "timestamp": "2025-10-14T18:13:20.767258",
  "baseline_loss": {
    "mean": 13.721664428710938,
    "std": 0.0,
    "min": 13.721664428710938,
    "max": 13.721664428710938
  },
  "injected_loss": {
    "mean": 13.721661567687988,
    "std": 0.0,
    "min": 13.721661567687988,
    "max": 13.721661567687988
  },
  "loss_diff": {
    "mean": -2.86102294921875e-06,
    "std": 0.0,
    "min": -2.86102294921875e-06,
    "max": -2.86102294921875e-06
  },
  "violation_detection": {
    "detection_rate": 0.0,
    "total_violations": 0,
    "avg_violations_per_run": 0.0
  }
}