{
  "exp_id": "gpt2_comprehensive_sweep_seed=0_injection_layers=[9]_injection_bit=24_injection_location=k_injection_idx=(1, 9, 31, 62)",
  "num_runs": 1,
  "timestamp": "2025-12-12T07:17:16.605171",
  "baseline_loss": {
    "mean": 8.462052345275879,
    "std": 0.0,
    "min": 8.462052345275879,
    "max": 8.462052345275879
  },
  "injected_loss": {
    "mean": 8.46208667755127,
    "std": 0.0,
    "min": 8.46208667755127,
    "max": 8.46208667755127
  },
  "loss_diff": {
    "mean": 3.4332275390625e-05,
    "std": 0.0,
    "min": 3.4332275390625e-05,
    "max": 3.4332275390625e-05
  },
  "violation_detection": {
    "detection_rate": 0.0,
    "total_violations": 0,
    "avg_violations_per_run": 0.0
  }
}