{
  "exp_id": "gpt2_comprehensive_sweep_seed=42_injection_layers=[3]_injection_bit=31_injection_location=k_injection_idx=(0, 3, 53, 43)",
  "run_id": 0,
  "timestamp": "2025-10-14T18:25:04.632782",
  "baseline_loss": 8.997108459472656,
  "injected_loss": 8.997148513793945,
  "loss_diff": 4.00543212890625e-05,
  "bounds_valid": null,
  "violation_detected": true,
  "num_violations": 1,
  "violation_positions": [
    [
      3,
      [
        0,
        3,
        2
      ]
    ]
  ],
  "baseline_epsilon_stats": {
    "3": {
      "epsilon_mean": 4.6995015144348145,
      "epsilon_std": 4.219686508178711,
      "lower_mean": 0.4203936457633972,
      "upper_mean": 5.6145782470703125,
      "gamma_mean": 0.16137349605560303
    }
  },
  "injected_epsilon_stats": null,
  "injection_info": {
    "location": "k",
    "idx": [
      0,
      3,
      53,
      43
    ],
    "bit": 31,
    "enabled": true,
    "multi_bit": false,
    "bit_list": null,
    "random_position": false,
    "injection_rate": 0.0
  },
  "extra_data": {
    "epsilon_analysis": [
      {
        "layer_idx": 3,
        "analysis": {
          "mean_diff": 0.001394446357153356,
          "std_diff": 0.0069058057852089405,
          "max_abs_diff": 0.03790569305419922,
          "top_changes": [
            [
              [
                0,
                3,
                22
              ],
              {
                "baseline_epsilon": 0.5761990547180176,
                "injected_epsilon": 0.6141047477722168,
                "epsilon_diff": 0.03790569305419922,
                "abs_diff": 0.03790569305419922
              },
              {
                "lower1": 0.010179883800446987,
                "middle": 0.020040908828377724,
                "upper": 0.7034192085266113,
                "gamma": 0.0025482177734375
              }
            ],
            [
              [
                0,
                3,
                21
              ],
              {
                "baseline_epsilon": 0.5736160278320312,
                "injected_epsilon": 0.6114845275878906,
                "epsilon_diff": 0.037868499755859375,
                "abs_diff": 0.037868499755859375
              },
              {
                "lower1": 0.010093082673847675,
                "middle": 0.019869940355420113,
                "upper": 0.6997461318969727,
                "gamma": 0.0025264620780944824
              }
            ],
            [
              [
                0,
                3,
                20
              ],
              {
                "baseline_epsilon": 0.5717105865478516,
                "injected_epsilon": 0.6095762252807617,
                "epsilon_diff": 0.037865638732910156,
                "abs_diff": 0.037865638732910156
              },
              {
                "lower1": 0.01009617280215025,
                "middle": 0.01987612433731556,
                "upper": 0.6973443031311035,
                "gamma": 0.0025272369384765625
              }
            ],
            [
              [
                0,
                3,
                19
              ],
              {
                "baseline_epsilon": 0.5694670677185059,
                "injected_epsilon": 0.6073284149169922,
                "epsilon_diff": 0.03786134719848633,
                "abs_diff": 0.03786134719848633
              },
              {
                "lower1": 0.010017931461334229,
                "middle": 0.01972201280295849,
                "upper": 0.694122314453125,
                "gamma": 0.002507627010345459
              }
            ],
            [
              [
                0,
                3,
                24
              ],
              {
                "baseline_epsilon": 0.5802645683288574,
                "injected_epsilon": 0.6181130409240723,
                "epsilon_diff": 0.037848472595214844,
                "abs_diff": 0.037848472595214844
              },
              {
                "lower1": 0.010261690244078636,
                "middle": 0.020201964303851128,
                "upper": 0.7088303565979004,
                "gamma": 0.0025687217712402344
              }
            ],
            [
              [
                0,
                3,
                23
              ],
              {
                "baseline_epsilon": 0.5772733688354492,
                "injected_epsilon": 0.6151103973388672,
                "epsilon_diff": 0.03783702850341797,
                "abs_diff": 0.03783702850341797
              },
              {
                "lower1": 0.01017370168119669,
                "middle": 0.020028671249747276,
                "upper": 0.7047390937805176,
                "gamma": 0.00254666805267334
              }
            ],
            [
              [
                0,
                3,
                25
              ],
              {
                "baseline_epsilon": 0.5815763473510742,
                "injected_epsilon": 0.6193857192993164,
                "epsilon_diff": 0.03780937194824219,
                "abs_diff": 0.03780937194824219
              },
              {
                "lower1": 0.01029498316347599,
                "middle": 0.02026752382516861,
                "upper": 0.7107048034667969,
                "gamma": 0.002577066421508789
              }
            ],
            [
              [
                0,
                3,
                18
              ],
              {
                "baseline_epsilon": 0.5670890808105469,
                "injected_epsilon": 0.6048750877380371,
                "epsilon_diff": 0.037786006927490234,
                "abs_diff": 0.037786006927490234
              },
              {
                "lower1": 0.010017218068242073,
                "middle": 0.019720720127224922,
                "upper": 0.6910805702209473,
                "gamma": 0.002507448196411133
              }
            ],
            [
              [
                0,
                3,
                26
              ],
              {
                "baseline_epsilon": 0.5833368301391602,
                "injected_epsilon": 0.6210842132568359,
                "epsilon_diff": 0.03774738311767578,
                "abs_diff": 0.03774738311767578
              },
              {
                "lower1": 0.01030021533370018,
                "middle": 0.02027774602174759,
                "upper": 0.7131595611572266,
                "gamma": 0.0025783777236938477
              }
            ],
            [
              [
                0,
                3,
                17
              ],
              {
                "baseline_epsilon": 0.5641708374023438,
                "injected_epsilon": 0.6018924713134766,
                "epsilon_diff": 0.03772163391113281,
                "abs_diff": 0.03772163391113281
              },
              {
                "lower1": 0.009921137243509293,
                "middle": 0.019531473517417908,
                "upper": 0.6871137619018555,
                "gamma": 0.002483367919921875
              }
            ],
            [
              [
                0,
                3,
                27
              ],
              {
                "baseline_epsilon": 0.5847029685974121,
                "injected_epsilon": 0.6224155426025391,
                "epsilon_diff": 0.03771257400512695,
                "abs_diff": 0.03771257400512695
              },
              {
                "lower1": 0.010284043848514557,
                "middle": 0.02024579606950283,
                "upper": 0.7151846885681152,
                "gamma": 0.002574324607849121
              }
            ],
            [
              [
                0,
                3,
                28
              ],
              {
                "baseline_epsilon": 0.5861382484436035,
                "injected_epsilon": 0.6237969398498535,
                "epsilon_diff": 0.03765869140625,