{
  "exp_id": "gpt2_comprehensive_sweep_seed=123_injection_layers=[0]_injection_bit=19_injection_location=weights_injection_idx=(0, 0, 10, 20)",
  "run_id": 0,
  "timestamp": "2025-10-14T18:13:00.190400",
  "baseline_loss": 13.588921546936035,
  "injected_loss": 13.58891773223877,
  "loss_diff": -3.814697265625e-06,
  "bounds_valid": null,
  "violation_detected": false,
  "num_violations": 0,
  "violation_positions": [],
  "baseline_epsilon_stats": {
    "0": {
      "epsilon_mean": 4.467039108276367,
      "epsilon_std": 2.3451578617095947,
      "lower_mean": 0.39254388213157654,
      "upper_mean": 9.511073112487793,
      "gamma_mean": 0.164742574095726
    }
  },
  "injected_epsilon_stats": null,
  "injection_info": {
    "location": "weights",
    "idx": [
      0,
      0,
      10,
      20
    ],
    "bit": 19,
    "enabled": true,
    "multi_bit": false,
    "bit_list": null,
    "random_position": false,
    "injection_rate": 0.0
  },
  "extra_data": {
    "epsilon_analysis": [
      {
        "layer_idx": 0,
        "analysis": {
          "mean_diff": 4.7963112592697144e-08,
          "std_diff": 1.8797624079525121e-06,
          "max_abs_diff": 7.367134094238281e-05,
          "top_changes": [
            [
              [
                0,
                0,
                10
              ],
              {
                "baseline_epsilon": 2.523094415664673,
                "injected_epsilon": 2.5231680870056152,
                "epsilon_diff": 7.367134094238281e-05,
                "abs_diff": 7.367134094238281e-05
              },
              {
                "lower1": 0.0240748580545187,
                "middle": 0.04720572009682655,
                "upper": 3.395707607269287,
                "gamma": 0.006036937236785889
              }
            ]
          ]
        }
      }
    ],
    "performance": {
      "time": {
        "total_time": 0.018170833587646484,
        "baseline_forward_time": 0.00707244873046875,
        "injection_forward_time": 0.006372213363647461,
        "bounds_computation_time": 0.0007457733154296875,
        "violation_detection_time": 0.0014331340789794922
      },
      "memory": {
        "peak_memory_allocated_mb": 1258.14453125,
        "peak_memory_reserved_mb": 1718.0,
        "baseline_memory_mb": 1198.94775390625,
        "injection_memory_mb": 1258.14453125
      },
      "compute": {
        "num_attention_layers": 12,
        "num_attention_heads": 12,
        "sequence_length": 64,
        "batch_size": 2,
        "attention_flops": 0.0,
        "bounds_flops": 0.0
      },
      "extra": {}
    }
  }
}