{
  "exp_id": "gpt2_comprehensive_sweep_seed=3407_injection_layers=[9]_injection_bit=24_injection_location=q_injection_idx=(1, 9, 31, 62)",
  "run_id": 0,
  "timestamp": "2025-12-12T07:13:47.312582",
  "baseline_loss": 8.462052345275879,
  "injected_loss": 8.462129592895508,
  "loss_diff": 7.724761962890625e-05,
  "bounds_valid": null,
  "violation_detected": false,
  "num_violations": 0,
  "violation_positions": [],
  "baseline_epsilon_stats": {
    "9": {
      "epsilon_mean": 6.7392191886901855,
      "epsilon_std": 4.8921427726745605,
      "lower_mean": 0.5418864488601685,
      "upper_mean": 9.379467010498047,
      "gamma_mean": 0.2731764018535614
    }
  },
  "injected_epsilon_stats": null,
  "injection_info": {
    "location": "q",
    "idx": [
      1,
      9,
      31,
      62
    ],
    "bit": 24,
    "enabled": true,
    "multi_bit": false,
    "bit_list": null,
    "random_position": false,
    "injection_rate": 0.0
  },
  "extra_data": {
    "epsilon_analysis": [
      {
        "layer_idx": 9,
        "analysis": {
          "mean_diff": -0.003043731674551964,
          "std_diff": 0.11928943544626236,
          "max_abs_diff": 4.675171852111816,
          "top_changes": [
            [
              [
                1,
                9,
                31
              ],
              {
                "baseline_epsilon": 7.629380226135254,
                "injected_epsilon": 2.9542083740234375,
                "epsilon_diff": -4.675171852111816,
                "abs_diff": 4.675171852111816
              },
              {
                "lower1": 0.7797984480857849,
                "middle": 0.9721701741218567,
                "upper": 18.457042694091797,
                "gamma": 0.21878886222839355
              }
            ]
          ]
        }
      }
    ],
    "performance": {
      "time": {
        "total_time": 0.018766403198242188,
        "baseline_forward_time": 0.00716710090637207,
        "injection_forward_time": 0.006711006164550781,
        "bounds_computation_time": 0.0007772445678710938,
        "violation_detection_time": 0.0014598369598388672
      },
      "memory": {
        "peak_memory_allocated_mb": 1269.15673828125,
        "peak_memory_reserved_mb": 1854.0,
        "baseline_memory_mb": 1209.9599609375,
        "injection_memory_mb": 1269.15673828125
      },
      "compute": {
        "num_attention_layers": 12,
        "num_attention_heads": 12,
        "sequence_length": 64,
        "batch_size": 2,
        "attention_flops": 0.0,
        "bounds_flops": 0.0
      },
      "extra": {}
    }
  }
}