{
  "exp_id": "gpt2_comprehensive_sweep_seed=123_injection_layers=[9]_injection_bit=31_injection_location=k_injection_idx=(0, 3, 53, 43)",
  "num_runs": 1,
  "timestamp": "2025-10-14T17:46:23.136086",
  "baseline_loss": {
    "mean": 8.462053298950195,
    "std": 0.0,
    "min": 8.462053298950195,
    "max": 8.462053298950195
  },
  "injected_loss": {
    "mean": 8.462101936340332,
    "std": 0.0,
    "min": 8.462101936340332,
    "max": 8.462101936340332
  },
  "loss_diff": {
    "mean": 4.863739013671875e-05,
    "std": 0.0,
    "min": 4.863739013671875e-05,
    "max": 4.863739013671875e-05
  },
  "violation_detection": {
    "detection_rate": 0.0,
    "total_violations": 0,
    "avg_violations_per_run": 0.0
  }
}