{
  "exp_id": "gpt2_comprehensive_sweep_seed=42_injection_layers=[9]_injection_bit=27_injection_location=scores_injection_idx=(1, 9, 31, 62)",
  "num_runs": 1,
  "timestamp": "2025-10-14T18:12:57.594259",
  "baseline_loss": {
    "mean": 13.721664428710938,
    "std": 0.0,
    "min": 13.721664428710938,
    "max": 13.721664428710938
  },
  "injected_loss": {
    "mean": 13.721648216247559,
    "std": 0.0,
    "min": 13.721648216247559,
    "max": 13.721648216247559
  },
  "loss_diff": {
    "mean": -1.621246337890625e-05,
    "std": 0.0,
    "min": -1.621246337890625e-05,
    "max": -1.621246337890625e-05
  },
  "violation_detection": {
    "detection_rate": 0.0,
    "total_violations": 0,
    "avg_violations_per_run": 0.0
  }
}