{
  "exp_id": "gpt2_comprehensive_sweep_seed=42_injection_layers=[3]_injection_bit=8_injection_location=k_injection_idx=(0, 3, 53, 43)",
  "run_id": 0,
  "timestamp": "2025-12-12T07:00:52.130921",
  "baseline_loss": 13.791720390319824,
  "injected_loss": 13.791720390319824,
  "loss_diff": 0.0,
  "bounds_valid": null,
  "violation_detected": false,
  "num_violations": 0,
  "violation_positions": [],
  "baseline_epsilon_stats": {
    "3": {
      "epsilon_mean": 6.302740097045898,
      "epsilon_std": 2.23594331741333,
      "lower_mean": 0.9555976390838623,
      "upper_mean": 17.05971336364746,
      "gamma_mean": 1.0718344449996948
    }
  },
  "injected_epsilon_stats": null,
  "injection_info": {
    "location": "k",
    "idx": [
      0,
      3,
      53,
      43
    ],
    "bit": 8,
    "enabled": true,
    "multi_bit": false,
    "bit_list": null,
    "random_position": false,
    "injection_rate": 0.0
  },
  "extra_data": {
    "epsilon_analysis": [
      {
        "layer_idx": 3,
        "analysis": {
          "mean_diff": 1.906106916749195e-07,
          "std_diff": 2.4868354557838757e-06,
          "max_abs_diff": 4.57763671875e-05,
          "top_changes": [
            [
              [
                0,
                3,
                11
              ],
              {
                "baseline_epsilon": 6.399932861328125,
                "injected_epsilon": 6.3999786376953125,
                "epsilon_diff": 4.57763671875e-05,
                "abs_diff": 4.57763671875e-05
              },
              {
                "lower1": 1.1537537574768066,
                "middle": 1.9576020240783691,
                "upper": 18.457042694091797,
                "gamma": 0.3485870361328125
              }
            ],
            [
              [
                0,
                3,
                21
              ],
              {
                "baseline_epsilon": 6.0713958740234375,
                "injected_epsilon": 6.071441650390625,
                "epsilon_diff": 4.57763671875e-05,
                "abs_diff": 4.57763671875e-05
              },
              {
                "lower1": 1.504607081413269,
                "middle": 2.422271728515625,
                "upper": 18.457042694091797,
                "gamma": 0.49733543395996094
              }
            ],
            [
              [
                0,
                3,
                19
              ],
              {
                "baseline_epsilon": 6.1317596435546875,
                "injected_epsilon": 6.1317901611328125,
                "epsilon_diff": 3.0517578125e-05,
                "abs_diff": 3.0517578125e-05
              },
              {
                "lower1": 1.4507111310958862,
                "middle": 2.35589599609375,
                "upper": 18.457042694091797,
                "gamma": 0.47208595275878906
              }
            ],
            [
              [
                0,
                3,
                9
              ],
              {
                "baseline_epsilon": 6.4726715087890625,
                "injected_epsilon": 6.4727020263671875,
                "epsilon_diff": 3.0517578125e-05,
                "abs_diff": 3.0517578125e-05
              },
              {
                "lower1": 1.0409611463546753,
                "middle": 1.7933385372161865,
                "upper": 18.457042694091797,
                "gamma": 0.30699729919433594
              }
            ],
            [
              [
                0,
                3,
                24
              ],
              {
                "baseline_epsilon": 5.982269287109375,
                "injected_epsilon": 5.9822845458984375,
                "epsilon_diff": 1.52587890625e-05,
                "abs_diff": 1.52587890625e-05
              },
              {
                "lower1": 1.5781433582305908,
                "middle": 2.5095129013061523,
                "upper": 18.457042694091797,
                "gamma": 0.5336322784423828
              }
            ],
            [
              [
                0,
                3,
                23
              ],
              {
                "baseline_epsilon": 6.013580322265625,
                "injected_epsilon": 6.0135650634765625,
                "epsilon_diff": -1.52587890625e-05,
                "abs_diff": 1.52587890625e-05
              },
              {
                "lower1": 1.5533756017684937,
                "middle": 2.4805867671966553,
                "upper": 18.457042694091797,
                "gamma": 0.5211505889892578
              }
            ],
            [
              [
                0,
                3,
                10
              ],
              {
                "baseline_epsilon": 6.438079833984375,
                "injected_epsilon": 6.4380645751953125,
                "epsilon_diff": -1.52587890625e-05,
                "abs_diff": 1.52587890625e-05
              },
              {
                "lower1": 1.099389672279358,
                "middle": 1.8793258666992188,
                "upper": 18.457042694091797,
                "gamma": 0.32823944091796875
              }
            ],
            [
              [
                0,
                3,
                13
              ],
              {
                "baseline_epsilon": 6.3274993896484375,
                "injected_epsilon": 6.3275146484375,
                "epsilon_diff": 1.52587890625e-05,
                "abs_diff": 1.52587890625e-05
              },
              {
                "lower1": 1.2466919422149658,
                "middle": 2.0878188610076904,
                "upper": 18.457042694091797,
                "gamma": 0.3848133087158203
              }
            ],
            [
              [
                0,
                3,
                26
              ],
              {
                "baseline_epsilon": 5.9248809814453125,
                "injected_epsilon": 5.924896240234375,
                "epsilon_diff": 1.52587890625e-05,
                "abs_diff": 1.52587890625e-05
              },
              {
                "lower1": 1.621939778327942,
                "middle": 2.559481382369995,
                "upper": 18.457042694091797,
                "gamma": 0.5564041137695312
              }
            ],
            [
              [
                0,
                3,
                27
              ],
              {
                "baseline_epsilon": 5.8957672119140625,
                "injected_epsilon": 5.895782470703125,
                "epsilon_diff": 1.52587890625e-05,
                "abs_diff": 1.52587890625e-05
              },
              {
                "lower1": 1.6431052684783936,
                "middle": 2.5830254554748535,
                "upper": 18.457042694091797,
                "gamma": 0.5677547454833984
              }
            ],
            [
              [
                0,
                3,
                15
              ],
              {
                "baseline_epsilon": 6.25933837890625,
                "injected_epsilon": 6.2593536376953125,
                "epsilon_diff": 1.52587890625e-05,
                "abs_diff": 1.52587890625e-05
              },
              {
                "lower1": 1.3236995935440063,
                "middle": 2.1919565200805664,
                "upper": 18.457042694091797,
                "gamma": 0.4163799285888672
              }
            ],
            [
              [
                0,
                3,
                18
              ],
              {
                "baseline_epsilon": 6.162994384765625,
                "injected_epsilon": 6.1629791259765625,
                "epsilon_diff": -1.52587890625e-05,
                "abs_diff": 1.52587890625e-05
              },
              {
                "lower1": 1.4214661121368408,
                "middle": 2.3190486431121826,
                "upper": 18.457042694091797,