{
  "exp_id": "gpt2_comprehensive_sweep_seed=3407_injection_layers=[9]_injection_bit=26_injection_location=k_injection_idx=(1, 6, 32, 1)",
  "run_id": 0,
  "timestamp": "2025-10-14T20:40:09.780663",
  "baseline_loss": 8.462053298950195,
  "injected_loss": 8.462058067321777,
  "loss_diff": 4.76837158203125e-06,
  "bounds_valid": null,
  "violation_detected": true,
  "num_violations": 2,
  "violation_positions": [
    [
      9,
      [
        1,
        6,
        2
      ]
    ],
    [
      9,
      [
        1,
        6,
        3
      ]
    ]
  ],
  "baseline_epsilon_stats": {
    "9": {
      "epsilon_mean": 6.7392191886901855,
      "epsilon_std": 4.8921427726745605,
      "lower_mean": 0.5418864488601685,
      "upper_mean": 9.379467010498047,
      "gamma_mean": 0.2731764018535614
    }
  },
  "injected_epsilon_stats": null,
  "injection_info": {
    "location": "k",
    "idx": [
      1,
      6,
      32,
      1
    ],
    "bit": 26,
    "enabled": true,
    "multi_bit": false,
    "bit_list": null,
    "random_position": false,
    "injection_rate": 0.0
  },
  "extra_data": {
    "epsilon_analysis": [
      {
        "layer_idx": 9,
        "analysis": {
          "mean_diff": -0.00023782688367646188,
          "std_diff": 0.014141016639769077,
          "max_abs_diff": 0.47059202194213867,
          "top_changes": [
            [
              [
                1,
                6,
                3
              ],
              {
                "baseline_epsilon": 0.6728453636169434,
                "injected_epsilon": 1.143437385559082,
                "epsilon_diff": 0.47059202194213867,
                "abs_diff": 0.47059202194213867
              },
              {
                "lower1": 0.0006041070446372032,
                "middle": 0.0011875363998115063,
                "upper": 0.8666963577270508,
                "gamma": 0.00015103816986083984
              }
            ],
            [
              [
                1,
                6,
                2
              ],
              {
                "baseline_epsilon": 0.40107548236846924,
                "injected_epsilon": 0.6565717458724976,
                "epsilon_diff": 0.2554962635040283,
                "abs_diff": 0.2554962635040283
              },
              {
                "lower1": 2.6583582439343445e-05,
                "middle": 5.228760346653871e-05,
                "upper": 0.5248198509216309,
                "gamma": 6.645917892456055e-06
              }
            ],
            [
              [
                1,
                6,
                4
              ],
              {
                "baseline_epsilon": 2.6551408767700195,
                "injected_epsilon": 2.6280765533447266,
                "epsilon_diff": -0.02706432342529297,
                "abs_diff": 0.02706432342529297
              },
              {
                "lower1": 0.555429995059967,
                "middle": 1.1730250120162964,
                "upper": 3.8138885498046875,
                "gamma": 0.1501016616821289
              }
            ],
            [
              [
                1,
                6,
                63
              ],
              {
                "baseline_epsilon": 1.9200401306152344,
                "injected_epsilon": 1.8981361389160156,
                "epsilon_diff": -0.02190399169921875,
                "abs_diff": 0.02190399169921875
              },
              {
                "lower1": 0.011925986036658287,
                "middle": 0.023271478712558746,
                "upper": 8.335205078125,
                "gamma": 0.0029859542846679688
              }
            ],
            [
              [
                1,
                6,
                62
              ],
              {
                "baseline_epsilon": 1.9122772216796875,
                "injected_epsilon": 1.8904342651367188,
                "epsilon_diff": -0.02184295654296875,
                "abs_diff": 0.02184295654296875
              },
              {
                "lower1": 0.012272071093320847,
                "middle": 0.023948412388563156,
                "upper": 8.335441589355469,
                "gamma": 0.0030727386474609375
              }
            ],
            [
              [
                1,
                6,
                61
              ],
              {
                "baseline_epsilon": 1.9048347473144531,
                "injected_epsilon": 1.8830528259277344,
                "epsilon_diff": -0.02178192138671875,
                "abs_diff": 0.02178192138671875
              },
              {
                "lower1": 0.011640726588666439,
                "middle": 0.022715015336871147,
                "upper": 8.339933395385742,
                "gamma": 0.0029144287109375
              }
            ],
            [
              [
                1,
                6,
                60
              ],
              {
                "baseline_epsilon": 1.8967094421386719,
                "injected_epsilon": 1.875,
                "epsilon_diff": -0.021709442138671875,
                "abs_diff": 0.021709442138671875
              },
              {
                "lower1": 0.010362518951296806,
                "middle": 0.020218076184391975,
                "upper": 8.338756561279297,
                "gamma": 0.002593994140625
              }
            ],
            [
              [
                1,
                6,
                59
              ],
              {
                "baseline_epsilon": 1.8892250061035156,
                "injected_epsilon": 1.8675689697265625,
                "epsilon_diff": -0.021656036376953125,
                "abs_diff": 0.021656036376953125
              },
              {
                "lower1": 0.009249458089470863,
                "middle": 0.01804426498711109,
                "upper": 8.34196662902832,
                "gamma": 0.002315044403076172
              }
            ],
            [
              [
                1,
                6,
                58
              ],
              {
                "baseline_epsilon": 1.8811454772949219,
                "injected_epsilon": 1.8595809936523438,
                "epsilon_diff": -0.021564483642578125,
                "abs_diff": 0.021564483642578125
              },
              {
                "lower1": 0.008010457269847393,
                "middle": 0.015625154599547386,
                "upper": 8.340435028076172,
                "gamma": 0.0020046234130859375
              }
            ],
            [
              [
                1,
                6,
                57
              ],
              {
                "baseline_epsilon": 1.8736839294433594,
                "injected_epsilon": 1.8521842956542969,
                "epsilon_diff": -0.0214996337890625,
                "abs_diff": 0.0214996337890625
              },
              {
                "lower1": 0.006925299763679504,
                "middle": 0.013506893068552017,
                "upper": 8.342529296875,
                "gamma": 0.0017328262329101562
              }
            ],
            [
              [
                1,
                6,
                56
              ],
              {
                "baseline_epsilon": 1.8658256530761719,
                "injected_epsilon": 1.8444175720214844,
                "epsilon_diff": -0.0214080810546875,
                "abs_diff": 0.0214080810546875
              },
              {
                "lower1": 0.005716048646718264,
                "middle": 0.0111470278352499,
                "upper": 8.338150024414062,
                "gamma": 0.0014300346374511719
              }
            ],
            [
              [
                1,
                6,
                55
              ],
              {
                "baseline_epsilon": 1.8574562072753906,
                "injected_epsilon": 1.8361244201660156,