{
  "exp_id": "gpt2_comprehensive_sweep_seed=0_injection_layers=[6]_injection_bit=31_injection_location=weights_injection_idx=(0, 3, 53, 43)",
  "num_runs": 1,
  "timestamp": "2025-10-14T18:31:25.911370",
  "baseline_loss": {
    "mean": 8.242022514343262,
    "std": 0.0,
    "min": 8.242022514343262,
    "max": 8.242022514343262
  },
  "injected_loss": {
    "mean": 8.242026329040527,
    "std": 0.0,
    "min": 8.242026329040527,
    "max": 8.242026329040527
  },
  "loss_diff": {
    "mean": 3.814697265625e-06,
    "std": 0.0,
    "min": 3.814697265625e-06,
    "max": 3.814697265625e-06
  },
  "violation_detection": {
    "detection_rate": 0.0,
    "total_violations": 0,
    "avg_violations_per_run": 0.0
  }
}