{
  "exp_id": "gpt2_comprehensive_sweep_seed=3407_injection_layers=[9]_injection_bit=30_injection_location=q_injection_idx=(1, 9, 31, 62)",
  "num_runs": 1,
  "timestamp": "2025-10-14T20:40:13.118460",
  "baseline_loss": {
    "mean": 8.462053298950195,
    "std": 0.0,
    "min": 8.462053298950195,
    "max": 8.462053298950195
  },
  "injected_loss": {
    "mean": 8.461928367614746,
    "std": 0.0,
    "min": 8.461928367614746,
    "max": 8.461928367614746
  },
  "loss_diff": {
    "mean": -0.00012493133544921875,
    "std": 0.0,
    "min": -0.00012493133544921875,
    "max": -0.00012493133544921875
  },
  "violation_detection": {
    "detection_rate": 0.0,
    "total_violations": 0,
    "avg_violations_per_run": 0.0
  }
}