{
  "exp_id": "gpt2_comprehensive_sweep_seed=42_injection_layers=[9]_injection_bit=7_injection_location=scores_injection_idx=(1, 6, 32, 1)",
  "run_id": 0,
  "timestamp": "2025-12-12T07:01:34.703765",
  "baseline_loss": 13.721663475036621,
  "injected_loss": 13.721662521362305,
  "loss_diff": -9.5367431640625e-07,
  "bounds_valid": null,
  "violation_detected": false,
  "num_violations": 0,
  "violation_positions": [],
  "baseline_epsilon_stats": {
    "9": {
      "epsilon_mean": 10.922141075134277,
      "epsilon_std": 4.307835578918457,
      "lower_mean": 1.0468783378601074,
      "upper_mean": 16.82538414001465,
      "gamma_mean": 2.1429390907287598
    }
  },
  "injected_epsilon_stats": null,
  "injection_info": {
    "location": "scores",
    "idx": [
      1,
      6,
      32,
      1
    ],
    "bit": 7,
    "enabled": true,
    "multi_bit": false,
    "bit_list": null,
    "random_position": false,
    "injection_rate": 0.0
  },
  "extra_data": {
    "epsilon_analysis": [
      {
        "layer_idx": 9,
        "analysis": {
          "mean_diff": 1.2417634698280722e-09,
          "std_diff": 4.8666986884882135e-08,
          "max_abs_diff": 1.9073486328125e-06,
          "top_changes": [
            [
              [
                1,
                6,
                32
              ],
              {
                "baseline_epsilon": 9.039690017700195,
                "injected_epsilon": 9.039691925048828,
                "epsilon_diff": 1.9073486328125e-06,
                "abs_diff": 1.9073486328125e-06
              },
              {
                "lower1": 0.3000466525554657,
                "middle": 8.288954734802246,
                "upper": 12.781769752502441,
                "gamma": 4.855647087097168
              }
            ]
          ]
        }
      }
    ],
    "performance": {
      "time": {
        "total_time": 0.01932215690612793,
        "baseline_forward_time": 0.00754547119140625,
        "injection_forward_time": 0.006864786148071289,
        "bounds_computation_time": 0.0007941722869873047,
        "violation_detection_time": 0.0014710426330566406
      },
      "memory": {
        "peak_memory_allocated_mb": 1189.05908203125,
        "peak_memory_reserved_mb": 1786.0,
        "baseline_memory_mb": 1129.8623046875,
        "injection_memory_mb": 1189.05908203125
      },
      "compute": {
        "num_attention_layers": 12,
        "num_attention_heads": 12,
        "sequence_length": 64,
        "batch_size": 2,
        "attention_flops": 0.0,
        "bounds_flops": 0.0
      },
      "extra": {}
    }
  }
}