{
  "exp_id": "gpt2_comprehensive_sweep_seed=42_injection_layers=[3]_injection_bit=3_injection_location=k_injection_idx=(1, 6, 32, 1)",
  "run_id": 0,
  "timestamp": "2025-12-12T07:08:38.803238",
  "baseline_loss": 8.997109413146973,
  "injected_loss": 8.997110366821289,
  "loss_diff": 9.5367431640625e-07,
  "bounds_valid": null,
  "violation_detected": false,
  "num_violations": 0,
  "violation_positions": [],
  "baseline_epsilon_stats": {
    "3": {
      "epsilon_mean": 4.6995015144348145,
      "epsilon_std": 4.219686031341553,
      "lower_mean": 0.4203936457633972,
      "upper_mean": 5.6145782470703125,
      "gamma_mean": 0.16137349605560303
    }
  },
  "injected_epsilon_stats": null,
  "injection_info": {
    "location": "k",
    "idx": [
      1,
      6,
      32,
      1
    ],
    "bit": 3,
    "enabled": true,
    "multi_bit": false,
    "bit_list": null,
    "random_position": false,
    "injection_rate": 0.0
  },
  "extra_data": {
    "epsilon_analysis": [
      {
        "layer_idx": 3,
        "analysis": {
          "mean_diff": -3.1044086745701804e-10,
          "std_diff": 1.2166746721220534e-08,
          "max_abs_diff": 4.76837158203125e-07,
          "top_changes": [
            [
              [
                1,
                6,
                13
              ],
              {
                "baseline_epsilon": 4.457736015319824,
                "injected_epsilon": 4.457735538482666,
                "epsilon_diff": -4.76837158203125e-07,
                "abs_diff": 4.76837158203125e-07
              },
              {
                "lower1": 1.1610947847366333,
                "middle": 2.733628511428833,
                "upper": 4.609933376312256,
                "gamma": 0.351380318403244
              }
            ]
          ]
        }
      }
    ],
    "performance": {
      "time": {
        "total_time": 0.01841878890991211,
        "baseline_forward_time": 0.007140636444091797,
        "injection_forward_time": 0.006519794464111328,
        "bounds_computation_time": 0.000743865966796875,
        "violation_detection_time": 0.0014400482177734375
      },
      "memory": {
        "peak_memory_allocated_mb": 1138.998046875,
        "peak_memory_reserved_mb": 1786.0,
        "baseline_memory_mb": 1079.80126953125,
        "injection_memory_mb": 1138.998046875
      },
      "compute": {
        "num_attention_layers": 12,
        "num_attention_heads": 12,
        "sequence_length": 64,
        "batch_size": 2,
        "attention_flops": 0.0,
        "bounds_flops": 0.0
      },
      "extra": {}
    }
  }
}