{
  "exp_id": "gpt2_comprehensive_sweep_seed=0_injection_layers=[0]_injection_bit=0_injection_location=weights_injection_idx=(0, 0, 10, 20)",
  "num_runs": 1,
  "timestamp": "2025-10-14T18:31:16.031110",
  "baseline_loss": {
    "mean": 6.073779106140137,
    "std": 0.0,
    "min": 6.073779106140137,
    "max": 6.073779106140137
  },
  "injected_loss": {
    "mean": 6.073780536651611,
    "std": 0.0,
    "min": 6.073780536651611,
    "max": 6.073780536651611
  },
  "loss_diff": {
    "mean": 1.430511474609375e-06,
    "std": 0.0,
    "min": 1.430511474609375e-06,
    "max": 1.430511474609375e-06
  },
  "violation_detection": {
    "detection_rate": 0.0,
    "total_violations": 0,
    "avg_violations_per_run": 0.0
  }
}