{
  "exp_id": "gpt2_comprehensive_sweep_seed=42_injection_layers=[9]_injection_bit=23_injection_location=k_injection_idx=(0, 3, 53, 43)",
  "num_runs": 1,
  "timestamp": "2025-10-14T18:31:42.553499",
  "baseline_loss": {
    "mean": 8.801229476928711,
    "std": 0.0,
    "min": 8.801229476928711,
    "max": 8.801229476928711
  },
  "injected_loss": {
    "mean": 8.801248550415039,
    "std": 0.0,
    "min": 8.801248550415039,
    "max": 8.801248550415039
  },
  "loss_diff": {
    "mean": 1.9073486328125e-05,
    "std": 0.0,
    "min": 1.9073486328125e-05,
    "max": 1.9073486328125e-05
  },
  "violation_detection": {
    "detection_rate": 0.0,
    "total_violations": 0,
    "avg_violations_per_run": 0.0
  }
}