{
  "exp_id": "gpt2_comprehensive_sweep_seed=3407_injection_layers=[6]_injection_bit=26_injection_location=weights_injection_idx=(0, 0, 10, 20)",
  "num_runs": 1,
  "timestamp": "2025-10-14T18:22:23.303271",
  "baseline_loss": {
    "mean": 12.890384674072266,
    "std": 0.0,
    "min": 12.890384674072266,
    "max": 12.890384674072266
  },
  "injected_loss": {
    "mean": 12.890382766723633,
    "std": 0.0,
    "min": 12.890382766723633,
    "max": 12.890382766723633
  },
  "loss_diff": {
    "mean": -1.9073486328125e-06,
    "std": 0.0,
    "min": -1.9073486328125e-06,
    "max": -1.9073486328125e-06
  },
  "violation_detection": {
    "detection_rate": 0.0,
    "total_violations": 0,
    "avg_violations_per_run": 0.0
  }
}