{
  "exp_id": "gpt2_comprehensive_sweep_seed=3407_injection_layers=[0]_injection_bit=24_injection_location=weights_injection_idx=(0, 3, 53, 43)",
  "num_runs": 1,
  "timestamp": "2025-12-12T07:12:07.114443",
  "baseline_loss": {
    "mean": 10.275479316711426,
    "std": 0.0,
    "min": 10.275479316711426,
    "max": 10.275479316711426
  },
  "injected_loss": {
    "mean": 10.275483131408691,
    "std": 0.0,
    "min": 10.275483131408691,
    "max": 10.275483131408691
  },
  "loss_diff": {
    "mean": 3.814697265625e-06,
    "std": 0.0,
    "min": 3.814697265625e-06,
    "max": 3.814697265625e-06
  },
  "violation_detection": {
    "detection_rate": 0.0,
    "total_violations": 0,
    "avg_violations_per_run": 0.0
  }
}