{
  "exp_id": "gpt2_comprehensive_sweep_seed=123_injection_layers=[9]_injection_bit=23_injection_location=q_injection_idx=(1, 6, 32, 1)",
  "run_id": 0,
  "timestamp": "2025-10-14T18:13:18.558732",
  "baseline_loss": 13.721664428710938,
  "injected_loss": 13.72169017791748,
  "loss_diff": 2.574920654296875e-05,
  "bounds_valid": null,
  "violation_detected": false,
  "num_violations": 0,
  "violation_positions": [],
  "baseline_epsilon_stats": {
    "9": {
      "epsilon_mean": 10.922141075134277,
      "epsilon_std": 4.307835578918457,
      "lower_mean": 1.0468783378601074,
      "upper_mean": 16.82538414001465,
      "gamma_mean": 2.1429390907287598
    }
  },
  "injected_epsilon_stats": null,
  "injection_info": {
    "location": "q",
    "idx": [
      1,
      6,
      32,
      1
    ],
    "bit": 23,
    "enabled": true,
    "multi_bit": false,
    "bit_list": null,
    "random_position": false,
    "injection_rate": 0.0
  },
  "extra_data": {
    "epsilon_analysis": [
      {
        "layer_idx": 9,
        "analysis": {
          "mean_diff": 0.0003930094535462558,
          "std_diff": 0.015402760356664658,
          "max_abs_diff": 0.6036624908447266,
          "top_changes": [
            [
              [
                1,
                6,
                32
              ],
              {
                "baseline_epsilon": 9.039690017700195,
                "injected_epsilon": 9.643352508544922,
                "epsilon_diff": 0.6036624908447266,
                "abs_diff": 0.6036624908447266
              },
              {
                "lower1": 0.3000466525554657,
                "middle": 8.288954734802246,
                "upper": 12.781769752502441,
                "gamma": 4.855647087097168
              }
            ]
          ]
        }
      }
    ],
    "performance": {
      "time": {
        "total_time": 0.018146514892578125,
        "baseline_forward_time": 0.0069277286529541016,
        "injection_forward_time": 0.006485462188720703,
        "bounds_computation_time": 0.0007486343383789062,
        "violation_detection_time": 0.001439809799194336
      },
      "memory": {
        "peak_memory_allocated_mb": 1178.046875,
        "peak_memory_reserved_mb": 1718.0,
        "baseline_memory_mb": 1118.85009765625,
        "injection_memory_mb": 1178.046875
      },
      "compute": {
        "num_attention_layers": 12,
        "num_attention_heads": 12,
        "sequence_length": 64,
        "batch_size": 2,
        "attention_flops": 0.0,
        "bounds_flops": 0.0
      },
      "extra": {}
    }
  }
}