{
  "exp_id": "gpt2_comprehensive_sweep_seed=42_injection_layers=[9]_injection_bit=23_injection_location=scores_injection_idx=(0, 0, 10, 20)",
  "run_id": 0,
  "timestamp": "2025-10-14T18:15:37.487672",
  "baseline_loss": 8.462053298950195,
  "injected_loss": 8.462067604064941,
  "loss_diff": 1.430511474609375e-05,
  "bounds_valid": null,
  "violation_detected": true,
  "num_violations": 1,
  "violation_positions": [
    [
      9,
      [
        0,
        0,
        10
      ]
    ]
  ],
  "baseline_epsilon_stats": {
    "9": {
      "epsilon_mean": 6.7392191886901855,
      "epsilon_std": 4.8921427726745605,
      "lower_mean": 0.5418864488601685,
      "upper_mean": 9.379467010498047,
      "gamma_mean": 0.2731764018535614
    }
  },
  "injected_epsilon_stats": null,
  "injection_info": {
    "location": "scores",
    "idx": [
      0,
      0,
      10,
      20
    ],
    "bit": 23,
    "enabled": true,
    "multi_bit": false,
    "bit_list": null,
    "random_position": false,
    "injection_rate": 0.0
  },
  "extra_data": {
    "epsilon_analysis": [
      {
        "layer_idx": 9,
        "analysis": {
          "mean_diff": 0.0037350310012698174,
          "std_diff": 0.14638271927833557,
          "max_abs_diff": 5.7370076179504395,
          "top_changes": [
            [
              [
                0,
                0,
                10
              ],
              {
                "baseline_epsilon": 1.7749238014221191,
                "injected_epsilon": 7.511931419372559,
                "epsilon_diff": 5.7370076179504395,
                "abs_diff": 5.7370076179504395
              },
              {
                "lower1": 0.02000122331082821,
                "middle": 0.03929297998547554,
                "upper": 2.456228256225586,
                "gamma": 0.005012869834899902
              }
            ]
          ]
        }
      }
    ],
    "performance": {
      "time": {
        "total_time": 0.018369436264038086,
        "baseline_forward_time": 0.006868600845336914,
        "injection_forward_time": 0.006609439849853516,
        "bounds_computation_time": 0.0007569789886474609,
        "violation_detection_time": 0.0015604496002197266
      },
      "memory": {
        "peak_memory_allocated_mb": 1268.90673828125,
        "peak_memory_reserved_mb": 1718.0,
        "baseline_memory_mb": 1209.7099609375,
        "injection_memory_mb": 1268.90673828125
      },
      "compute": {
        "num_attention_layers": 12,
        "num_attention_heads": 12,
        "sequence_length": 64,
        "batch_size": 2,
        "attention_flops": 0.0,
        "bounds_flops": 0.0
      },
      "extra": {}
    }
  }
}