{
  "exp_id": "gpt2_comprehensive_sweep_seed=3407_injection_layers=[3]_injection_bit=27_injection_location=scores_injection_idx=(0, 0, 10, 20)",
  "run_id": 0,
  "timestamp": "2025-12-12T07:12:48.642210",
  "baseline_loss": 8.997109413146973,
  "injected_loss": 8.997035026550293,
  "loss_diff": -7.43865966796875e-05,
  "bounds_valid": null,
  "violation_detected": false,
  "num_violations": 0,
  "violation_positions": [],
  "baseline_epsilon_stats": {
    "3": {
      "epsilon_mean": 4.6995015144348145,
      "epsilon_std": 4.219686031341553,
      "lower_mean": 0.4203936457633972,
      "upper_mean": 5.6145782470703125,
      "gamma_mean": 0.16137349605560303
    }
  },
  "injected_epsilon_stats": null,
  "injection_info": {
    "location": "scores",
    "idx": [
      0,
      0,
      10,
      20
    ],
    "bit": 27,
    "enabled": true,
    "multi_bit": false,
    "bit_list": null,
    "random_position": false,
    "injection_rate": 0.0
  },
  "extra_data": {
    "epsilon_analysis": [
      {
        "layer_idx": 3,
        "analysis": {
          "mean_diff": -0.00011324200022500008,
          "std_diff": 0.004438161849975586,
          "max_abs_diff": 0.17393970489501953,
          "top_changes": [
            [
              [
                0,
                0,
                10
              ],
              {
                "baseline_epsilon": 8.368999481201172,
                "injected_epsilon": 8.195059776306152,
                "epsilon_diff": -0.17393970489501953,
                "abs_diff": 0.17393970489501953
              },
              {
                "lower1": 0.2089780569076538,
                "middle": 0.40849027037620544,
                "upper": 9.748132705688477,
                "gamma": 0.05368521809577942
              }
            ]
          ]
        }
      }
    ],
    "performance": {
      "time": {
        "total_time": 0.01832866668701172,
        "baseline_forward_time": 0.00697016716003418,
        "injection_forward_time": 0.006636619567871094,
        "bounds_computation_time": 0.0007417201995849609,
        "violation_detection_time": 0.0014276504516601562
      },
      "memory": {
        "peak_memory_allocated_mb": 1128.98583984375,
        "peak_memory_reserved_mb": 1854.0,
        "baseline_memory_mb": 1069.7890625,
        "injection_memory_mb": 1128.98583984375
      },
      "compute": {
        "num_attention_layers": 12,
        "num_attention_heads": 12,
        "sequence_length": 64,
        "batch_size": 2,
        "attention_flops": 0.0,
        "bounds_flops": 0.0
      },
      "extra": {}
    }
  }
}