{
  "exp_id": "gpt2_comprehensive_sweep_seed=42_injection_layers=[0]_injection_bit=16_injection_location=scores_injection_idx=(1, 9, 31, 62)",
  "run_id": 0,
  "timestamp": "2025-12-12T07:08:21.866919",
  "baseline_loss": 10.275479316711426,
  "injected_loss": 10.275479316711426,
  "loss_diff": 0.0,
  "bounds_valid": null,
  "violation_detected": false,
  "num_violations": 0,
  "violation_positions": [],
  "baseline_epsilon_stats": {
    "0": {
      "epsilon_mean": 1.9825315475463867,
      "epsilon_std": 1.6013407707214355,
      "lower_mean": 0.3287202715873718,
      "upper_mean": 2.0460193157196045,
      "gamma_mean": 0.0896625965833664
    }
  },
  "injected_epsilon_stats": null,
  "injection_info": {
    "location": "scores",
    "idx": [
      1,
      9,
      31,
      62
    ],
    "bit": 16,
    "enabled": true,
    "multi_bit": false,
    "bit_list": null,
    "random_position": false,
    "injection_rate": 0.0
  },
  "extra_data": {
    "epsilon_analysis": [
      {
        "layer_idx": 0,
        "analysis": {
          "mean_diff": 1.347313371979908e-07,
          "std_diff": 5.280367986415513e-06,
          "max_abs_diff": 0.00020694732666015625,
          "top_changes": [
            [
              [
                1,
                9,
                31
              ],
              {
                "baseline_epsilon": 4.464097023010254,
                "injected_epsilon": 4.464303970336914,
                "epsilon_diff": 0.00020694732666015625,
                "abs_diff": 0.00020694732666015625
              },
              {
                "lower1": 0.41202840209007263,
                "middle": 0.8474274277687073,
                "upper": 4.627466201782227,
                "gamma": 0.10893461108207703
              }
            ]
          ]
        }
      }
    ],
    "performance": {
      "time": {
        "total_time": 0.018645763397216797,
        "baseline_forward_time": 0.007204532623291016,
        "injection_forward_time": 0.006604194641113281,
        "bounds_computation_time": 0.0007526874542236328,
        "violation_detection_time": 0.0014574527740478516
      },
      "memory": {
        "peak_memory_allocated_mb": 1439.3642578125,
        "peak_memory_reserved_mb": 1786.0,
        "baseline_memory_mb": 1380.16748046875,
        "injection_memory_mb": 1439.3642578125
      },
      "compute": {
        "num_attention_layers": 12,
        "num_attention_heads": 12,
        "sequence_length": 64,
        "batch_size": 2,
        "attention_flops": 0.0,
        "bounds_flops": 0.0
      },
      "extra": {}
    }
  }
}