{
  "exp_id": "gpt2_comprehensive_sweep_seed=123_injection_layers=[6]_injection_bit=30_injection_location=weights_injection_idx=(1, 6, 32, 1)",
  "num_runs": 1,
  "timestamp": "2025-10-14T20:39:39.641246",
  "baseline_loss": {
    "mean": 8.564263343811035,
    "std": 0.0,
    "min": 8.564263343811035,
    "max": 8.564263343811035
  },
  "injected_loss": {
    "mean": 8.573140144348145,
    "std": 0.0,
    "min": 8.573140144348145,
    "max": 8.573140144348145
  },
  "loss_diff": {
    "mean": 0.008876800537109375,
    "std": 0.0,
    "min": 0.008876800537109375,
    "max": 0.008876800537109375
  },
  "violation_detection": {
    "detection_rate": 1.0,
    "total_violations": 1,
    "avg_violations_per_run": 1.0
  }
}