{
  "exp_id": "gpt2_comprehensive_sweep_seed=123_injection_layers=[0]_injection_bit=27_injection_location=weights_injection_idx=(0, 3, 53, 43)",
  "run_id": 0,
  "timestamp": "2025-10-14T18:15:44.705225",
  "baseline_loss": 10.27547836303711,
  "injected_loss": 10.275477409362793,
  "loss_diff": -9.5367431640625e-07,
  "bounds_valid": null,
  "violation_detected": false,
  "num_violations": 0,
  "violation_positions": [],
  "baseline_epsilon_stats": {
    "0": {
      "epsilon_mean": 1.9825315475463867,
      "epsilon_std": 1.6013407707214355,
      "lower_mean": 0.3287202715873718,
      "upper_mean": 2.0460193157196045,
      "gamma_mean": 0.0896625965833664
    }
  },
  "injected_epsilon_stats": null,
  "injection_info": {
    "location": "weights",
    "idx": [
      0,
      3,
      53,
      43
    ],
    "bit": 27,
    "enabled": true,
    "multi_bit": false,
    "bit_list": null,
    "random_position": false,
    "injection_rate": 0.0
  },
  "extra_data": {
    "epsilon_analysis": [
      {
        "layer_idx": 0,
        "analysis": {
          "mean_diff": -2.150175532733556e-05,
          "std_diff": 0.0008426932618021965,
          "max_abs_diff": 0.033026695251464844,
          "top_changes": [
            [
              [
                0,
                3,
                53
              ],
              {
                "baseline_epsilon": 2.4007019996643066,
                "injected_epsilon": 2.367675304412842,
                "epsilon_diff": -0.033026695251464844,
                "abs_diff": 0.033026695251464844
              },
              {
                "lower1": 0.27117571234703064,
                "middle": 0.550119936466217,
                "upper": 2.5515313148498535,
                "gamma": 0.07026122510433197
              }
            ]
          ]
        }
      }
    ],
    "performance": {
      "time": {
        "total_time": 0.018270015716552734,
        "baseline_forward_time": 0.006993770599365234,
        "injection_forward_time": 0.0065610408782958984,
        "bounds_computation_time": 0.0007455348968505859,
        "violation_detection_time": 0.0014269351959228516
      },
      "memory": {
        "peak_memory_allocated_mb": 1228.10791015625,
        "peak_memory_reserved_mb": 1718.0,
        "baseline_memory_mb": 1168.9111328125,
        "injection_memory_mb": 1228.10791015625
      },
      "compute": {
        "num_attention_layers": 12,
        "num_attention_heads": 12,
        "sequence_length": 64,
        "batch_size": 2,
        "attention_flops": 0.0,
        "bounds_flops": 0.0
      },
      "extra": {}
    }
  }
}