{
  "exp_id": "gpt2_comprehensive_sweep_seed=42_injection_layers=[9]_injection_bit=29_injection_location=k_injection_idx=(1, 9, 31, 62)",
  "run_id": 0,
  "timestamp": "2025-10-14T18:27:53.980627",
  "baseline_loss": 8.462053298950195,
  "injected_loss": 8.462043762207031,
  "loss_diff": -9.5367431640625e-06,
  "bounds_valid": null,
  "violation_detected": false,
  "num_violations": 0,
  "violation_positions": [],
  "baseline_epsilon_stats": {
    "9": {
      "epsilon_mean": 6.7392191886901855,
      "epsilon_std": 4.8921427726745605,
      "lower_mean": 0.5418864488601685,
      "upper_mean": 9.379467010498047,
      "gamma_mean": 0.2731764018535614
    }
  },
  "injected_epsilon_stats": null,
  "injection_info": {
    "location": "k",
    "idx": [
      1,
      9,
      31,
      62
    ],
    "bit": 29,
    "enabled": true,
    "multi_bit": false,
    "bit_list": null,
    "random_position": false,
    "injection_rate": 0.0
  },
  "extra_data": {
    "epsilon_analysis": [
      {
        "layer_idx": 9,
        "analysis": {
          "mean_diff": -0.000250513490755111,
          "std_diff": 0.0012708100257441401,
          "max_abs_diff": 0.0073871612548828125,
          "top_changes": [
            [
              [
                1,
                9,
                18
              ],
              {
                "baseline_epsilon": 10.542746543884277,
                "injected_epsilon": 10.535359382629395,
                "epsilon_diff": -0.0073871612548828125,
                "abs_diff": 0.0073871612548828125
              },
              {
                "lower1": 0.959145188331604,
                "middle": 1.3591601848602295,
                "upper": 18.457042694091797,
                "gamma": 0.27824997901916504
              }
            ],
            [
              [
                1,
                9,
                17
              ],
              {
                "baseline_epsilon": 10.993013381958008,
                "injected_epsilon": 10.985640525817871,
                "epsilon_diff": -0.007372856140136719,
                "abs_diff": 0.007372856140136719
              },
              {
                "lower1": 0.9434582591056824,
                "middle": 1.3630220890045166,
                "upper": 18.457042694091797,
                "gamma": 0.27286219596862793
              }
            ],
            [
              [
                1,
                9,
                19
              ],
              {
                "baseline_epsilon": 10.082107543945312,
                "injected_epsilon": 10.074762344360352,
                "epsilon_diff": -0.0073451995849609375,
                "abs_diff": 0.0073451995849609375
              },
              {
                "lower1": 0.9334157705307007,
                "middle": 1.2943322658538818,
                "upper": 18.457042694091797,
                "gamma": 0.26943302154541016
              }
            ],
            [
              [
                1,
                9,
                16
              ],
              {
                "baseline_epsilon": 11.508094787597656,
                "injected_epsilon": 11.500767707824707,
                "epsilon_diff": -0.007327079772949219,
                "abs_diff": 0.007327079772949219
              },
              {
                "lower1": 0.9375330805778503,
                "middle": 1.386612057685852,
                "upper": 18.457042694091797,
                "gamma": 0.27083706855773926
              }
            ],
            [
              [
                1,
                9,
                20
              ],
              {
                "baseline_epsilon": 9.726967811584473,
                "injected_epsilon": 9.719659805297852,
                "epsilon_diff": -0.007308006286621094,
                "abs_diff": 0.007308006286621094
              },
              {
                "lower1": 0.9367142915725708,
                "middle": 1.2792625427246094,
                "upper": 18.457042694091797,
                "gamma": 0.2705576419830322
              }
            ],
            [
              [
                1,
                9,
                21
              ],
              {
                "baseline_epsilon": 9.374991416931152,
                "injected_epsilon": 9.367751121520996,
                "epsilon_diff": -0.00724029541015625,
                "abs_diff": 0.00724029541015625
              },
              {
                "lower1": 0.9165313243865967,
                "middle": 1.2318655252456665,
                "upper": 18.457042694091797,
                "gamma": 0.2637021541595459
              }
            ],
            [
              [
                1,
                9,
                15
              ],
              {
                "baseline_epsilon": 12.006865501403809,
                "injected_epsilon": 11.999661445617676,
                "epsilon_diff": -0.0072040557861328125,
                "abs_diff": 0.0072040557861328125
              },
              {
                "lower1": 0.8900759816169739,
                "middle": 1.3441919088363647,
                "upper": 18.457042694091797,
                "gamma": 0.25480806827545166
              }
            ],
            [
              [
                1,
                9,
                22
              ],
              {
                "baseline_epsilon": 9.048629760742188,
                "injected_epsilon": 9.041460037231445,
                "epsilon_diff": -0.0071697235107421875,
                "abs_diff": 0.0071697235107421875
              },
              {
                "lower1": 0.8869722485542297,
                "middle": 1.174426794052124,
                "upper": 18.457042694091797,
                "gamma": 0.2537713050842285
              }
            ],
            [
              [
                1,
                9,
                23
              ],
              {
                "baseline_epsilon": 8.833643913269043,
                "injected_epsilon": 8.826518058776855,
                "epsilon_diff": -0.0071258544921875,
                "abs_diff": 0.0071258544921875
              },
              {
                "lower1": 0.8923869132995605,
                "middle": 1.1712862253189087,
                "upper": 18.457042694091797,
                "gamma": 0.2555809020996094
              }
            ],
            [
              [
                1,
                9,
                24
              ],
              {
                "baseline_epsilon": 8.563652992248535,
                "injected_epsilon": 8.556591987609863,
                "epsilon_diff": -0.007061004638671875,
                "abs_diff": 0.007061004638671875
              },
              {
                "lower1": 0.856681764125824,
                "middle": 1.11055326461792,
                "upper": 18.457042694091797,
                "gamma": 0.24372529983520508
              }
            ],
            [
              [
                1,
                9,
                25
              ],
              {
                "baseline_epsilon": 8.368882179260254,
                "injected_epsilon": 8.361865997314453,
                "epsilon_diff": -0.007016181945800781,
                "abs_diff": 0.007016181945800781
              },
              {
                "lower1": 0.8376350998878479,
                "middle": 1.0766379833221436,
                "upper": 18.457042694091797,
                "gamma": 0.2374739646911621
              }
            ],
            [
              [
                1,
                9,
                14
              ],
              {
                "baseline_epsilon": 12.520606994628906,
                "injected_epsilon": 12.513622283935547,
                "epsilon_diff": -0.006984710693359375,