{
  "exp_id": "gpt2_comprehensive_sweep_seed=3407_injection_layers=[6]_injection_bit=28_injection_location=k_injection_idx=(1, 6, 32, 1)",
  "num_runs": 1,
  "timestamp": "2025-10-14T18:25:58.010463",
  "baseline_loss": {
    "mean": 8.564263343811035,
    "std": 0.0,
    "min": 8.564263343811035,
    "max": 8.564263343811035
  },
  "injected_loss": {
    "mean": 8.564492225646973,
    "std": 0.0,
    "min": 8.564492225646973,
    "max": 8.564492225646973
  },
  "loss_diff": {
    "mean": 0.0002288818359375,
    "std": 0.0,
    "min": 0.0002288818359375,
    "max": 0.0002288818359375
  },
  "violation_detection": {
    "detection_rate": 0.0,
    "total_violations": 0,
    "avg_violations_per_run": 0.0
  }
}