{
  "exp_id": "gpt2_comprehensive_sweep_seed=3407_injection_layers=[0]_injection_bit=22_injection_location=q_injection_idx=(1, 6, 32, 1)",
  "num_runs": 1,
  "timestamp": "2025-12-12T07:03:37.098678",
  "baseline_loss": {
    "mean": 13.588921546936035,
    "std": 0.0,
    "min": 13.588921546936035,
    "max": 13.588921546936035
  },
  "injected_loss": {
    "mean": 13.588934898376465,
    "std": 0.0,
    "min": 13.588934898376465,
    "max": 13.588934898376465
  },
  "loss_diff": {
    "mean": 1.33514404296875e-05,
    "std": 0.0,
    "min": 1.33514404296875e-05,
    "max": 1.33514404296875e-05
  },
  "violation_detection": {
    "detection_rate": 0.0,
    "total_violations": 0,
    "avg_violations_per_run": 0.0
  }
}