{
  "exp_id": "gpt2_comprehensive_sweep_seed=3407_injection_layers=[9]_injection_bit=9_injection_location=q_injection_idx=(0, 3, 53, 43)",
  "run_id": 0,
  "timestamp": "2025-12-12T07:04:35.459014",
  "baseline_loss": 13.721663475036621,
  "injected_loss": 13.721664428710938,
  "loss_diff": 9.5367431640625e-07,
  "bounds_valid": null,
  "violation_detected": false,
  "num_violations": 0,
  "violation_positions": [],
  "baseline_epsilon_stats": {
    "9": {
      "epsilon_mean": 10.922141075134277,
      "epsilon_std": 4.307835578918457,
      "lower_mean": 1.0468783378601074,
      "upper_mean": 16.82538414001465,
      "gamma_mean": 2.1429390907287598
    }
  },
  "injected_epsilon_stats": null,
  "injection_info": {
    "location": "q",
    "idx": [
      0,
      3,
      53,
      43
    ],
    "bit": 9,
    "enabled": true,
    "multi_bit": false,
    "bit_list": null,
    "random_position": false,
    "injection_rate": 0.0
  },
  "extra_data": {
    "epsilon_analysis": [
      {
        "layer_idx": 9,
        "analysis": {
          "mean_diff": 1.2417634698280722e-09,
          "std_diff": 4.8666986884882135e-08,
          "max_abs_diff": 1.9073486328125e-06,
          "top_changes": [
            [
              [
                0,
                3,
                53
              ],
              {
                "baseline_epsilon": 7.251434326171875,
                "injected_epsilon": 7.251436233520508,
                "epsilon_diff": 1.9073486328125e-06,
                "abs_diff": 1.9073486328125e-06
              },
              {
                "lower1": 0.9806814789772034,
                "middle": 1.7418709993362427,
                "upper": 18.457042694091797,
                "gamma": 0.28571009635925293
              }
            ]
          ]
        }
      }
    ],
    "performance": {
      "time": {
        "total_time": 0.018776655197143555,
        "baseline_forward_time": 0.007248640060424805,
        "injection_forward_time": 0.006627082824707031,
        "bounds_computation_time": 0.0007684230804443359,
        "violation_detection_time": 0.00146484375
      },
      "memory": {
        "peak_memory_allocated_mb": 1138.998046875,
        "peak_memory_reserved_mb": 1874.0,
        "baseline_memory_mb": 1079.80126953125,
        "injection_memory_mb": 1138.998046875
      },
      "compute": {
        "num_attention_layers": 12,
        "num_attention_heads": 12,
        "sequence_length": 64,
        "batch_size": 2,
        "attention_flops": 0.0,
        "bounds_flops": 0.0
      },
      "extra": {}
    }
  }
}