{
  "exp_id": "gpt2_comprehensive_sweep_seed=123_injection_layers=[6]_injection_bit=24_injection_location=scores_injection_idx=(1, 9, 31, 62)",
  "num_runs": 1,
  "timestamp": "2025-12-12T07:20:25.232566",
  "baseline_loss": {
    "mean": 8.564264297485352,
    "std": 0.0,
    "min": 8.564264297485352,
    "max": 8.564264297485352
  },
  "injected_loss": {
    "mean": 8.564274787902832,
    "std": 0.0,
    "min": 8.564274787902832,
    "max": 8.564274787902832
  },
  "loss_diff": {
    "mean": 1.049041748046875e-05,
    "std": 0.0,
    "min": 1.049041748046875e-05,
    "max": 1.049041748046875e-05
  },
  "violation_detection": {
    "detection_rate": 0.0,
    "total_violations": 0,
    "avg_violations_per_run": 0.0
  }
}