{
  "exp_id": "gpt2_comprehensive_sweep_seed=0_injection_layers=[3]_injection_bit=27_injection_location=weights_injection_idx=(0, 0, 10, 20)",
  "num_runs": 1,
  "timestamp": "2025-10-14T18:12:25.420543",
  "baseline_loss": {
    "mean": 13.791719436645508,
    "std": 0.0,
    "min": 13.791719436645508,
    "max": 13.791719436645508
  },
  "injected_loss": {
    "mean": 13.791714668273926,
    "std": 0.0,
    "min": 13.791714668273926,
    "max": 13.791714668273926
  },
  "loss_diff": {
    "mean": -4.76837158203125e-06,
    "std": 0.0,
    "min": -4.76837158203125e-06,
    "max": -4.76837158203125e-06
  },
  "violation_detection": {
    "detection_rate": 0.0,
    "total_violations": 0,
    "avg_violations_per_run": 0.0
  }
}