{
  "exp_id": "gpt2_comprehensive_sweep_seed=42_injection_layers=[3]_injection_bit=30_injection_location=q_injection_idx=(0, 0, 10, 20)",
  "run_id": 0,
  "timestamp": "2025-10-14T18:21:33.068118",
  "baseline_loss": 13.791719436645508,
  "injected_loss": 13.791817665100098,
  "loss_diff": 9.822845458984375e-05,
  "bounds_valid": null,
  "violation_detected": true,
  "num_violations": 1,
  "violation_positions": [
    [
      3,
      [
        0,
        0,
        10
      ]
    ]
  ],
  "baseline_epsilon_stats": {
    "3": {
      "epsilon_mean": 6.302740097045898,
      "epsilon_std": 2.23594331741333,
      "lower_mean": 0.9555976390838623,
      "upper_mean": 17.05971336364746,
      "gamma_mean": 1.0718344449996948
    }
  },
  "injected_epsilon_stats": null,
  "injection_info": {
    "location": "q",
    "idx": [
      0,
      0,
      10,
      20
    ],
    "bit": 30,
    "enabled": true,
    "multi_bit": false,
    "bit_list": null,
    "random_position": false,
    "injection_rate": 0.0
  },
  "extra_data": {
    "epsilon_analysis": [
      {
        "layer_idx": 3,
        "analysis": {
          "mean_diff": -0.0033500120043754578,
          "std_diff": 0.13129311800003052,
          "max_abs_diff": 5.145618438720703,
          "top_changes": [
            [
              [
                0,
                0,
                10
              ],
              {
                "baseline_epsilon": 5.145618438720703,
                "injected_epsilon": 0.0,
                "epsilon_diff": -5.145618438720703,
                "abs_diff": 5.145618438720703
              },
              {
                "lower1": 0.11899806559085846,
                "middle": 4.90303373336792,
                "upper": 6.4976277351379395,
                "gamma": 5.996838569641113
              }
            ]
          ]
        }
      }
    ],
    "performance": {
      "time": {
        "total_time": 0.018762826919555664,
        "baseline_forward_time": 0.007314920425415039,
        "injection_forward_time": 0.006501913070678711,
        "bounds_computation_time": 0.0008015632629394531,
        "violation_detection_time": 0.0015375614166259766
      },
      "memory": {
        "peak_memory_allocated_mb": 1458.388671875,
        "peak_memory_reserved_mb": 1718.0,
        "baseline_memory_mb": 1399.19189453125,
        "injection_memory_mb": 1458.388671875
      },
      "compute": {
        "num_attention_layers": 12,
        "num_attention_heads": 12,
        "sequence_length": 64,
        "batch_size": 2,
        "attention_flops": 0.0,
        "bounds_flops": 0.0
      },
      "extra": {}
    }
  }
}