{
  "exp_id": "gpt2_comprehensive_sweep_seed=3407_injection_layers=[0]_injection_bit=19_injection_location=weights_injection_idx=(1, 9, 31, 62)",
  "run_id": 0,
  "timestamp": "2025-12-12T07:12:03.046473",
  "baseline_loss": 10.275479316711426,
  "injected_loss": 10.275484085083008,
  "loss_diff": 4.76837158203125e-06,
  "bounds_valid": null,
  "violation_detected": false,
  "num_violations": 0,
  "violation_positions": [],
  "baseline_epsilon_stats": {
    "0": {
      "epsilon_mean": 1.9825315475463867,
      "epsilon_std": 1.6013407707214355,
      "lower_mean": 0.3287202715873718,
      "upper_mean": 2.0460193157196045,
      "gamma_mean": 0.0896625965833664
    }
  },
  "injected_epsilon_stats": null,
  "injection_info": {
    "location": "weights",
    "idx": [
      1,
      9,
      31,
      62
    ],
    "bit": 19,
    "enabled": true,
    "multi_bit": false,
    "bit_list": null,
    "random_position": false,
    "injection_rate": 0.0
  },
  "extra_data": {
    "epsilon_analysis": [
      {
        "layer_idx": 0,
        "analysis": {
          "mean_diff": -6.401290875146515e-07,
          "std_diff": 2.5087832909775898e-05,
          "max_abs_diff": 0.0009832382202148438,
          "top_changes": [
            [
              [
                1,
                9,
                31
              ],
              {
                "baseline_epsilon": 4.464097023010254,
                "injected_epsilon": 4.463113784790039,
                "epsilon_diff": -0.0009832382202148438,
                "abs_diff": 0.0009832382202148438
              },
              {
                "lower1": 0.41202840209007263,
                "middle": 0.8474274277687073,
                "upper": 4.627466201782227,
                "gamma": 0.10893461108207703
              }
            ]
          ]
        }
      }
    ],
    "performance": {
      "time": {
        "total_time": 0.018915891647338867,
        "baseline_forward_time": 0.007262229919433594,
        "injection_forward_time": 0.006769657135009766,
        "bounds_computation_time": 0.0007832050323486328,
        "violation_detection_time": 0.0014491081237792969
      },
      "memory": {
        "peak_memory_allocated_mb": 1509.44970703125,
        "peak_memory_reserved_mb": 1852.0,
        "baseline_memory_mb": 1450.2529296875,
        "injection_memory_mb": 1509.44970703125
      },
      "compute": {
        "num_attention_layers": 12,
        "num_attention_heads": 12,
        "sequence_length": 64,
        "batch_size": 2,
        "attention_flops": 0.0,
        "bounds_flops": 0.0
      },
      "extra": {}
    }
  }
}