{
  "exp_id": "gpt2_comprehensive_sweep_seed=42_injection_layers=[9]_injection_bit=13_injection_location=k_injection_idx=(0, 3, 53, 43)",
  "run_id": 0,
  "timestamp": "2025-12-12T07:09:31.983408",
  "baseline_loss": 8.462052345275879,
  "injected_loss": 8.462052345275879,
  "loss_diff": 0.0,
  "bounds_valid": null,
  "violation_detected": false,
  "num_violations": 0,
  "violation_positions": [],
  "baseline_epsilon_stats": {
    "9": {
      "epsilon_mean": 6.7392191886901855,
      "epsilon_std": 4.8921427726745605,
      "lower_mean": 0.5418864488601685,
      "upper_mean": 9.379467010498047,
      "gamma_mean": 0.2731764018535614
    }
  },
  "injected_epsilon_stats": null,
  "injection_info": {
    "location": "k",
    "idx": [
      0,
      3,
      53,
      43
    ],
    "bit": 13,
    "enabled": true,
    "multi_bit": false,
    "bit_list": null,
    "random_position": false,
    "injection_rate": 0.0
  },
  "extra_data": {
    "epsilon_analysis": [
      {
        "layer_idx": 9,
        "analysis": {
          "mean_diff": -2.2708749725097732e-07,
          "std_diff": 1.1500037544465158e-06,
          "max_abs_diff": 8.58306884765625e-06,
          "top_changes": [
            [
              [
                0,
                3,
                3
              ],
              {
                "baseline_epsilon": 3.5764732360839844,
                "injected_epsilon": 3.5764646530151367,
                "epsilon_diff": -8.58306884765625e-06,
                "abs_diff": 8.58306884765625e-06
              },
              {
                "lower1": 0.014818773604929447,
                "middle": 0.02893543802201748,
                "upper": 4.281497001647949,
                "gamma": 0.0037115812301635742
              }
            ],
            [
              [
                0,
                3,
                63
              ],
              {
                "baseline_epsilon": 5.087249755859375,
                "injected_epsilon": 5.087242126464844,
                "epsilon_diff": -7.62939453125e-06,
                "abs_diff": 7.62939453125e-06
              },
              {
                "lower1": 0.11175233870744705,
                "middle": 0.21947479248046875,
                "upper": 6.515020370483398,
                "gamma": 0.028339624404907227
              }
            ],
            [
              [
                0,
                3,
                8
              ],
              {
                "baseline_epsilon": 5.182994842529297,
                "injected_epsilon": 5.182987213134766,
                "epsilon_diff": -7.62939453125e-06,
                "abs_diff": 7.62939453125e-06
              },
              {
                "lower1": 0.04579348489642143,
                "middle": 0.08900855481624603,
                "upper": 7.372747421264648,
                "gamma": 0.011514663696289062
              }
            ],
            [
              [
                0,
                3,
                31
              ],
              {
                "baseline_epsilon": 4.468389511108398,
                "injected_epsilon": 4.468381881713867,
                "epsilon_diff": -7.62939453125e-06,
                "abs_diff": 7.62939453125e-06
              },
              {
                "lower1": 0.045807626098394394,
                "middle": 0.08940019458532333,
                "upper": 6.090049743652344,
                "gamma": 0.011518239974975586
              }
            ],
            [
              [
                0,
                3,
                5
              ],
              {
                "baseline_epsilon": 5.121498107910156,
                "injected_epsilon": 5.121490478515625,
                "epsilon_diff": -7.62939453125e-06,
                "abs_diff": 7.62939453125e-06
              },
              {
                "lower1": 0.043292660266160965,
                "middle": 0.08416850864887238,
                "upper": 7.107784271240234,
                "gamma": 0.010882377624511719
              }
            ],
            [
              [
                0,
                3,
                4
              ],
              {
                "baseline_epsilon": 4.788227081298828,
                "injected_epsilon": 4.788219451904297,
                "epsilon_diff": -7.62939453125e-06,
                "abs_diff": 7.62939453125e-06
              },
              {
                "lower1": 0.028032563626766205,
                "middle": 0.05450404807925224,
                "upper": 6.436014175415039,
                "gamma": 0.007032871246337891
              }
            ],
            [
              [
                0,
                3,
                11
              ],
              {
                "baseline_epsilon": 4.941621780395508,
                "injected_epsilon": 4.941614151000977,
                "epsilon_diff": -7.62939453125e-06,
                "abs_diff": 7.62939453125e-06
              },
              {
                "lower1": 0.03708745911717415,
                "middle": 0.07210537791252136,
                "upper": 6.991044998168945,
                "gamma": 0.009315252304077148
              }
            ],
            [
              [
                0,
                3,
                16
              ],
              {
                "baseline_epsilon": 4.62605094909668,
                "injected_epsilon": 4.626043319702148,
                "epsilon_diff": -7.62939453125e-06,
                "abs_diff": 7.62939453125e-06
              },
              {
                "lower1": 0.0330955795943737,
                "middle": 0.06442123651504517,
                "upper": 6.476875305175781,
                "gamma": 0.00830841064453125
              }
            ],
            [
              [
                0,
                3,
                40
              ],
              {
                "baseline_epsilon": 4.594244003295898,
                "injected_epsilon": 4.594236373901367,
                "epsilon_diff": -7.62939453125e-06,
                "abs_diff": 7.62939453125e-06
              },
              {
                "lower1": 0.03985755518078804,
                "middle": 0.07769600301980972,
                "upper": 6.1627655029296875,
                "gamma": 0.010014533996582031
              }
            ],
            [
              [
                0,
                3,
                25
              ],
              {
                "baseline_epsilon": 4.41999626159668,
                "injected_epsilon": 4.419988632202148,
                "epsilon_diff": -7.62939453125e-06,
                "abs_diff": 7.62939453125e-06
              },
              {
                "lower1": 0.011326919309794903,
                "middle": 0.02201235294342041,
                "upper": 6.095727920532227,
                "gamma": 0.0028357505798339844
              }
            ],
            [
              [
                0,
                3,
                17
              ],
              {
                "baseline_epsilon": 4.581933975219727,
                "injected_epsilon": 4.581926345825195,
                "epsilon_diff": -7.62939453125e-06,
                "abs_diff": 7.62939453125e-06
              },
              {
                "lower1": 0.03160669282078743,
                "middle": 0.061525676399469376,
                "upper": 6.403749465942383,
                "gamma": 0.00793313980102539
              }
            ],
            [
              [
                0,
                3,
                24
              ],
              {
                "baseline_epsilon": 4.419431686401367,
                "injected_epsilon": 4.419424057006836,
                "epsilon_diff": -7.62939453125e-06,
                "abs_diff": 7.62939453125e-06
              },
              {
                "lower1": 0.005939835216850042,
                "middle": 0.011535285040736198,