{
  "exp_id": "gpt2_comprehensive_sweep_seed=3407_injection_layers=[0]_injection_bit=30_injection_location=q_injection_idx=(0, 3, 53, 43)",
  "num_runs": 1,
  "timestamp": "2025-12-12T07:42:54.389606",
  "baseline_loss": {
    "mean": 10.275479316711426,
    "std": 0.0,
    "min": 10.275479316711426,
    "max": 10.275479316711426
  },
  "injected_loss": {
    "mean": 10.275253295898438,
    "std": 0.0,
    "min": 10.275253295898438,
    "max": 10.275253295898438
  },
  "loss_diff": {
    "mean": -0.00022602081298828125,
    "std": 0.0,
    "min": -0.00022602081298828125,
    "max": -0.00022602081298828125
  },
  "violation_detection": {
    "detection_rate": 1.0,
    "total_violations": 1,
    "avg_violations_per_run": 1.0
  }
}