{
  "exp_id": "gpt2_comprehensive_sweep_seed=3407_injection_layers=[3]_injection_bit=31_injection_location=weights_injection_idx=(1, 6, 32, 1)",
  "num_runs": 1,
  "timestamp": "2025-12-12T07:12:52.253716",
  "baseline_loss": {
    "mean": 8.997109413146973,
    "std": 0.0,
    "min": 8.997109413146973,
    "max": 8.997109413146973
  },
  "injected_loss": {
    "mean": 8.997126579284668,
    "std": 0.0,
    "min": 8.997126579284668,
    "max": 8.997126579284668
  },
  "loss_diff": {
    "mean": 1.71661376953125e-05,
    "std": 0.0,
    "min": 1.71661376953125e-05,
    "max": 1.71661376953125e-05
  },
  "violation_detection": {
    "detection_rate": 0.0,
    "total_violations": 0,
    "avg_violations_per_run": 0.0
  }
}