{
  "exp_id": "gpt2_comprehensive_sweep_seed=0_injection_layers=[6]_injection_bit=24_injection_location=q_injection_idx=(0, 0, 10, 20)",
  "run_id": 0,
  "timestamp": "2025-10-14T20:38:46.367520",
  "baseline_loss": 8.564263343811035,
  "injected_loss": 8.564268112182617,
  "loss_diff": 4.76837158203125e-06,
  "bounds_valid": null,
  "violation_detected": false,
  "num_violations": 0,
  "violation_positions": [],
  "baseline_epsilon_stats": {
    "6": {
      "epsilon_mean": 5.956024169921875,
      "epsilon_std": 4.427911758422852,
      "lower_mean": 0.5316863656044006,
      "upper_mean": 7.960529327392578,
      "gamma_mean": 0.18503431975841522
    }
  },
  "injected_epsilon_stats": null,
  "injection_info": {
    "location": "q",
    "idx": [
      0,
      0,
      10,
      20
    ],
    "bit": 24,
    "enabled": true,
    "multi_bit": false,
    "bit_list": null,
    "random_position": false,
    "injection_rate": 0.0
  },
  "extra_data": {
    "epsilon_analysis": [
      {
        "layer_idx": 6,
        "analysis": {
          "mean_diff": 9.698483154352289e-06,
          "std_diff": 0.00038010135176591575,
          "max_abs_diff": 0.014896869659423828,
          "top_changes": [
            [
              [
                0,
                0,
                10
              ],
              {
                "baseline_epsilon": 0.6432266235351562,
                "injected_epsilon": 0.6581234931945801,
                "epsilon_diff": 0.014896869659423828,
                "abs_diff": 0.014896869659423828
              },
              {
                "lower1": 0.002699655946344137,
                "middle": 0.005308442283421755,
                "upper": 0.8827047348022461,
                "gamma": 0.0006751418113708496
              }
            ]
          ]
        }
      }
    ],
    "performance": {
      "time": {
        "total_time": 0.01882171630859375,
        "baseline_forward_time": 0.007334709167480469,
        "injection_forward_time": 0.006440639495849609,
        "bounds_computation_time": 0.0008099079132080078,
        "violation_detection_time": 0.0015552043914794922
      },
      "memory": {
        "peak_memory_allocated_mb": 1278.1689453125,
        "peak_memory_reserved_mb": 1632.0,
        "baseline_memory_mb": 1218.97216796875,
        "injection_memory_mb": 1278.1689453125
      },
      "compute": {
        "num_attention_layers": 12,
        "num_attention_heads": 12,
        "sequence_length": 64,
        "batch_size": 2,
        "attention_flops": 0.0,
        "bounds_flops": 0.0
      },
      "extra": {}
    }
  }
}