{
  "exp_id": "gpt2_comprehensive_sweep_seed=123_injection_layers=[0]_injection_bit=15_injection_location=weights_injection_idx=(0, 0, 10, 20)",
  "run_id": 0,
  "timestamp": "2025-10-14T17:46:11.123113",
  "baseline_loss": 10.27547836303711,
  "injected_loss": 10.275479316711426,
  "loss_diff": 9.5367431640625e-07,
  "bounds_valid": null,
  "violation_detected": false,
  "num_violations": 0,
  "violation_positions": [],
  "baseline_epsilon_stats": {
    "0": {
      "epsilon_mean": 1.9825315475463867,
      "epsilon_std": 1.6013407707214355,
      "lower_mean": 0.3287202715873718,
      "upper_mean": 2.0460193157196045,
      "gamma_mean": 0.0896625965833664
    }
  },
  "injected_epsilon_stats": null,
  "injection_info": {
    "location": "weights",
    "idx": [
      0,
      0,
      10,
      20
    ],
    "bit": 15,
    "enabled": true,
    "multi_bit": false,
    "bit_list": null,
    "random_position": false,
    "injection_rate": 0.0
  },
  "extra_data": {
    "epsilon_analysis": [
      {
        "layer_idx": 0,
        "analysis": {
          "mean_diff": -4.035731393514652e-08,
          "std_diff": 1.581677111062163e-06,
          "max_abs_diff": 6.198883056640625e-05,
          "top_changes": [
            [
              [
                0,
                0,
                10
              ],
              {
                "baseline_epsilon": 1.0095866918563843,
                "injected_epsilon": 1.0095247030258179,
                "epsilon_diff": -6.198883056640625e-05,
                "abs_diff": 6.198883056640625e-05
              },
              {
                "lower1": 0.3560161888599396,
                "middle": 0.7336282730102539,
                "upper": 1.012832522392273,
                "gamma": 0.09335881471633911
              }
            ]
          ]
        }
      }
    ],
    "performance": {
      "time": {
        "total_time": 0.01831674575805664,
        "baseline_forward_time": 0.007010936737060547,
        "injection_forward_time": 0.00655364990234375,
        "bounds_computation_time": 0.0007586479187011719,
        "violation_detection_time": 0.0014472007751464844
      },
      "memory": {
        "peak_memory_allocated_mb": 1248.13232421875,
        "peak_memory_reserved_mb": 1632.0,
        "baseline_memory_mb": 1188.935546875,
        "injection_memory_mb": 1248.13232421875
      },
      "compute": {
        "num_attention_layers": 12,
        "num_attention_heads": 12,
        "sequence_length": 64,
        "batch_size": 2,
        "attention_flops": 0.0,
        "bounds_flops": 0.0
      },
      "extra": {}
    }
  }
}