{
  "exp_id": "gpt2_comprehensive_sweep_seed=42_injection_layers=[6]_injection_bit=19_injection_location=weights_injection_idx=(1, 6, 32, 1)",
  "run_id": 0,
  "timestamp": "2025-10-14T18:15:31.272470",
  "baseline_loss": 8.564263343811035,
  "injected_loss": 8.564265251159668,
  "loss_diff": 1.9073486328125e-06,
  "bounds_valid": null,
  "violation_detected": false,
  "num_violations": 0,
  "violation_positions": [],
  "baseline_epsilon_stats": {
    "6": {
      "epsilon_mean": 5.956024169921875,
      "epsilon_std": 4.427911758422852,
      "lower_mean": 0.5316863656044006,
      "upper_mean": 7.960529327392578,
      "gamma_mean": 0.18503431975841522
    }
  },
  "injected_epsilon_stats": null,
  "injection_info": {
    "location": "weights",
    "idx": [
      1,
      6,
      32,
      1
    ],
    "bit": 19,
    "enabled": true,
    "multi_bit": false,
    "bit_list": null,
    "random_position": false,
    "injection_rate": 0.0
  },
  "extra_data": {
    "epsilon_analysis": [
      {
        "layer_idx": 6,
        "analysis": {
          "mean_diff": 1.8098702980751114e-07,
          "std_diff": 7.093213753250893e-06,
          "max_abs_diff": 0.0002779960632324219,
          "top_changes": [
            [
              [
                1,
                6,
                32
              ],
              {
                "baseline_epsilon": 4.868965148925781,
                "injected_epsilon": 4.869243144989014,
                "epsilon_diff": 0.0002779960632324219,
                "abs_diff": 0.0002779960632324219
              },
              {
                "lower1": 0.0218485239893198,
                "middle": 0.04234788566827774,
                "upper": 7.388455867767334,
                "gamma": 0.00547713041305542
              }
            ]
          ]
        }
      }
    ],
    "performance": {
      "time": {
        "total_time": 0.018266916275024414,
        "baseline_forward_time": 0.007097482681274414,
        "injection_forward_time": 0.006440162658691406,
        "bounds_computation_time": 0.0007534027099609375,
        "violation_detection_time": 0.001428365707397461
      },
      "memory": {
        "peak_memory_allocated_mb": 1218.095703125,
        "peak_memory_reserved_mb": 1718.0,
        "baseline_memory_mb": 1158.89892578125,
        "injection_memory_mb": 1218.095703125
      },
      "compute": {
        "num_attention_layers": 12,
        "num_attention_heads": 12,
        "sequence_length": 64,
        "batch_size": 2,
        "attention_flops": 0.0,
        "bounds_flops": 0.0
      },
      "extra": {}
    }
  }
}