{
  "exp_id": "gpt2_comprehensive_sweep_seed=123_injection_layers=[0]_injection_bit=22_injection_location=k_injection_idx=(0, 3, 53, 43)",
  "run_id": 0,
  "timestamp": "2025-12-12T07:02:08.016184",
  "baseline_loss": 13.588921546936035,
  "injected_loss": 13.588895797729492,
  "loss_diff": -2.574920654296875e-05,
  "bounds_valid": null,
  "violation_detected": false,
  "num_violations": 0,
  "violation_positions": [],
  "baseline_epsilon_stats": {
    "0": {
      "epsilon_mean": 4.467039108276367,
      "epsilon_std": 2.3451578617095947,
      "lower_mean": 0.39254388213157654,
      "upper_mean": 9.511073112487793,
      "gamma_mean": 0.164742574095726
    }
  },
  "injected_epsilon_stats": null,
  "injection_info": {
    "location": "k",
    "idx": [
      0,
      3,
      53,
      43
    ],
    "bit": 22,
    "enabled": true,
    "multi_bit": false,
    "bit_list": null,
    "random_position": false,
    "injection_rate": 0.0
  },
  "extra_data": {
    "epsilon_analysis": [
      {
        "layer_idx": 0,
        "analysis": {
          "mean_diff": 1.749272269080393e-05,
          "std_diff": 0.0012569656828418374,
          "max_abs_diff": 0.0452117919921875,
          "top_changes": [
            [
              [
                0,
                3,
                17
              ],
              {
                "baseline_epsilon": 3.0201339721679688,
                "injected_epsilon": 3.0653457641601562,
                "epsilon_diff": 0.0452117919921875,
                "abs_diff": 0.0452117919921875
              },
              {
                "lower1": 0.011929788626730442,
                "middle": 0.022629279643297195,
                "upper": 18.457042694091797,
                "gamma": 0.002986907958984375
              }
            ],
            [
              [
                0,
                3,
                1
              ],
              {
                "baseline_epsilon": 2.2531967163085938,
                "injected_epsilon": 2.2446441650390625,
                "epsilon_diff": -0.00855255126953125,
                "abs_diff": 0.00855255126953125
              },
              {
                "lower1": 0.07105843722820282,
                "middle": 0.1401420533657074,
                "upper": 4.197353363037109,
                "gamma": 0.017925262451171875
              }
            ],
            [
              [
                0,
                3,
                16
              ],
              {
                "baseline_epsilon": 3.2825927734375,
                "injected_epsilon": 3.2752227783203125,
                "epsilon_diff": -0.0073699951171875,
                "abs_diff": 0.0073699951171875
              },
              {
                "lower1": 0.09906843304634094,
                "middle": 0.19011905789375305,
                "upper": 18.457042694091797,
                "gamma": 0.025081634521484375
              }
            ],
            [
              [
                0,
                3,
                14
              ],
              {
                "baseline_epsilon": 3.4382400512695312,
                "injected_epsilon": 3.4321670532226562,
                "epsilon_diff": -0.006072998046875,
                "abs_diff": 0.006072998046875
              },
              {
                "lower1": 0.10205734521150589,
                "middle": 0.19664506614208221,
                "upper": 18.457042694091797,
                "gamma": 0.025848388671875
              }
            ],
            [
              [
                0,
                3,
                15
              ],
              {
                "baseline_epsilon": 3.3981094360351562,
                "injected_epsilon": 3.3921432495117188,
                "epsilon_diff": -0.0059661865234375,
                "abs_diff": 0.0059661865234375
              },
              {
                "lower1": 0.061144206672906876,
                "middle": 0.11697989702224731,
                "upper": 18.457042694091797,
                "gamma": 0.015404701232910156
              }
            ],
            [
              [
                0,
                3,
                13
              ],
              {
                "baseline_epsilon": 3.4587326049804688,
                "injected_epsilon": 3.4535064697265625,
                "epsilon_diff": -0.00522613525390625,
                "abs_diff": 0.00522613525390625
              },
              {
                "lower1": 0.06456435471773148,
                "middle": 0.12400718778371811,
                "upper": 18.457042694091797,
                "gamma": 0.01627349853515625
              }
            ],
            [
              [
                0,
                3,
                12
              ],
              {
                "baseline_epsilon": 3.5072860717773438,
                "injected_epsilon": 3.5028915405273438,
                "epsilon_diff": -0.00439453125,
                "abs_diff": 0.00439453125
              },
              {
                "lower1": 0.027750356122851372,
                "middle": 0.053105391561985016,
                "upper": 18.457042694091797,
                "gamma": 0.006961822509765625
              }
            ],
            [
              [
                0,
                3,
                18
              ],
              {
                "baseline_epsilon": 3.1263198852539062,
                "injected_epsilon": 3.1219482421875,
                "epsilon_diff": -0.00437164306640625,
                "abs_diff": 0.00437164306640625
              },
              {
                "lower1": 0.0687200203537941,
                "middle": 0.13074885308742523,
                "upper": 18.457042694091797,
                "gamma": 0.017330169677734375
              }
            ],
            [
              [
                0,
                3,
                19
              ],
              {
                "baseline_epsilon": 3.020660400390625,
                "injected_epsilon": 3.0166778564453125,
                "epsilon_diff": -0.0039825439453125,
                "abs_diff": 0.0039825439453125
              },
              {
                "lower1": 0.007869593799114227,
                "middle": 0.01481998898088932,
                "upper": 18.457042694091797,
                "gamma": 0.0019693374633789062
              }
            ],
            [
              [
                0,
                3,
                11
              ],
              {
                "baseline_epsilon": 3.850677490234375,
                "injected_epsilon": 3.8470535278320312,
                "epsilon_diff": -0.00362396240234375,
                "abs_diff": 0.00362396240234375
              },
              {
                "lower1": 0.10129547119140625,
                "middle": 0.19557617604732513,
                "upper": 18.457042694091797,
                "gamma": 0.02565288543701172
              }
            ],
            [
              [
                0,
                3,
                10
              ],
              {
                "baseline_epsilon": 4.02911376953125,
                "injected_epsilon": 4.026405334472656,
                "epsilon_diff": -0.00270843505859375,
                "abs_diff": 0.00270843505859375
              },
              {
                "lower1": 0.0836927592754364,
                "middle": 0.16126401722431183,
                "upper": 18.457042694091797,
                "gamma": 0.021146774291992188
              }
            ],
            [
              [
                0,
                3,
                63
              ],
              {
                "baseline_epsilon": 5.915885925292969,
                "injected_epsilon": 5.918048858642578,
                "epsilon_diff": 0.002162933349609375,
                "abs_diff": 0.002162933349609375
              },
              {
                "lower1": 1.4813060760498047,