{
  "exp_id": "gpt2_comprehensive_sweep_seed=3407_injection_layers=[3]_injection_bit=25_injection_location=scores_injection_idx=(0, 0, 10, 20)",
  "num_runs": 1,
  "timestamp": "2025-12-12T07:43:15.159334",
  "baseline_loss": {
    "mean": 8.997109413146973,
    "std": 0.0,
    "min": 8.997109413146973,
    "max": 8.997109413146973
  },
  "injected_loss": {
    "mean": 8.99704360961914,
    "std": 0.0,
    "min": 8.99704360961914,
    "max": 8.99704360961914
  },
  "loss_diff": {
    "mean": -6.580352783203125e-05,
    "std": 0.0,
    "min": -6.580352783203125e-05,
    "max": -6.580352783203125e-05
  },
  "violation_detection": {
    "detection_rate": 0.0,
    "total_violations": 0,
    "avg_violations_per_run": 0.0
  }
}