{
  "exp_id": "gpt2_comprehensive_sweep_seed=123_injection_layers=[6]_injection_bit=25_injection_location=q_injection_idx=(1, 6, 32, 1)",
  "num_runs": 1,
  "timestamp": "2025-10-14T20:39:36.195262",
  "baseline_loss": {
    "mean": 8.564263343811035,
    "std": 0.0,
    "min": 8.564263343811035,
    "max": 8.564263343811035
  },
  "injected_loss": {
    "mean": 8.564229011535645,
    "std": 0.0,
    "min": 8.564229011535645,
    "max": 8.564229011535645
  },
  "loss_diff": {
    "mean": -3.4332275390625e-05,
    "std": 0.0,
    "min": -3.4332275390625e-05,
    "max": -3.4332275390625e-05
  },
  "violation_detection": {
    "detection_rate": 0.0,
    "total_violations": 0,
    "avg_violations_per_run": 0.0
  }
}