{
  "exp_id": "gpt2_comprehensive_sweep_seed=42_injection_layers=[6]_injection_bit=24_injection_location=q_injection_idx=(1, 6, 32, 1)",
  "num_runs": 1,
  "timestamp": "2025-10-14T18:27:43.486483",
  "baseline_loss": {
    "mean": 8.564263343811035,
    "std": 0.0,
    "min": 8.564263343811035,
    "max": 8.564263343811035
  },
  "injected_loss": {
    "mean": 8.56438159942627,
    "std": 0.0,
    "min": 8.56438159942627,
    "max": 8.56438159942627
  },
  "loss_diff": {
    "mean": 0.000118255615234375,
    "std": 0.0,
    "min": 0.000118255615234375,
    "max": 0.000118255615234375
  },
  "violation_detection": {
    "detection_rate": 0.0,
    "total_violations": 0,
    "avg_violations_per_run": 0.0
  }
}