{
  "exp_id": "gpt2_comprehensive_sweep_seed=123_injection_layers=[0]_injection_bit=23_injection_location=k_injection_idx=(1, 6, 32, 1)",
  "run_id": 0,
  "timestamp": "2025-12-12T07:10:05.079763",
  "baseline_loss": 10.275479316711426,
  "injected_loss": 10.275349617004395,
  "loss_diff": -0.00012969970703125,
  "bounds_valid": null,
  "violation_detected": false,
  "num_violations": 0,
  "violation_positions": [],
  "baseline_epsilon_stats": {
    "0": {
      "epsilon_mean": 1.9825315475463867,
      "epsilon_std": 1.6013407707214355,
      "lower_mean": 0.3287202715873718,
      "upper_mean": 2.0460193157196045,
      "gamma_mean": 0.0896625965833664
    }
  },
  "injected_epsilon_stats": null,
  "injection_info": {
    "location": "k",
    "idx": [
      1,
      6,
      32,
      1
    ],
    "bit": 23,
    "enabled": true,
    "multi_bit": false,
    "bit_list": null,
    "random_position": false,
    "injection_rate": 0.0
  },
  "extra_data": {
    "epsilon_analysis": [
      {
        "layer_idx": 0,
        "analysis": {
          "mean_diff": -4.9609770940151066e-05,
          "std_diff": 0.0004429222899489105,
          "max_abs_diff": 0.0037251710891723633,
          "top_changes": [
            [
              [
                1,
                6,
                63
              ],
              {
                "baseline_epsilon": 1.4408767223358154,
                "injected_epsilon": 1.437151551246643,
                "epsilon_diff": -0.0037251710891723633,
                "abs_diff": 0.0037251710891723633
              },
              {
                "lower1": 0.355210542678833,
                "middle": 0.7311433553695679,
                "upper": 1.4533696174621582,
                "gamma": 0.0931367352604866
              }
            ],
            [
              [
                1,
                6,
                61
              ],
              {
                "baseline_epsilon": 1.4217232465744019,
                "injected_epsilon": 1.4180409908294678,
                "epsilon_diff": -0.003682255744934082,
                "abs_diff": 0.003682255744934082
              },
              {
                "lower1": 0.38287094235420227,
                "middle": 0.7912836074829102,
                "upper": 1.4337795972824097,
                "gamma": 0.10079305619001389
              }
            ],
            [
              [
                1,
                6,
                62
              ],
              {
                "baseline_epsilon": 1.4465038776397705,
                "injected_epsilon": 1.442842721939087,
                "epsilon_diff": -0.0036611557006835938,
                "abs_diff": 0.0036611557006835938
              },
              {
                "lower1": 0.360282301902771,
                "middle": 0.7421161532402039,
                "upper": 1.4587388038635254,
                "gamma": 0.09453574568033218
              }
            ],
            [
              [
                1,
                6,
                3
              ],
              {
                "baseline_epsilon": 1.5121777057647705,
                "injected_epsilon": 1.5158233642578125,
                "epsilon_diff": 0.003645658493041992,
                "abs_diff": 0.003645658493041992
              },
              {
                "lower1": 0.32183757424354553,
                "middle": 0.6591832041740417,
                "upper": 1.5200352668762207,
                "gamma": 0.08398398756980896
              }
            ],
            [
              [
                1,
                6,
                60
              ],
              {
                "baseline_epsilon": 1.5364758968353271,
                "injected_epsilon": 1.53284752368927,
                "epsilon_diff": -0.003628373146057129,
                "abs_diff": 0.003628373146057129
              },
              {
                "lower1": 0.38688498735427856,
                "middle": 0.7998286485671997,
                "upper": 1.5483105182647705,
                "gamma": 0.10190952569246292
              }
            ],
            [
              [
                1,
                6,
                59
              ],
              {
                "baseline_epsilon": 1.5074107646942139,
                "injected_epsilon": 1.503825306892395,
                "epsilon_diff": -0.0035854578018188477,
                "abs_diff": 0.0035854578018188477
              },
              {
                "lower1": 0.38770824670791626,
                "middle": 0.8016831874847412,
                "upper": 1.5194309949874878,
                "gamma": 0.10213868319988251
              }
            ],
            [
              [
                1,
                6,
                58
              ],
              {
                "baseline_epsilon": 1.6543734073638916,
                "injected_epsilon": 1.6508240699768066,
                "epsilon_diff": -0.003549337387084961,
                "abs_diff": 0.003549337387084961
              },
              {
                "lower1": 0.42424285411834717,
                "middle": 0.8816525340080261,
                "upper": 1.666263222694397,
                "gamma": 0.11236727982759476
              }
            ],
            [
              [
                1,
                6,
                57
              ],
              {
                "baseline_epsilon": 1.6214122772216797,
                "injected_epsilon": 1.6180248260498047,
                "epsilon_diff": -0.003387451171875,
                "abs_diff": 0.003387451171875
              },
              {
                "lower1": 0.3898821175098419,
                "middle": 0.8062126040458679,
                "upper": 1.6328076124191284,
                "gamma": 0.10274405777454376
              }
            ],
            [
              [
                1,
                6,
                56
              ],
              {
                "baseline_epsilon": 1.650844693183899,
                "injected_epsilon": 1.6475359201431274,
                "epsilon_diff": -0.0033087730407714844,
                "abs_diff": 0.0033087730407714844
              },
              {
                "lower1": 0.4035170376300812,
                "middle": 0.8360192179679871,
                "upper": 1.6629592180252075,
                "gamma": 0.10655038803815842
              }
            ],
            [
              [
                1,
                6,
                55
              ],
              {
                "baseline_epsilon": 1.7430360317230225,
                "injected_epsilon": 1.7397427558898926,
                "epsilon_diff": -0.003293275833129883,
                "abs_diff": 0.003293275833129883
              },
              {
                "lower1": 0.41651904582977295,
                "middle": 0.864420473575592,
                "upper": 1.7547019720077515,
                "gamma": 0.1101951003074646
              }
            ],
            [
              [
                1,
                6,
                54
              ],
              {
                "baseline_epsilon": 1.636230230331421,
                "injected_epsilon": 1.6329680681228638,
                "epsilon_diff": -0.003262162208557129,
                "abs_diff": 0.003262162208557129
              },
              {
                "lower1": 0.4032121002674103,
                "middle": 0.8353798389434814,
                "upper": 1.648250699043274,
                "gamma": 0.10646507889032364
              }
            ],
            [
              [
                1,
                6,
                53
              ],
              {
                "baseline_epsilon": 1.6913824081420898,
                "injected_epsilon": 1.6881552934646606,
                "epsilon_diff": -0.0032271146774291992,