{
  "exp_id": "gpt2_comprehensive_sweep_seed=42_injection_layers=[3]_injection_bit=29_injection_location=weights_injection_idx=(0, 0, 10, 20)",
  "run_id": 0,
  "timestamp": "2025-10-14T18:21:32.130846",
  "baseline_loss": 13.791719436645508,
  "injected_loss": 13.791714668273926,
  "loss_diff": -4.76837158203125e-06,
  "bounds_valid": null,
  "violation_detected": false,
  "num_violations": 0,
  "violation_positions": [],
  "baseline_epsilon_stats": {
    "3": {
      "epsilon_mean": 6.302740097045898,
      "epsilon_std": 2.23594331741333,
      "lower_mean": 0.9555976390838623,
      "upper_mean": 17.05971336364746,
      "gamma_mean": 1.0718344449996948
    }
  },
  "injected_epsilon_stats": null,
  "injection_info": {
    "location": "weights",
    "idx": [
      0,
      0,
      10,
      20
    ],
    "bit": 29,
    "enabled": true,
    "multi_bit": false,
    "bit_list": null,
    "random_position": false,
    "injection_rate": 0.0
  },
  "extra_data": {
    "epsilon_analysis": [
      {
        "layer_idx": 3,
        "analysis": {
          "mean_diff": -7.353723049163818e-06,
          "std_diff": 0.00028820589068345726,
          "max_abs_diff": 0.011295318603515625,
          "top_changes": [
            [
              [
                0,
                0,
                10
              ],
              {
                "baseline_epsilon": 5.145618438720703,
                "injected_epsilon": 5.1343231201171875,
                "epsilon_diff": -0.011295318603515625,
                "abs_diff": 0.011295318603515625
              },
              {
                "lower1": 0.11899806559085846,
                "middle": 4.90303373336792,
                "upper": 6.4976277351379395,
                "gamma": 5.996838569641113
              }
            ]
          ]
        }
      }
    ],
    "performance": {
      "time": {
        "total_time": 0.018683195114135742,
        "baseline_forward_time": 0.007313251495361328,
        "injection_forward_time": 0.0065381526947021484,
        "bounds_computation_time": 0.000789642333984375,
        "violation_detection_time": 0.0014722347259521484
      },
      "memory": {
        "peak_memory_allocated_mb": 1378.291015625,
        "peak_memory_reserved_mb": 1718.0,
        "baseline_memory_mb": 1319.09423828125,
        "injection_memory_mb": 1378.291015625
      },
      "compute": {
        "num_attention_layers": 12,
        "num_attention_heads": 12,
        "sequence_length": 64,
        "batch_size": 2,
        "attention_flops": 0.0,
        "bounds_flops": 0.0
      },
      "extra": {}
    }
  }
}