{
  "exp_id": "gpt2_comprehensive_sweep_seed=0_injection_layers=[3]_injection_bit=27_injection_location=weights_injection_idx=(1, 9, 31, 62)",
  "num_runs": 1,
  "timestamp": "2025-12-12T07:16:30.852864",
  "baseline_loss": {
    "mean": 8.997109413146973,
    "std": 0.0,
    "min": 8.997109413146973,
    "max": 8.997109413146973
  },
  "injected_loss": {
    "mean": 8.99710464477539,
    "std": 0.0,
    "min": 8.99710464477539,
    "max": 8.99710464477539
  },
  "loss_diff": {
    "mean": -4.76837158203125e-06,
    "std": 0.0,
    "min": -4.76837158203125e-06,
    "max": -4.76837158203125e-06
  },
  "violation_detection": {
    "detection_rate": 0.0,
    "total_violations": 0,
    "avg_violations_per_run": 0.0
  }
}