{
  "exp_id": "gpt2_comprehensive_sweep_seed=3407_injection_layers=[9]_injection_bit=28_injection_location=q_injection_idx=(1, 9, 31, 62)",
  "num_runs": 1,
  "timestamp": "2025-10-14T18:28:49.157570",
  "baseline_loss": {
    "mean": 8.462053298950195,
    "std": 0.0,
    "min": 8.462053298950195,
    "max": 8.462053298950195
  },
  "injected_loss": {
    "mean": 8.462082862854004,
    "std": 0.0,
    "min": 8.462082862854004,
    "max": 8.462082862854004
  },
  "loss_diff": {
    "mean": 2.956390380859375e-05,
    "std": 0.0,
    "min": 2.956390380859375e-05,
    "max": 2.956390380859375e-05
  },
  "violation_detection": {
    "detection_rate": 1.0,
    "total_violations": 1,
    "avg_violations_per_run": 1.0
  }
}