{
  "exp_id": "gpt2_comprehensive_sweep_seed=3407_injection_layers=[0]_injection_bit=27_injection_location=q_injection_idx=(1, 9, 31, 62)",
  "run_id": 0,
  "timestamp": "2025-12-12T07:03:41.100333",
  "baseline_loss": 13.588921546936035,
  "injected_loss": 13.588922500610352,
  "loss_diff": 9.5367431640625e-07,
  "bounds_valid": null,
  "violation_detected": false,
  "num_violations": 0,
  "violation_positions": [],
  "baseline_epsilon_stats": {
    "0": {
      "epsilon_mean": 4.467039108276367,
      "epsilon_std": 2.3451578617095947,
      "lower_mean": 0.39254388213157654,
      "upper_mean": 9.511073112487793,
      "gamma_mean": 0.164742574095726
    }
  },
  "injected_epsilon_stats": null,
  "injection_info": {
    "location": "q",
    "idx": [
      1,
      9,
      31,
      62
    ],
    "bit": 27,
    "enabled": true,
    "multi_bit": false,
    "bit_list": null,
    "random_position": false,
    "injection_rate": 0.0
  },
  "extra_data": {
    "epsilon_analysis": [
      {
        "layer_idx": 0,
        "analysis": {
          "mean_diff": -4.470348358154297e-07,
          "std_diff": 1.752011667122133e-05,
          "max_abs_diff": 0.0006866455078125,
          "top_changes": [
            [
              [
                1,
                9,
                31
              ],
              {
                "baseline_epsilon": 4.158117294311523,
                "injected_epsilon": 4.157430648803711,
                "epsilon_diff": -0.0006866455078125,
                "abs_diff": 0.0006866455078125
              },
              {
                "lower1": 0.05947456881403923,
                "middle": 0.11599933356046677,
                "upper": 8.236154556274414,
                "gamma": 0.014980852603912354
              }
            ]
          ]
        }
      }
    ],
    "performance": {
      "time": {
        "total_time": 0.018957853317260742,
        "baseline_forward_time": 0.007284641265869141,
        "injection_forward_time": 0.0067822933197021484,
        "bounds_computation_time": 0.0007765293121337891,
        "violation_detection_time": 0.0014677047729492188
      },
      "memory": {
        "peak_memory_allocated_mb": 1469.40087890625,
        "peak_memory_reserved_mb": 1854.0,
        "baseline_memory_mb": 1410.2041015625,
        "injection_memory_mb": 1469.40087890625
      },
      "compute": {
        "num_attention_layers": 12,
        "num_attention_heads": 12,
        "sequence_length": 64,
        "batch_size": 2,
        "attention_flops": 0.0,
        "bounds_flops": 0.0
      },
      "extra": {}
    }
  }
}