{
  "exp_id": "gpt2_comprehensive_sweep_seed=123_injection_layers=[3]_injection_bit=27_injection_location=k_injection_idx=(0, 0, 10, 20)",
  "num_runs": 1,
  "timestamp": "2025-12-12T07:41:36.533082",
  "baseline_loss": {
    "mean": 8.997109413146973,
    "std": 0.0,
    "min": 8.997109413146973,
    "max": 8.997109413146973
  },
  "injected_loss": {
    "mean": 8.997115135192871,
    "std": 0.0,
    "min": 8.997115135192871,
    "max": 8.997115135192871
  },
  "loss_diff": {
    "mean": 5.7220458984375e-06,
    "std": 0.0,
    "min": 5.7220458984375e-06,
    "max": 5.7220458984375e-06
  },
  "violation_detection": {
    "detection_rate": 0.0,
    "total_violations": 0,
    "avg_violations_per_run": 0.0
  }
}