{
  "exp_id": "gpt2_comprehensive_sweep_seed=123_injection_layers=[6]_injection_bit=26_injection_location=k_injection_idx=(1, 6, 32, 1)",
  "run_id": 0,
  "timestamp": "2025-10-14T18:21:59.561808",
  "baseline_loss": 12.890384674072266,
  "injected_loss": 12.890379905700684,
  "loss_diff": -4.76837158203125e-06,
  "bounds_valid": null,
  "violation_detected": false,
  "num_violations": 0,
  "violation_positions": [],
  "baseline_epsilon_stats": {
    "6": {
      "epsilon_mean": 7.864658355712891,
      "epsilon_std": 3.4537131786346436,
      "lower_mean": 0.852850615978241,
      "upper_mean": 17.020122528076172,
      "gamma_mean": 1.5244500637054443
    }
  },
  "injected_epsilon_stats": null,
  "injection_info": {
    "location": "k",
    "idx": [
      1,
      6,
      32,
      1
    ],
    "bit": 26,
    "enabled": true,
    "multi_bit": false,
    "bit_list": null,
    "random_position": false,
    "injection_rate": 0.0
  },
  "extra_data": {
    "epsilon_analysis": [
      {
        "layer_idx": 6,
        "analysis": {
          "mean_diff": 4.425179213285446e-05,
          "std_diff": 0.0008700689650140703,
          "max_abs_diff": 0.017908096313476562,
          "top_changes": [
            [
              [
                1,
                6,
                4
              ],
              {
                "baseline_epsilon": 3.4859676361083984,
                "injected_epsilon": 3.503875732421875,
                "epsilon_diff": 0.017908096313476562,
                "abs_diff": 0.017908096313476562
              },
              {
                "lower1": 0.04906231537461281,
                "middle": 0.09577257186174393,
                "upper": 8.907478332519531,
                "gamma": 0.012341737747192383
              }
            ],
            [
              [
                1,
                6,
                7
              ],
              {
                "baseline_epsilon": 6.329202651977539,
                "injected_epsilon": 6.342508316040039,
                "epsilon_diff": 0.0133056640625,
                "abs_diff": 0.0133056640625
              },
              {
                "lower1": 1.1774746179580688,
                "middle": 2.7355854511260986,
                "upper": 11.637300491333008,
                "gamma": 0.35765349864959717
              }
            ],
            [
              [
                1,
                6,
                6
              ],
              {
                "baseline_epsilon": 3.882335662841797,
                "injected_epsilon": 3.895160675048828,
                "epsilon_diff": 0.01282501220703125,
                "abs_diff": 0.01282501220703125
              },
              {
                "lower1": 0.05144648998975754,
                "middle": 0.10021887719631195,
                "upper": 9.24363899230957,
                "gamma": 0.012945413589477539
              }
            ],
            [
              [
                1,
                6,
                2
              ],
              {
                "baseline_epsilon": 7.892707824707031,
                "injected_epsilon": 7.905489921569824,
                "epsilon_diff": 0.012782096862792969,
                "abs_diff": 0.012782096862792969
              },
              {
                "lower1": 1.7200143337249756,
                "middle": 4.6494364738464355,
                "upper": 11.219915390014648,
                "gamma": 0.6111551523208618
              }
            ],
            [
              [
                1,
                6,
                1
              ],
              {
                "baseline_epsilon": 8.357553482055664,
                "injected_epsilon": 8.368531227111816,
                "epsilon_diff": 0.010977745056152344,
                "abs_diff": 0.010977745056152344
              },
              {
                "lower1": 1.8093657493591309,
                "middle": 5.050184726715088,
                "upper": 12.04677963256836,
                "gamma": 0.666710376739502
              }
            ],
            [
              [
                1,
                6,
                3
              ],
              {
                "baseline_epsilon": 13.30512809753418,
                "injected_epsilon": 13.313220977783203,
                "epsilon_diff": 0.008092880249023438,
                "abs_diff": 0.008092880249023438
              },
              {
                "lower1": 2.1613736152648926,
                "middle": 11.350899696350098,
                "upper": 16.50078582763672,
                "gamma": 1.574009895324707
              }
            ],
            [
              [
                1,
                6,
                5
              ],
              {
                "baseline_epsilon": 5.714925765991211,
                "injected_epsilon": 5.720146179199219,
                "epsilon_diff": 0.0052204132080078125,
                "abs_diff": 0.0052204132080078125
              },
              {
                "lower1": 1.0568652153015137,
                "middle": 2.4054923057556152,
                "upper": 9.706742286682129,
                "gamma": 0.31271791458129883
              }
            ],
            [
              [
                1,
                6,
                9
              ],
              {
                "baseline_epsilon": 8.335158348083496,
                "injected_epsilon": 8.332229614257812,
                "epsilon_diff": -0.0029287338256835938,
                "abs_diff": 0.0029287338256835938
              },
              {
                "lower1": 1.8774718046188354,
                "middle": 5.414330959320068,
                "upper": 12.4341459274292,
                "gamma": 0.7138893604278564
              }
            ],
            [
              [
                1,
                6,
                8
              ],
              {
                "baseline_epsilon": 7.192554473876953,
                "injected_epsilon": 7.189630031585693,
                "epsilon_diff": -0.0029244422912597656,
                "abs_diff": 0.0029244422912597656
              },
              {
                "lower1": 1.6333386898040771,
                "middle": 4.29834508895874,
                "upper": 11.229410171508789,
                "gamma": 0.5624878406524658
              }
            ],
            [
              [
                1,
                6,
                10
              ],
              {
                "baseline_epsilon": 9.203100204467773,
                "injected_epsilon": 9.200301170349121,
                "epsilon_diff": -0.0027990341186523438,
                "abs_diff": 0.0027990341186523438
              },
              {
                "lower1": 2.014252185821533,
                "middle": 6.238417148590088,
                "upper": 13.374431610107422,
                "gamma": 0.8281017541885376
              }
            ],
            [
              [
                1,
                6,
                11
              ],
              {
                "baseline_epsilon": 9.913572311401367,
                "injected_epsilon": 9.91090202331543,
                "epsilon_diff": -0.0026702880859375,
                "abs_diff": 0.0026702880859375
              },
              {
                "lower1": 2.097270965576172,
                "middle": 6.886749267578125,
                "upper": 14.183611869812012,
                "gamma": 0.9199756383895874
              }
            ],
            [
              [
                1,
                6,
                12
              ],
              {
                "baseline_epsilon": 10.502711296081543,
                "injected_epsilon": 10.5001802444458,
                "epsilon_diff": -0.0025310516357421875,
                "abs_diff": 0.0025310516357421875
              },
              {
                "lower1": 2.148608684539795,