{
  "exp_id": "gpt2_comprehensive_sweep_seed=42_injection_layers=[6]_injection_bit=28_injection_location=k_injection_idx=(1, 9, 31, 62)",
  "run_id": 0,
  "timestamp": "2025-10-14T18:25:08.062138",
  "baseline_loss": 8.564263343811035,
  "injected_loss": 8.56425952911377,
  "loss_diff": -3.814697265625e-06,
  "bounds_valid": null,
  "violation_detected": false,
  "num_violations": 0,
  "violation_positions": [],
  "baseline_epsilon_stats": {
    "6": {
      "epsilon_mean": 5.956024169921875,
      "epsilon_std": 4.427911758422852,
      "lower_mean": 0.5316863656044006,
      "upper_mean": 7.960529327392578,
      "gamma_mean": 0.18503431975841522
    }
  },
  "injected_epsilon_stats": null,
  "injection_info": {
    "location": "k",
    "idx": [
      1,
      9,
      31,
      62
    ],
    "bit": 28,
    "enabled": true,
    "multi_bit": false,
    "bit_list": null,
    "random_position": false,
    "injection_rate": 0.0
  },
  "extra_data": {
    "epsilon_analysis": [
      {
        "layer_idx": 6,
        "analysis": {
          "mean_diff": -1.9717341274372302e-05,
          "std_diff": 0.00023800559574738145,
          "max_abs_diff": 0.00380706787109375,
          "top_changes": [
            [
              [
                1,
                9,
                4
              ],
              {
                "baseline_epsilon": 2.6891002655029297,
                "injected_epsilon": 2.6929073333740234,
                "epsilon_diff": 0.00380706787109375,
                "abs_diff": 0.00380706787109375
              },
              {
                "lower1": 0.020050564780831337,
                "middle": 0.03922712430357933,
                "upper": 4.508705139160156,
                "gamma": 0.005025267601013184
              }
            ],
            [
              [
                1,
                9,
                8
              ],
              {
                "baseline_epsilon": 3.482569932937622,
                "injected_epsilon": 3.484856605529785,
                "epsilon_diff": 0.002286672592163086,
                "abs_diff": 0.002286672592163086
              },
              {
                "lower1": 0.6613264083862305,
                "middle": 1.416847825050354,
                "upper": 4.7226715087890625,
                "gamma": 0.18181449174880981
              }
            ],
            [
              [
                1,
                9,
                2
              ],
              {
                "baseline_epsilon": 0.6437335014343262,
                "injected_epsilon": 0.6458830833435059,
                "epsilon_diff": 0.0021495819091796875,
                "abs_diff": 0.0021495819091796875
              },
              {
                "lower1": 0.0002796551852952689,
                "middle": 0.0005497926031239331,
                "upper": 0.758652925491333,
                "gamma": 6.99162483215332e-05
              }
            ],
            [
              [
                1,
                9,
                9
              ],
              {
                "baseline_epsilon": 4.3671417236328125,
                "injected_epsilon": 4.3692755699157715,
                "epsilon_diff": 0.0021338462829589844,
                "abs_diff": 0.0021338462829589844
              },
              {
                "lower1": 1.0430892705917358,
                "middle": 2.390160083770752,
                "upper": 5.781234264373779,
                "gamma": 0.30776017904281616
              }
            ],
            [
              [
                1,
                9,
                10
              ],
              {
                "baseline_epsilon": 5.036783218383789,
                "injected_epsilon": 5.038596153259277,
                "epsilon_diff": 0.0018129348754882812,
                "abs_diff": 0.0018129348754882812
              },
              {
                "lower1": 1.2591849565505981,
                "middle": 3.0189199447631836,
                "upper": 6.570425987243652,
                "gamma": 0.38983339071273804
              }
            ],
            [
              [
                1,
                9,
                11
              ],
              {
                "baseline_epsilon": 5.508844375610352,
                "injected_epsilon": 5.510289192199707,
                "epsilon_diff": 0.0014448165893554688,
                "abs_diff": 0.0014448165893554688
              },
              {
                "lower1": 1.3999266624450684,
                "middle": 3.471068859100342,
                "upper": 7.145637512207031,
                "gamma": 0.4492160677909851
              }
            ],
            [
              [
                1,
                9,
                63
              ],
              {
                "baseline_epsilon": 9.24413013458252,
                "injected_epsilon": 9.242815017700195,
                "epsilon_diff": -0.0013151168823242188,
                "abs_diff": 0.0013151168823242188
              },
              {
                "lower1": 2.1238203048706055,
                "middle": 7.210135459899902,
                "upper": 11.767735481262207,
                "gamma": 0.956182599067688
              }
            ],
            [
              [
                1,
                9,
                62
              ],
              {
                "baseline_epsilon": 9.226205825805664,
                "injected_epsilon": 9.224912643432617,
                "epsilon_diff": -0.001293182373046875,
                "abs_diff": 0.001293182373046875
              },
              {
                "lower1": 2.1219961643218994,
                "middle": 7.191247463226318,
                "upper": 11.748476028442383,
                "gamma": 0.9535402059555054
              }
            ],
            [
              [
                1,
                9,
                61
              ],
              {
                "baseline_epsilon": 9.159512519836426,
                "injected_epsilon": 9.158245086669922,
                "epsilon_diff": -0.0012674331665039062,
                "abs_diff": 0.0012674331665039062
              },
              {
                "lower1": 2.1152632236480713,
                "middle": 7.123131275177002,
                "upper": 11.675034523010254,
                "gamma": 0.9440006017684937
              }
            ],
            [
              [
                1,
                9,
                60
              ],
              {
                "baseline_epsilon": 9.126665115356445,
                "injected_epsilon": 9.125408172607422,
                "epsilon_diff": -0.0012569427490234375,
                "abs_diff": 0.0012569427490234375
              },
              {
                "lower1": 2.1117119789123535,
                "middle": 7.087975025177002,
                "upper": 11.63979721069336,
                "gamma": 0.9390970468521118
              }
            ],
            [
              [
                1,
                9,
                59
              ],
              {
                "baseline_epsilon": 9.063926696777344,
                "injected_epsilon": 9.06269645690918,
                "epsilon_diff": -0.0012302398681640625,
                "abs_diff": 0.0012302398681640625
              },
              {
                "lower1": 2.1051719188690186,
                "middle": 7.025009632110596,
                "upper": 11.567483901977539,
                "gamma": 0.9302816390991211
              }
            ],
            [
              [
                1,
                9,
                58
              ],
              {
                "baseline_epsilon": 9.02237319946289,
                "injected_epsilon": 9.021156311035156,
                "epsilon_diff": -0.001216888427734375,
                "abs_diff": 0.001216888427734375
              },
              {
                "lower1": 2.1007003784179688,