{
  "exp_id": "gpt2_comprehensive_sweep_seed=0_injection_layers=[0]_injection_bit=25_injection_location=weights_injection_idx=(0, 0, 10, 20)",
  "num_runs": 1,
  "timestamp": "2025-10-14T20:38:35.075626",
  "baseline_loss": {
    "mean": 10.27547836303711,
    "std": 0.0,
    "min": 10.27547836303711,
    "max": 10.27547836303711
  },
  "injected_loss": {
    "mean": 10.27425765991211,
    "std": 0.0,
    "min": 10.27425765991211,
    "max": 10.27425765991211
  },
  "loss_diff": {
    "mean": -0.001220703125,
    "std": 0.0,
    "min": -0.001220703125,
    "max": -0.001220703125
  },
  "violation_detection": {
    "detection_rate": 1.0,
    "total_violations": 1,
    "avg_violations_per_run": 1.0
  }
}