{
  "exp_id": "gpt2_comprehensive_sweep_seed=42_injection_layers=[0]_injection_bit=18_injection_location=weights_injection_idx=(0, 3, 53, 43)",
  "run_id": 0,
  "timestamp": "2025-12-12T07:08:23.444939",
  "baseline_loss": 10.275479316711426,
  "injected_loss": 10.275479316711426,
  "loss_diff": 0.0,
  "bounds_valid": null,
  "violation_detected": false,
  "num_violations": 0,
  "violation_positions": [],
  "baseline_epsilon_stats": {
    "0": {
      "epsilon_mean": 1.9825315475463867,
      "epsilon_std": 1.6013407707214355,
      "lower_mean": 0.3287202715873718,
      "upper_mean": 2.0460193157196045,
      "gamma_mean": 0.0896625965833664
    }
  },
  "injected_epsilon_stats": null,
  "injection_info": {
    "location": "weights",
    "idx": [
      0,
      3,
      53,
      43
    ],
    "bit": 18,
    "enabled": true,
    "multi_bit": false,
    "bit_list": null,
    "random_position": false,
    "injection_rate": 0.0
  },
  "extra_data": {
    "epsilon_analysis": [
      {
        "layer_idx": 0,
        "analysis": {
          "mean_diff": 3.784274156259926e-07,
          "std_diff": 1.4831264707027003e-05,
          "max_abs_diff": 0.0005812644958496094,
          "top_changes": [
            [
              [
                0,
                3,
                53
              ],
              {
                "baseline_epsilon": 2.4007019996643066,
                "injected_epsilon": 2.4012832641601562,
                "epsilon_diff": 0.0005812644958496094,
                "abs_diff": 0.0005812644958496094
              },
              {
                "lower1": 0.27117571234703064,
                "middle": 0.550119936466217,
                "upper": 2.5515313148498535,
                "gamma": 0.07026122510433197
              }
            ]
          ]
        }
      }
    ],
    "performance": {
      "time": {
        "total_time": 0.01876521110534668,
        "baseline_forward_time": 0.007204294204711914,
        "injection_forward_time": 0.006798505783081055,
        "bounds_computation_time": 0.0007450580596923828,
        "violation_detection_time": 0.0014524459838867188
      },
      "memory": {
        "peak_memory_allocated_mb": 1569.52294921875,
        "peak_memory_reserved_mb": 1786.0,
        "baseline_memory_mb": 1510.326171875,
        "injection_memory_mb": 1569.52294921875
      },
      "compute": {
        "num_attention_layers": 12,
        "num_attention_heads": 12,
        "sequence_length": 64,
        "batch_size": 2,
        "attention_flops": 0.0,
        "bounds_flops": 0.0
      },
      "extra": {}
    }
  }
}