{
  "exp_id": "gpt2_comprehensive_sweep_seed=123_injection_layers=[6]_injection_bit=16_injection_location=weights_injection_idx=(1, 9, 31, 62)",
  "run_id": 0,
  "timestamp": "2025-12-12T07:02:49.101065",
  "baseline_loss": 12.89038372039795,
  "injected_loss": 12.89038372039795,
  "loss_diff": 0.0,
  "bounds_valid": null,
  "violation_detected": false,
  "num_violations": 0,
  "violation_positions": [],
  "baseline_epsilon_stats": {
    "6": {
      "epsilon_mean": 7.864658355712891,
      "epsilon_std": 3.4537131786346436,
      "lower_mean": 0.852850615978241,
      "upper_mean": 17.020122528076172,
      "gamma_mean": 1.5244500637054443
    }
  },
  "injected_epsilon_stats": null,
  "injection_info": {
    "location": "weights",
    "idx": [
      1,
      9,
      31,
      62
    ],
    "bit": 16,
    "enabled": true,
    "multi_bit": false,
    "bit_list": null,
    "random_position": false,
    "injection_rate": 0.0
  },
  "extra_data": {
    "epsilon_analysis": [
      {
        "layer_idx": 6,
        "analysis": {
          "mean_diff": -1.6142925574058609e-07,
          "std_diff": 6.326708444248652e-06,
          "max_abs_diff": 0.000247955322265625,
          "top_changes": [
            [
              [
                1,
                9,
                31
              ],
              {
                "baseline_epsilon": 5.643606185913086,
                "injected_epsilon": 5.64335823059082,
                "epsilon_diff": -0.000247955322265625,
                "abs_diff": 0.000247955322265625
              },
              {
                "lower1": 0.1896509826183319,
                "middle": 5.151686668395996,
                "upper": 9.402652740478516,
                "gamma": 5.429478645324707
              }
            ]
          ]
        }
      }
    ],
    "performance": {
      "time": {
        "total_time": 0.018824338912963867,
        "baseline_forward_time": 0.0072345733642578125,
        "injection_forward_time": 0.00680851936340332,
        "bounds_computation_time": 0.0007605552673339844,
        "violation_detection_time": 0.0014615058898925781
      },
      "memory": {
        "peak_memory_allocated_mb": 1088.93701171875,
        "peak_memory_reserved_mb": 1830.0,
        "baseline_memory_mb": 1029.740234375,
        "injection_memory_mb": 1088.93701171875
      },
      "compute": {
        "num_attention_layers": 12,
        "num_attention_heads": 12,
        "sequence_length": 64,
        "batch_size": 2,
        "attention_flops": 0.0,
        "bounds_flops": 0.0
      },
      "extra": {}
    }
  }
}