{
  "exp_id": "gpt2_comprehensive_sweep_seed=3407_injection_layers=[0]_injection_bit=27_injection_location=weights_injection_idx=(0, 3, 53, 43)",
  "num_runs": 1,
  "timestamp": "2025-10-14T18:22:11.259814",
  "baseline_loss": {
    "mean": 13.588921546936035,
    "std": 0.0,
    "min": 13.588921546936035,
    "max": 13.588921546936035
  },
  "injected_loss": {
    "mean": 13.587064743041992,
    "std": 0.0,
    "min": 13.587064743041992,
    "max": 13.587064743041992
  },
  "loss_diff": {
    "mean": -0.0018568038940429688,
    "std": 0.0,
    "min": -0.0018568038940429688,
    "max": -0.0018568038940429688
  },
  "violation_detection": {
    "detection_rate": 1.0,
    "total_violations": 1,
    "avg_violations_per_run": 1.0
  }
}