{
  "exp_id": "gpt2_comprehensive_sweep_seed=42_injection_layers=[6]_injection_bit=12_injection_location=q_injection_idx=(1, 6, 32, 1)",
  "run_id": 0,
  "timestamp": "2025-12-12T07:01:17.000036",
  "baseline_loss": 12.89038372039795,
  "injected_loss": 12.89038372039795,
  "loss_diff": 0.0,
  "bounds_valid": null,
  "violation_detected": false,
  "num_violations": 0,
  "violation_positions": [],
  "baseline_epsilon_stats": {
    "6": {
      "epsilon_mean": 7.864658355712891,
      "epsilon_std": 3.4537131786346436,
      "lower_mean": 0.852850615978241,
      "upper_mean": 17.020122528076172,
      "gamma_mean": 1.5244500637054443
    }
  },
  "injected_epsilon_stats": null,
  "injection_info": {
    "location": "q",
    "idx": [
      1,
      6,
      32,
      1
    ],
    "bit": 12,
    "enabled": true,
    "multi_bit": false,
    "bit_list": null,
    "random_position": false,
    "injection_rate": 0.0
  },
  "extra_data": {
    "epsilon_analysis": [
      {
        "layer_idx": 6,
        "analysis": {
          "mean_diff": 2.8560560139112567e-08,
          "std_diff": 1.1193408226972679e-06,
          "max_abs_diff": 4.38690185546875e-05,
          "top_changes": [
            [
              [
                1,
                6,
                32
              ],
              {
                "baseline_epsilon": 16.259742736816406,
                "injected_epsilon": 16.25978660583496,
                "epsilon_diff": 4.38690185546875e-05,
                "abs_diff": 4.38690185546875e-05
              },
              {
                "lower1": 1.9698028564453125,
                "middle": 12.349164962768555,
                "upper": 18.457042694091797,
                "gamma": 1.9114954471588135
              }
            ]
          ]
        }
      }
    ],
    "performance": {
      "time": {
        "total_time": 0.0184173583984375,
        "baseline_forward_time": 0.007146596908569336,
        "injection_forward_time": 0.006534099578857422,
        "bounds_computation_time": 0.0007479190826416016,
        "violation_detection_time": 0.001434326171875
      },
      "memory": {
        "peak_memory_allocated_mb": 1179.046875,
        "peak_memory_reserved_mb": 1786.0,
        "baseline_memory_mb": 1119.85009765625,
        "injection_memory_mb": 1179.046875
      },
      "compute": {
        "num_attention_layers": 12,
        "num_attention_heads": 12,
        "sequence_length": 64,
        "batch_size": 2,
        "attention_flops": 0.0,
        "bounds_flops": 0.0
      },
      "extra": {}
    }
  }
}