{
  "exp_id": "gpt2_comprehensive_sweep_seed=42_injection_layers=[6]_injection_bit=31_injection_location=k_injection_idx=(1, 9, 31, 62)",
  "num_runs": 1,
  "timestamp": "2025-10-14T17:46:06.282692",
  "baseline_loss": {
    "mean": 8.564263343811035,
    "std": 0.0,
    "min": 8.564263343811035,
    "max": 8.564263343811035
  },
  "injected_loss": {
    "mean": 8.564252853393555,
    "std": 0.0,
    "min": 8.564252853393555,
    "max": 8.564252853393555
  },
  "loss_diff": {
    "mean": -1.049041748046875e-05,
    "std": 0.0,
    "min": -1.049041748046875e-05,
    "max": -1.049041748046875e-05
  },
  "violation_detection": {
    "detection_rate": 0.0,
    "total_violations": 0,
    "avg_violations_per_run": 0.0
  }
}