{
  "exp_id": "gpt2_comprehensive_sweep_seed=42_injection_layers=[3]_injection_bit=30_injection_location=k_injection_idx=(0, 0, 10, 20)",
  "num_runs": 1,
  "timestamp": "2025-12-12T07:01:07.856092",
  "baseline_loss": {
    "mean": 13.791720390319824,
    "std": 0.0,
    "min": 13.791720390319824,
    "max": 13.791720390319824
  },
  "injected_loss": {
    "mean": 13.704293251037598,
    "std": 0.0,
    "min": 13.704293251037598,
    "max": 13.704293251037598
  },
  "loss_diff": {
    "mean": -0.08742713928222656,
    "std": 0.0,
    "min": -0.08742713928222656,
    "max": -0.08742713928222656
  },
  "violation_detection": {
    "detection_rate": 1.0,
    "total_violations": 64,
    "avg_violations_per_run": 64.0
  }
}