{
  "exp_id": "gpt2_comprehensive_sweep_seed=0_injection_layers=[0]_injection_bit=26_injection_location=q_injection_idx=(1, 6, 32, 1)",
  "run_id": 0,
  "timestamp": "2025-10-14T20:38:36.075484",
  "baseline_loss": 10.27547836303711,
  "injected_loss": 10.275471687316895,
  "loss_diff": -6.67572021484375e-06,
  "bounds_valid": null,
  "violation_detected": false,
  "num_violations": 0,
  "violation_positions": [],
  "baseline_epsilon_stats": {
    "0": {
      "epsilon_mean": 1.9825315475463867,
      "epsilon_std": 1.6013407707214355,
      "lower_mean": 0.3287202715873718,
      "upper_mean": 2.0460193157196045,
      "gamma_mean": 0.0896625965833664
    }
  },
  "injected_epsilon_stats": null,
  "injection_info": {
    "location": "q",
    "idx": [
      1,
      6,
      32,
      1
    ],
    "bit": 26,
    "enabled": true,
    "multi_bit": false,
    "bit_list": null,
    "random_position": false,
    "injection_rate": 0.0
  },
  "extra_data": {
    "epsilon_analysis": [
      {
        "layer_idx": 0,
        "analysis": {
          "mean_diff": -3.1933654099702835e-05,
          "std_diff": 0.0012515385169535875,
          "max_abs_diff": 0.049050092697143555,
          "top_changes": [
            [
              [
                1,
                6,
                32
              ],
              {
                "baseline_epsilon": 2.860581398010254,
                "injected_epsilon": 2.8115313053131104,
                "epsilon_diff": -0.049050092697143555,
                "abs_diff": 0.049050092697143555
              },
              {
                "lower1": 0.42157915234565735,
                "middle": 0.8729342818260193,
                "upper": 2.9041638374328613,
                "gamma": 0.1116175651550293
              }
            ]
          ]
        }
      }
    ],
    "performance": {
      "time": {
        "total_time": 0.019304752349853516,
        "baseline_forward_time": 0.007348060607910156,
        "injection_forward_time": 0.006623983383178711,
        "bounds_computation_time": 0.000843048095703125,
        "violation_detection_time": 0.0015611648559570312
      },
      "memory": {
        "peak_memory_allocated_mb": 1258.14453125,
        "peak_memory_reserved_mb": 1390.0,
        "baseline_memory_mb": 1198.94775390625,
        "injection_memory_mb": 1258.14453125
      },
      "compute": {
        "num_attention_layers": 12,
        "num_attention_heads": 12,
        "sequence_length": 64,
        "batch_size": 2,
        "attention_flops": 0.0,
        "bounds_flops": 0.0
      },
      "extra": {}
    }
  }
}