{
  "exp_id": "gpt2_comprehensive_sweep_seed=3407_injection_layers=[9]_injection_bit=30_injection_location=q_injection_idx=(0, 3, 53, 43)",
  "num_runs": 1,
  "timestamp": "2025-12-12T07:44:09.299548",
  "baseline_loss": {
    "mean": 8.462052345275879,
    "std": 0.0,
    "min": 8.462052345275879,
    "max": 8.462052345275879
  },
  "injected_loss": {
    "mean": 8.461221694946289,
    "std": 0.0,
    "min": 8.461221694946289,
    "max": 8.461221694946289
  },
  "loss_diff": {
    "mean": -0.0008306503295898438,
    "std": 0.0,
    "min": -0.0008306503295898438,
    "max": -0.0008306503295898438
  },
  "violation_detection": {
    "detection_rate": 1.0,
    "total_violations": 1,
    "avg_violations_per_run": 1.0
  }
}