{
  "exp_id": "gpt2_comprehensive_sweep_seed=123_injection_layers=[3]_injection_bit=24_injection_location=scores_injection_idx=(1, 9, 31, 62)",
  "run_id": 0,
  "timestamp": "2025-12-12T07:02:32.287380",
  "baseline_loss": 13.791720390319824,
  "injected_loss": 13.791716575622559,
  "loss_diff": -3.814697265625e-06,
  "bounds_valid": null,
  "violation_detected": false,
  "num_violations": 0,
  "violation_positions": [],
  "baseline_epsilon_stats": {
    "3": {
      "epsilon_mean": 6.302740097045898,
      "epsilon_std": 2.23594331741333,
      "lower_mean": 0.9555976390838623,
      "upper_mean": 17.05971336364746,
      "gamma_mean": 1.0718344449996948
    }
  },
  "injected_epsilon_stats": null,
  "injection_info": {
    "location": "scores",
    "idx": [
      1,
      9,
      31,
      62
    ],
    "bit": 24,
    "enabled": true,
    "multi_bit": false,
    "bit_list": null,
    "random_position": false,
    "injection_rate": 0.0
  },
  "extra_data": {
    "epsilon_analysis": [
      {
        "layer_idx": 3,
        "analysis": {
          "mean_diff": 0.000688016414642334,
          "std_diff": 0.02696462720632553,
          "max_abs_diff": 1.056793212890625,
          "top_changes": [
            [
              [
                1,
                9,
                31
              ],
              {
                "baseline_epsilon": 6.732818603515625,
                "injected_epsilon": 7.78961181640625,
                "epsilon_diff": 1.056793212890625,
                "abs_diff": 1.056793212890625
              },
              {
                "lower1": 0.9584139585494995,
                "middle": 1.6730202436447144,
                "upper": 18.457042694091797,
                "gamma": 0.2779979705810547
              }
            ]
          ]
        }
      }
    ],
    "performance": {
      "time": {
        "total_time": 0.01880955696105957,
        "baseline_forward_time": 0.007275581359863281,
        "injection_forward_time": 0.0067441463470458984,
        "bounds_computation_time": 0.0007557868957519531,
        "violation_detection_time": 0.0014557838439941406
      },
      "memory": {
        "peak_memory_allocated_mb": 1189.05908203125,
        "peak_memory_reserved_mb": 1830.0,
        "baseline_memory_mb": 1129.8623046875,
        "injection_memory_mb": 1189.05908203125
      },
      "compute": {
        "num_attention_layers": 12,
        "num_attention_heads": 12,
        "sequence_length": 64,
        "batch_size": 2,
        "attention_flops": 0.0,
        "bounds_flops": 0.0
      },
      "extra": {}
    }
  }
}