{
  "exp_id": "gpt2_comprehensive_sweep_seed=123_injection_layers=[3]_injection_bit=31_injection_location=q_injection_idx=(1, 6, 32, 1)",
  "run_id": 0,
  "timestamp": "2025-10-14T18:21:57.250301",
  "baseline_loss": 13.791719436645508,
  "injected_loss": 13.791719436645508,
  "loss_diff": 0.0,
  "bounds_valid": null,
  "violation_detected": false,
  "num_violations": 0,
  "violation_positions": [],
  "baseline_epsilon_stats": {
    "3": {
      "epsilon_mean": 6.302740097045898,
      "epsilon_std": 2.23594331741333,
      "lower_mean": 0.9555976390838623,
      "upper_mean": 17.05971336364746,
      "gamma_mean": 1.0718344449996948
    }
  },
  "injected_epsilon_stats": null,
  "injection_info": {
    "location": "q",
    "idx": [
      1,
      6,
      32,
      1
    ],
    "bit": 31,
    "enabled": true,
    "multi_bit": false,
    "bit_list": null,
    "random_position": false,
    "injection_rate": 0.0
  },
  "extra_data": {
    "epsilon_analysis": [
      {
        "layer_idx": 3,
        "analysis": {
          "mean_diff": 1.7782052736947662e-06,
          "std_diff": 6.969112291699275e-05,
          "max_abs_diff": 0.0027313232421875,
          "top_changes": [
            [
              [
                1,
                6,
                32
              ],
              {
                "baseline_epsilon": 6.411407470703125,
                "injected_epsilon": 6.4141387939453125,
                "epsilon_diff": 0.0027313232421875,
                "abs_diff": 0.0027313232421875
              },
              {
                "lower1": 1.2466944456100464,
                "middle": 2.0853776931762695,
                "upper": 18.457042694091797,
                "gamma": 0.3848142623901367
              }
            ]
          ]
        }
      }
    ],
    "performance": {
      "time": {
        "total_time": 0.018712759017944336,
        "baseline_forward_time": 0.007330656051635742,
        "injection_forward_time": 0.006537675857543945,
        "bounds_computation_time": 0.0007855892181396484,
        "violation_detection_time": 0.0014564990997314453
      },
      "memory": {
        "peak_memory_allocated_mb": 1358.2666015625,
        "peak_memory_reserved_mb": 1718.0,
        "baseline_memory_mb": 1299.06982421875,
        "injection_memory_mb": 1358.2666015625
      },
      "compute": {
        "num_attention_layers": 12,
        "num_attention_heads": 12,
        "sequence_length": 64,
        "batch_size": 2,
        "attention_flops": 0.0,
        "bounds_flops": 0.0
      },
      "extra": {}
    }
  }
}