{
  "exp_id": "gpt2_comprehensive_sweep_seed=0_injection_layers=[6]_injection_bit=20_injection_location=scores_injection_idx=(0, 3, 53, 43)",
  "run_id": 0,
  "timestamp": "2025-12-12T06:59:53.607221",
  "baseline_loss": 12.89038372039795,
  "injected_loss": 12.890384674072266,
  "loss_diff": 9.5367431640625e-07,
  "bounds_valid": null,
  "violation_detected": false,
  "num_violations": 0,
  "violation_positions": [],
  "baseline_epsilon_stats": {
    "6": {
      "epsilon_mean": 7.864658355712891,
      "epsilon_std": 3.4537131786346436,
      "lower_mean": 0.852850615978241,
      "upper_mean": 17.020122528076172,
      "gamma_mean": 1.5244500637054443
    }
  },
  "injected_epsilon_stats": null,
  "injection_info": {
    "location": "scores",
    "idx": [
      0,
      3,
      53,
      43
    ],
    "bit": 20,
    "enabled": true,
    "multi_bit": false,
    "bit_list": null,
    "random_position": false,
    "injection_rate": 0.0
  },
  "extra_data": {
    "epsilon_analysis": [
      {
        "layer_idx": 6,
        "analysis": {
          "mean_diff": 8.759399861446582e-06,
          "std_diff": 0.0003432969388086349,
          "max_abs_diff": 0.013454437255859375,
          "top_changes": [
            [
              [
                0,
                3,
                53
              ],
              {
                "baseline_epsilon": 3.816110610961914,
                "injected_epsilon": 3.8295650482177734,
                "epsilon_diff": 0.013454437255859375,
                "abs_diff": 0.013454437255859375
              },
              {
                "lower1": 0.5532214641571045,
                "middle": 3.1114463806152344,
                "upper": 16.938552856445312,
                "gamma": 4.0539164543151855
              }
            ]
          ]
        }
      }
    ],
    "performance": {
      "time": {
        "total_time": 0.01848626136779785,
        "baseline_forward_time": 0.007170915603637695,
        "injection_forward_time": 0.0065538883209228516,
        "bounds_computation_time": 0.0007364749908447266,
        "violation_detection_time": 0.0014522075653076172
      },
      "memory": {
        "peak_memory_allocated_mb": 1319.2177734375,
        "peak_memory_reserved_mb": 1720.0,
        "baseline_memory_mb": 1260.02099609375,
        "injection_memory_mb": 1319.2177734375
      },
      "compute": {
        "num_attention_layers": 12,
        "num_attention_heads": 12,
        "sequence_length": 64,
        "batch_size": 2,
        "attention_flops": 0.0,
        "bounds_flops": 0.0
      },
      "extra": {}
    }
  }
}