{
  "exp_id": "gpt2_comprehensive_sweep_seed=42_injection_layers=[6]_injection_bit=15_injection_location=k_injection_idx=(1, 6, 32, 1)",
  "run_id": 0,
  "timestamp": "2025-10-14T18:31:38.663151",
  "baseline_loss": 8.242022514343262,
  "injected_loss": 8.242022514343262,
  "loss_diff": 0.0,
  "bounds_valid": null,
  "violation_detected": false,
  "num_violations": 0,
  "violation_positions": [],
  "baseline_epsilon_stats": {
    "6": {
      "epsilon_mean": 6.548065185546875,
      "epsilon_std": 3.726759433746338,
      "lower_mean": 0.3866293430328369,
      "upper_mean": 13.199361801147461,
      "gamma_mean": 0.11128012835979462
    }
  },
  "injected_epsilon_stats": null,
  "injection_info": {
    "location": "k",
    "idx": [
      1,
      6,
      32,
      1
    ],
    "bit": 15,
    "enabled": true,
    "multi_bit": false,
    "bit_list": null,
    "random_position": false,
    "injection_rate": 0.0
  },
  "extra_data": {
    "epsilon_analysis": [
      {
        "layer_idx": 6,
        "analysis": {
          "mean_diff": 1.4745941356864023e-08,
          "std_diff": 2.0538628575650364e-07,
          "max_abs_diff": 3.814697265625e-06,
          "top_changes": [
            [
              [
                1,
                6,
                7
              ],
              {
                "baseline_epsilon": 8.580982208251953,
                "injected_epsilon": 8.580978393554688,
                "epsilon_diff": -3.814697265625e-06,
                "abs_diff": 3.814697265625e-06
              },
              {
                "lower1": 0.693062424659729,
                "middle": 1.4030537605285645,
                "upper": 18.281723022460938,
                "gamma": 0.19155669212341309
              }
            ],
            [
              [
                1,
                6,
                3
              ],
              {
                "baseline_epsilon": 3.978132724761963,
                "injected_epsilon": 3.978135347366333,
                "epsilon_diff": 2.6226043701171875e-06,
                "abs_diff": 2.6226043701171875e-06
              },
              {
                "lower1": 0.12418462336063385,
                "middle": 0.24564744532108307,
                "upper": 4.497469902038574,
                "gamma": 0.031543612480163574
              }
            ],
            [
              [
                1,
                6,
                28
              ],
              {
                "baseline_epsilon": 13.089044570922852,
                "injected_epsilon": 13.089046478271484,
                "epsilon_diff": 1.9073486328125e-06,
                "abs_diff": 1.9073486328125e-06
              },
              {
                "lower1": 0.33182427287101746,
                "middle": 0.6085134744644165,
                "upper": 18.457042694091797,
                "gamma": 0.08671331405639648
              }
            ],
            [
              [
                1,
                6,
                27
              ],
              {
                "baseline_epsilon": 12.90738296508789,
                "injected_epsilon": 12.907384872436523,
                "epsilon_diff": 1.9073486328125e-06,
                "abs_diff": 1.9073486328125e-06
              },
              {
                "lower1": 0.33970436453819275,
                "middle": 0.6256147623062134,
                "upper": 18.457042694091797,
                "gamma": 0.08887267112731934
              }
            ],
            [
              [
                1,
                6,
                16
              ],
              {
                "baseline_epsilon": 8.116390228271484,
                "injected_epsilon": 8.116392135620117,
                "epsilon_diff": 1.9073486328125e-06,
                "abs_diff": 1.9073486328125e-06
              },
              {
                "lower1": 0.09940405935049057,
                "middle": 0.18871766328811646,
                "upper": 13.883748054504395,
                "gamma": 0.02516770362854004
              }
            ],
            [
              [
                1,
                6,
                4
              ],
              {
                "baseline_epsilon": 9.455587387084961,
                "injected_epsilon": 9.455585479736328,
                "epsilon_diff": -1.9073486328125e-06,
                "abs_diff": 1.9073486328125e-06
              },
              {
                "lower1": 0.5828192234039307,
                "middle": 1.1453126668930054,
                "upper": 18.457042694091797,
                "gamma": 0.15819096565246582
              }
            ],
            [
              [
                1,
                6,
                8
              ],
              {
                "baseline_epsilon": 6.438786029815674,
                "injected_epsilon": 6.438784599304199,
                "epsilon_diff": -1.430511474609375e-06,
                "abs_diff": 1.430511474609375e-06
              },
              {
                "lower1": 0.05036146193742752,
                "middle": 0.09509050101041794,
                "upper": 15.928675651550293,
                "gamma": 0.012670636177062988
              }
            ],
            [
              [
                1,
                6,
                12
              ],
              {
                "baseline_epsilon": 7.412999153137207,
                "injected_epsilon": 7.413000583648682,
                "epsilon_diff": 1.430511474609375e-06,
                "abs_diff": 1.430511474609375e-06
              },
              {
                "lower1": 0.018083518370985985,
                "middle": 0.033815983682870865,
                "upper": 15.868162155151367,
                "gamma": 0.004531145095825195
              }
            ],
            [
              [
                1,
                6,
                29
              ],
              {
                "baseline_epsilon": 13.214009284973145,
                "injected_epsilon": 13.214010238647461,
                "epsilon_diff": 9.5367431640625e-07,
                "abs_diff": 9.5367431640625e-07
              },
              {
                "lower1": 0.3246223032474518,
                "middle": 0.5935360193252563,
                "upper": 18.457042694091797,
                "gamma": 0.08474421501159668
              }
            ],
            [
              [
                1,
                6,
                26
              ],
              {
                "baseline_epsilon": 12.679524421691895,
                "injected_epsilon": 12.679525375366211,
                "epsilon_diff": 9.5367431640625e-07,
                "abs_diff": 9.5367431640625e-07
              },
              {
                "lower1": 0.3485844135284424,
                "middle": 0.6450012922286987,
                "upper": 18.457042694091797,
                "gamma": 0.09131217002868652
              }
            ],
            [
              [
                1,
                6,
                24
              ],
              {
                "baseline_epsilon": 11.970550537109375,
                "injected_epsilon": 11.970551490783691,
                "epsilon_diff": 9.5367431640625e-07,
                "abs_diff": 9.5367431640625e-07
              },
              {
                "lower1": 0.3724607825279236,
                "middle": 0.6989913582801819,
                "upper": 18.178571701049805,
                "gamma": 0.09790396690368652
              }
            ],
            [
              [
                1,
                6,
                25
              ],
              {
                "baseline_epsilon": 12.374822616577148,
                "injected_epsilon": 12.374823570251465,
                "epsilon_diff": 9.5367431640625e-07,
                "abs_diff": 9.5367431640625e-07
              },
              {
                "lower1": 0.35899198055267334,