{
  "exp_id": "gpt2_comprehensive_sweep_seed=123_injection_layers=[0]_injection_bit=25_injection_location=scores_injection_idx=(0, 0, 10, 20)",
  "run_id": 0,
  "timestamp": "2025-10-14T20:39:22.665644",
  "baseline_loss": 10.27547836303711,
  "injected_loss": 10.275480270385742,
  "loss_diff": 1.9073486328125e-06,
  "bounds_valid": null,
  "violation_detected": true,
  "num_violations": 1,
  "violation_positions": [
    [
      0,
      [
        0,
        0,
        10
      ]
    ]
  ],
  "baseline_epsilon_stats": {
    "0": {
      "epsilon_mean": 1.9825315475463867,
      "epsilon_std": 1.6013407707214355,
      "lower_mean": 0.3287202715873718,
      "upper_mean": 2.0460193157196045,
      "gamma_mean": 0.0896625965833664
    }
  },
  "injected_epsilon_stats": null,
  "injection_info": {
    "location": "scores",
    "idx": [
      0,
      0,
      10,
      20
    ],
    "bit": 25,
    "enabled": true,
    "multi_bit": false,
    "bit_list": null,
    "random_position": false,
    "injection_rate": 0.0
  },
  "extra_data": {
    "epsilon_analysis": [
      {
        "layer_idx": 0,
        "analysis": {
          "mean_diff": 0.0005516096716746688,
          "std_diff": 0.021618593484163284,
          "max_abs_diff": 0.8472723960876465,
          "top_changes": [
            [
              [
                0,
                0,
                10
              ],
              {
                "baseline_epsilon": 1.0095866918563843,
                "injected_epsilon": 1.8568590879440308,
                "epsilon_diff": 0.8472723960876465,
                "abs_diff": 0.8472723960876465
              },
              {
                "lower1": 0.3560161888599396,
                "middle": 0.7336282730102539,
                "upper": 1.012832522392273,
                "gamma": 0.09335881471633911
              }
            ]
          ]
        }
      }
    ],
    "performance": {
      "time": {
        "total_time": 0.01838827133178711,
        "baseline_forward_time": 0.007086038589477539,
        "injection_forward_time": 0.006386518478393555,
        "bounds_computation_time": 0.0007543563842773438,
        "violation_detection_time": 0.0015912055969238281
      },
      "memory": {
        "peak_memory_allocated_mb": 1238.1201171875,
        "peak_memory_reserved_mb": 1718.0,
        "baseline_memory_mb": 1178.92333984375,
        "injection_memory_mb": 1238.1201171875
      },
      "compute": {
        "num_attention_layers": 12,
        "num_attention_heads": 12,
        "sequence_length": 64,
        "batch_size": 2,
        "attention_flops": 0.0,
        "bounds_flops": 0.0
      },
      "extra": {}
    }
  }
}