{
  "exp_id": "gpt2_comprehensive_sweep_seed=3407_injection_layers=[3]_injection_bit=31_injection_location=scores_injection_idx=(1, 6, 32, 1)",
  "num_runs": 1,
  "timestamp": "2025-10-14T18:22:21.167967",
  "baseline_loss": {
    "mean": 13.791719436645508,
    "std": 0.0,
    "min": 13.791719436645508,
    "max": 13.791719436645508
  },
  "injected_loss": {
    "mean": 13.791394233703613,
    "std": 0.0,
    "min": 13.791394233703613,
    "max": 13.791394233703613
  },
  "loss_diff": {
    "mean": -0.00032520294189453125,
    "std": 0.0,
    "min": -0.00032520294189453125,
    "max": -0.00032520294189453125
  },
  "violation_detection": {
    "detection_rate": 1.0,
    "total_violations": 1,
    "avg_violations_per_run": 1.0
  }
}