{
  "exp_id": "gpt2_comprehensive_sweep_seed=123_injection_layers=[6]_injection_bit=30_injection_location=scores_injection_idx=(0, 0, 10, 20)",
  "run_id": 0,
  "timestamp": "2025-10-14T18:22:01.604509",
  "baseline_loss": 12.890384674072266,
  "injected_loss": 12.89030647277832,
  "loss_diff": -7.82012939453125e-05,
  "bounds_valid": null,
  "violation_detected": true,
  "num_violations": 1,
  "violation_positions": [
    [
      6,
      [
        0,
        0,
        10
      ]
    ]
  ],
  "baseline_epsilon_stats": {
    "6": {
      "epsilon_mean": 7.864658355712891,
      "epsilon_std": 3.4537131786346436,
      "lower_mean": 0.852850615978241,
      "upper_mean": 17.020122528076172,
      "gamma_mean": 1.5244500637054443
    }
  },
  "injected_epsilon_stats": null,
  "injection_info": {
    "location": "scores",
    "idx": [
      0,
      0,
      10,
      20
    ],
    "bit": 30,
    "enabled": true,
    "multi_bit": false,
    "bit_list": null,
    "random_position": false,
    "injection_rate": 0.0
  },
  "extra_data": {
    "epsilon_analysis": [
      {
        "layer_idx": 6,
        "analysis": {
          "mean_diff": -0.004258600529283285,
          "std_diff": 0.1669023633003235,
          "max_abs_diff": 6.541210174560547,
          "top_changes": [
            [
              [
                0,
                0,
                10
              ],
              {
                "baseline_epsilon": 6.541210174560547,
                "injected_epsilon": 0.0,
                "epsilon_diff": -6.541210174560547,
                "abs_diff": 6.541210174560547
              },
              {
                "lower1": 0.42932045459747314,
                "middle": 0.7982184886932373,
                "upper": 18.457042694091797,
                "gamma": 0.11379814147949219
              }
            ]
          ]
        }
      }
    ],
    "performance": {
      "time": {
        "total_time": 0.018724679946899414,
        "baseline_forward_time": 0.0072879791259765625,
        "injection_forward_time": 0.0065572261810302734,
        "bounds_computation_time": 0.0007748603820800781,
        "violation_detection_time": 0.0015270709991455078
      },
      "memory": {
        "peak_memory_allocated_mb": 1258.14453125,
        "peak_memory_reserved_mb": 1718.0,
        "baseline_memory_mb": 1198.94775390625,
        "injection_memory_mb": 1258.14453125
      },
      "compute": {
        "num_attention_layers": 12,
        "num_attention_heads": 12,
        "sequence_length": 64,
        "batch_size": 2,
        "attention_flops": 0.0,
        "bounds_flops": 0.0
      },
      "extra": {}
    }
  }
}