{
  "exp_id": "gpt2_comprehensive_sweep_seed=42_injection_layers=[0]_injection_bit=17_injection_location=q_injection_idx=(0, 3, 53, 43)",
  "run_id": 0,
  "timestamp": "2025-12-12T07:08:22.884152",
  "baseline_loss": 10.275479316711426,
  "injected_loss": 10.275479316711426,
  "loss_diff": 0.0,
  "bounds_valid": null,
  "violation_detected": false,
  "num_violations": 0,
  "violation_positions": [],
  "baseline_epsilon_stats": {
    "0": {
      "epsilon_mean": 1.9825315475463867,
      "epsilon_std": 1.6013407707214355,
      "lower_mean": 0.3287202715873718,
      "upper_mean": 2.0460193157196045,
      "gamma_mean": 0.0896625965833664
    }
  },
  "injected_epsilon_stats": null,
  "injection_info": {
    "location": "q",
    "idx": [
      0,
      3,
      53,
      43
    ],
    "bit": 17,
    "enabled": true,
    "multi_bit": false,
    "bit_list": null,
    "random_position": false,
    "injection_rate": 0.0
  },
  "extra_data": {
    "epsilon_analysis": [
      {
        "layer_idx": 0,
        "analysis": {
          "mean_diff": -3.7408124597959613e-08,
          "std_diff": 1.466092953705811e-06,
          "max_abs_diff": 5.745887756347656e-05,
          "top_changes": [
            [
              [
                0,
                3,
                53
              ],
              {
                "baseline_epsilon": 2.4007019996643066,
                "injected_epsilon": 2.400644540786743,
                "epsilon_diff": -5.745887756347656e-05,
                "abs_diff": 5.745887756347656e-05
              },
              {
                "lower1": 0.27117571234703064,
                "middle": 0.550119936466217,
                "upper": 2.5515313148498535,
                "gamma": 0.07026122510433197
              }
            ]
          ]
        }
      }
    ],
    "performance": {
      "time": {
        "total_time": 0.018628597259521484,
        "baseline_forward_time": 0.007185697555541992,
        "injection_forward_time": 0.006612062454223633,
        "bounds_computation_time": 0.0007574558258056641,
        "violation_detection_time": 0.0014870166778564453
      },
      "memory": {
        "peak_memory_allocated_mb": 1519.4619140625,
        "peak_memory_reserved_mb": 1786.0,
        "baseline_memory_mb": 1460.26513671875,
        "injection_memory_mb": 1519.4619140625
      },
      "compute": {
        "num_attention_layers": 12,
        "num_attention_heads": 12,
        "sequence_length": 64,
        "batch_size": 2,
        "attention_flops": 0.0,
        "bounds_flops": 0.0
      },
      "extra": {}
    }
  }
}