{
  "exp_id": "gpt2_comprehensive_sweep_seed=0_injection_layers=[0]_injection_bit=27_injection_location=weights_injection_idx=(0, 0, 10, 20)",
  "run_id": 0,
  "timestamp": "2025-10-14T18:12:19.597565",
  "baseline_loss": 13.588921546936035,
  "injected_loss": 13.588979721069336,
  "loss_diff": 5.817413330078125e-05,
  "bounds_valid": null,
  "violation_detected": false,
  "num_violations": 0,
  "violation_positions": [],
  "baseline_epsilon_stats": {
    "0": {
      "epsilon_mean": 4.467039108276367,
      "epsilon_std": 2.3451578617095947,
      "lower_mean": 0.39254388213157654,
      "upper_mean": 9.511073112487793,
      "gamma_mean": 0.164742574095726
    }
  },
  "injected_epsilon_stats": null,
  "injection_info": {
    "location": "weights",
    "idx": [
      0,
      0,
      10,
      20
    ],
    "bit": 27,
    "enabled": true,
    "multi_bit": false,
    "bit_list": null,
    "random_position": false,
    "injection_rate": 0.0
  },
  "extra_data": {
    "epsilon_analysis": [
      {
        "layer_idx": 0,
        "analysis": {
          "mean_diff": -1.2524736803243286e-06,
          "std_diff": 4.90867423650343e-05,
          "max_abs_diff": 0.0019237995147705078,
          "top_changes": [
            [
              [
                0,
                0,
                10
              ],
              {
                "baseline_epsilon": 2.523094415664673,
                "injected_epsilon": 2.5211706161499023,
                "epsilon_diff": -0.0019237995147705078,
                "abs_diff": 0.0019237995147705078
              },
              {
                "lower1": 0.0240748580545187,
                "middle": 0.04720572009682655,
                "upper": 3.395707607269287,
                "gamma": 0.006036937236785889
              }
            ]
          ]
        }
      }
    ],
    "performance": {
      "time": {
        "total_time": 0.018474578857421875,
        "baseline_forward_time": 0.007075071334838867,
        "injection_forward_time": 0.00655055046081543,
        "bounds_computation_time": 0.0007901191711425781,
        "violation_detection_time": 0.0014257431030273438
      },
      "memory": {
        "peak_memory_allocated_mb": 1428.35205078125,
        "peak_memory_reserved_mb": 1588.0,
        "baseline_memory_mb": 1369.1552734375,
        "injection_memory_mb": 1428.35205078125
      },
      "compute": {
        "num_attention_layers": 12,
        "num_attention_heads": 12,
        "sequence_length": 64,
        "batch_size": 2,
        "attention_flops": 0.0,
        "bounds_flops": 0.0
      },
      "extra": {}
    }
  }
}