{
  "exp_id": "gpt2_comprehensive_sweep_seed=123_injection_layers=[3]_injection_bit=21_injection_location=k_injection_idx=(0, 0, 10, 20)",
  "num_runs": 1,
  "timestamp": "2025-12-12T07:10:29.071888",
  "baseline_loss": {
    "mean": 8.997109413146973,
    "std": 0.0,
    "min": 8.997109413146973,
    "max": 8.997109413146973
  },
  "injected_loss": {
    "mean": 8.997111320495605,
    "std": 0.0,
    "min": 8.997111320495605,
    "max": 8.997111320495605
  },
  "loss_diff": {
    "mean": 1.9073486328125e-06,
    "std": 0.0,
    "min": 1.9073486328125e-06,
    "max": 1.9073486328125e-06
  },
  "violation_detection": {
    "detection_rate": 0.0,
    "total_violations": 0,
    "avg_violations_per_run": 0.0
  }
}