{
  "exp_id": "gpt2_comprehensive_sweep_seed=123_injection_layers=[0]_injection_bit=6_injection_location=k_injection_idx=(0, 3, 53, 43)",
  "run_id": 0,
  "timestamp": "2025-12-12T07:01:55.943458",
  "baseline_loss": 13.588921546936035,
  "injected_loss": 13.588921546936035,
  "loss_diff": 0.0,
  "bounds_valid": null,
  "violation_detected": false,
  "num_violations": 0,
  "violation_positions": [],
  "baseline_epsilon_stats": {
    "0": {
      "epsilon_mean": 4.467039108276367,
      "epsilon_std": 2.3451578617095947,
      "lower_mean": 0.39254388213157654,
      "upper_mean": 9.511073112487793,
      "gamma_mean": 0.164742574095726
    }
  },
  "injected_epsilon_stats": null,
  "injection_info": {
    "location": "k",
    "idx": [
      0,
      3,
      53,
      43
    ],
    "bit": 6,
    "enabled": true,
    "multi_bit": false,
    "bit_list": null,
    "random_position": false,
    "injection_rate": 0.0
  },
  "extra_data": {
    "epsilon_analysis": [
      {
        "layer_idx": 0,
        "analysis": {
          "mean_diff": 8.692344621863413e-09,
          "std_diff": 4.793914740730543e-07,
          "max_abs_diff": 7.62939453125e-06,
          "top_changes": [
            [
              [
                0,
                3,
                8
              ],
              {
                "baseline_epsilon": 3.8430938720703125,
                "injected_epsilon": 3.8431015014648438,
                "epsilon_diff": 7.62939453125e-06,
                "abs_diff": 7.62939453125e-06
              },
              {
                "lower1": 0.015172683633863926,
                "middle": 0.02908468246459961,
                "upper": 18.457042694091797,
                "gamma": 0.0038003921508789062
              }
            ],
            [
              [
                0,
                3,
                7
              ],
              {
                "baseline_epsilon": 4.020599365234375,
                "injected_epsilon": 4.020591735839844,
                "epsilon_diff": -7.62939453125e-06,
                "abs_diff": 7.62939453125e-06
              },
              {
                "lower1": 0.10006127506494522,
                "middle": 0.19399045407772064,
                "upper": 18.457042694091797,
                "gamma": 0.025336265563964844
              }
            ],
            [
              [
                0,
                3,
                24
              ],
              {
                "baseline_epsilon": 3.6928939819335938,
                "injected_epsilon": 3.692901611328125,
                "epsilon_diff": 7.62939453125e-06,
                "abs_diff": 7.62939453125e-06
              },
              {
                "lower1": 0.15110857784748077,
                "middle": 0.28078126907348633,
                "upper": 18.457042694091797,
                "gamma": 0.03851890563964844
              }
            ],
            [
              [
                0,
                3,
                18
              ],
              {
                "baseline_epsilon": 3.1263198852539062,
                "injected_epsilon": 3.126312255859375,
                "epsilon_diff": -7.62939453125e-06,
                "abs_diff": 7.62939453125e-06
              },
              {
                "lower1": 0.0687200203537941,
                "middle": 0.13074885308742523,
                "upper": 18.457042694091797,
                "gamma": 0.017330169677734375
              }
            ],
            [
              [
                0,
                3,
                10
              ],
              {
                "baseline_epsilon": 4.02911376953125,
                "injected_epsilon": 4.029121398925781,
                "epsilon_diff": 7.62939453125e-06,
                "abs_diff": 7.62939453125e-06
              },
              {
                "lower1": 0.0836927592754364,
                "middle": 0.16126401722431183,
                "upper": 18.457042694091797,
                "gamma": 0.021146774291992188
              }
            ],
            [
              [
                0,
                3,
                9
              ],
              {
                "baseline_epsilon": 4.062904357910156,
                "injected_epsilon": 4.0629119873046875,
                "epsilon_diff": 7.62939453125e-06,
                "abs_diff": 7.62939453125e-06
              },
              {
                "lower1": 0.1583051234483719,
                "middle": 0.3082912266254425,
                "upper": 18.457042694091797,
                "gamma": 0.04039192199707031
              }
            ],
            [
              [
                0,
                3,
                1
              ],
              {
                "baseline_epsilon": 2.2531967163085938,
                "injected_epsilon": 2.253194808959961,
                "epsilon_diff": -1.9073486328125e-06,
                "abs_diff": 1.9073486328125e-06
              },
              {
                "lower1": 0.07105843722820282,
                "middle": 0.1401420533657074,
                "upper": 4.197353363037109,
                "gamma": 0.017925262451171875
              }
            ]
          ]
        }
      }
    ],
    "performance": {
      "time": {
        "total_time": 0.019321918487548828,
        "baseline_forward_time": 0.007246732711791992,
        "injection_forward_time": 0.006634235382080078,
        "bounds_computation_time": 0.0007665157318115234,
        "violation_detection_time": 0.002098560333251953
      },
      "memory": {
        "peak_memory_allocated_mb": 1279.1689453125,
        "peak_memory_reserved_mb": 1786.0,
        "baseline_memory_mb": 1219.97216796875,
        "injection_memory_mb": 1279.1689453125
      },
      "compute": {
        "num_attention_layers": 12,
        "num_attention_heads": 12,
        "sequence_length": 64,
        "batch_size": 2,
        "attention_flops": 0.0,
        "bounds_flops": 0.0
      },
      "extra": {}
    }
  }
}