{
  "exp_id": "gpt2_comprehensive_sweep_seed=0_injection_layers=[3]_injection_bit=15_injection_location=k_injection_idx=(1, 6, 32, 1)",
  "run_id": 0,
  "timestamp": "2025-12-12T06:59:29.127506",
  "baseline_loss": 13.791720390319824,
  "injected_loss": 13.791719436645508,
  "loss_diff": -9.5367431640625e-07,
  "bounds_valid": null,
  "violation_detected": false,
  "num_violations": 0,
  "violation_positions": [],
  "baseline_epsilon_stats": {
    "3": {
      "epsilon_mean": 6.302740097045898,
      "epsilon_std": 2.23594331741333,
      "lower_mean": 0.9555976390838623,
      "upper_mean": 17.05971336364746,
      "gamma_mean": 1.0718344449996948
    }
  },
  "injected_epsilon_stats": null,
  "injection_info": {
    "location": "k",
    "idx": [
      1,
      6,
      32,
      1
    ],
    "bit": 15,
    "enabled": true,
    "multi_bit": false,
    "bit_list": null,
    "random_position": false,
    "injection_rate": 0.0
  },
  "extra_data": {
    "epsilon_analysis": [
      {
        "layer_idx": 3,
        "analysis": {
          "mean_diff": 1.0076910257339478e-06,
          "std_diff": 1.5816118320799433e-05,
          "max_abs_diff": 0.00032806396484375,
          "top_changes": [
            [
              [
                1,
                6,
                2
              ],
              {
                "baseline_epsilon": 3.3750152587890625,
                "injected_epsilon": 3.3753433227539062,
                "epsilon_diff": 0.00032806396484375,
                "abs_diff": 0.00032806396484375
              },
              {
                "lower1": 0.012515455484390259,
                "middle": 0.023781949654221535,
                "upper": 18.457042694091797,
                "gamma": 0.0031337738037109375
              }
            ],
            [
              [
                1,
                6,
                6
              ],
              {
                "baseline_epsilon": 3.960723876953125,
                "injected_epsilon": 3.961029052734375,
                "epsilon_diff": 0.00030517578125,
                "abs_diff": 0.00030517578125
              },
              {
                "lower1": 0.039034195244312286,
                "middle": 0.07367274165153503,
                "upper": 18.457042694091797,
                "gamma": 0.009806632995605469
              }
            ],
            [
              [
                1,
                6,
                4
              ],
              {
                "baseline_epsilon": 3.2575531005859375,
                "injected_epsilon": 3.2578125,
                "epsilon_diff": 0.0002593994140625,
                "abs_diff": 0.0002593994140625
              },
              {
                "lower1": 0.004441653843969107,
                "middle": 0.008440001867711544,
                "upper": 18.457042694091797,
                "gamma": 0.0011110305786132812
              }
            ],
            [
              [
                1,
                6,
                7
              ],
              {
                "baseline_epsilon": 5.207977294921875,
                "injected_epsilon": 5.208221435546875,
                "epsilon_diff": 0.000244140625,
                "abs_diff": 0.000244140625
              },
              {
                "lower1": 0.17122282087802887,
                "middle": 0.32265084981918335,
                "upper": 18.457042694091797,
                "gamma": 0.043763160705566406
              }
            ],
            [
              [
                1,
                6,
                0
              ],
              {
                "baseline_epsilon": 5.775677680969238,
                "injected_epsilon": 5.775539398193359,
                "epsilon_diff": -0.00013828277587890625,
                "abs_diff": 0.00013828277587890625
              },
              {
                "lower1": 0.9508787393569946,
                "middle": 2.1296215057373047,
                "upper": 6.385159492492676,
                "gamma": 0.27540600299835205
              }
            ],
            [
              [
                1,
                6,
                1
              ],
              {
                "baseline_epsilon": 3.2069320678710938,
                "injected_epsilon": 3.2070541381835938,
                "epsilon_diff": 0.0001220703125,
                "abs_diff": 0.0001220703125
              },
              {
                "lower1": 0.004575017839670181,
                "middle": 0.00873170979321003,
                "upper": 18.457042694091797,
                "gamma": 0.0011444091796875
              }
            ],
            [
              [
                1,
                6,
                8
              ],
              {
                "baseline_epsilon": 5.983650207519531,
                "injected_epsilon": 5.983734130859375,
                "epsilon_diff": 8.392333984375e-05,
                "abs_diff": 8.392333984375e-05
              },
              {
                "lower1": 0.3100518584251404,
                "middle": 0.5802253484725952,
                "upper": 18.457042694091797,
                "gamma": 0.08077335357666016
              }
            ],
            [
              [
                1,
                6,
                3
              ],
              {
                "baseline_epsilon": 2.7540206909179688,
                "injected_epsilon": 2.75408935546875,
                "epsilon_diff": 6.866455078125e-05,
                "abs_diff": 6.866455078125e-05
              },
              {
                "lower1": 0.030965175479650497,
                "middle": 0.05942588672041893,
                "upper": 18.457042694091797,
                "gamma": 0.007771492004394531
              }
            ],
            [
              [
                1,
                6,
                5
              ],
              {
                "baseline_epsilon": 3.1814117431640625,
                "injected_epsilon": 3.1814804077148438,
                "epsilon_diff": 6.866455078125e-05,
                "abs_diff": 6.866455078125e-05
              },
              {
                "lower1": 1.5258759958669543e-05,
                "middle": 2.901842526625842e-05,
                "upper": 18.457042694091797,
                "gamma": 3.814697265625e-06
              }
            ],
            [
              [
                1,
                6,
                9
              ],
              {
                "baseline_epsilon": 6.2282562255859375,
                "injected_epsilon": 6.2283172607421875,
                "epsilon_diff": 6.103515625e-05,
                "abs_diff": 6.103515625e-05
              },
              {
                "lower1": 0.3824997544288635,
                "middle": 0.7104683518409729,
                "upper": 18.457042694091797,
                "gamma": 0.10068988800048828
              }
            ],
            [
              [
                1,
                6,
                10
              ],
              {
                "baseline_epsilon": 6.3829498291015625,
                "injected_epsilon": 6.382987976074219,
                "epsilon_diff": 3.814697265625e-05,
                "abs_diff": 3.814697265625e-05
              },
              {
                "lower1": 0.44968903064727783,
                "middle": 0.8293359279632568,
                "upper": 18.457042694091797,
                "gamma": 0.11956119537353516
              }
            ],
            [
              [
                1,
                6,
                16
              ],
              {
                "baseline_epsilon": 6.629554748535156,
                "injected_epsilon": 6.62957763671875,
                "epsilon_diff": 2.288818359375e-05,
                "abs_diff": 2.288818359375e-05
              },
              {
                "lower1": 0.7826975584030151,
                "middle": 1.3904365301132202,