{
  "exp_id": "gpt2_comprehensive_sweep_seed=0_injection_layers=[3]_injection_bit=31_injection_location=q_injection_idx=(0, 0, 10, 20)",
  "num_runs": 1,
  "timestamp": "2025-10-14T18:12:26.956655",
  "baseline_loss": {
    "mean": 13.791719436645508,
    "std": 0.0,
    "min": 13.791719436645508,
    "max": 13.791719436645508
  },
  "injected_loss": {
    "mean": 13.791702270507812,
    "std": 0.0,
    "min": 13.791702270507812,
    "max": 13.791702270507812
  },
  "loss_diff": {
    "mean": -1.71661376953125e-05,
    "std": 0.0,
    "min": -1.71661376953125e-05,
    "max": -1.71661376953125e-05
  },
  "violation_detection": {
    "detection_rate": 0.0,
    "total_violations": 0,
    "avg_violations_per_run": 0.0
  }
}