{
  "exp_id": "gpt2_comprehensive_sweep_seed=123_injection_layers=[9]_injection_bit=29_injection_location=k_injection_idx=(1, 6, 32, 1)",
  "num_runs": 1,
  "timestamp": "2025-12-12T07:42:25.960057",
  "baseline_loss": {
    "mean": 8.462052345275879,
    "std": 0.0,
    "min": 8.462052345275879,
    "max": 8.462052345275879
  },
  "injected_loss": {
    "mean": 8.462058067321777,
    "std": 0.0,
    "min": 8.462058067321777,
    "max": 8.462058067321777
  },
  "loss_diff": {
    "mean": 5.7220458984375e-06,
    "std": 0.0,
    "min": 5.7220458984375e-06,
    "max": 5.7220458984375e-06
  },
  "violation_detection": {
    "detection_rate": 1.0,
    "total_violations": 2,
    "avg_violations_per_run": 2.0
  }
}