{
  "exp_id": "gpt2_comprehensive_sweep_seed=42_injection_layers=[3]_injection_bit=31_injection_location=k_injection_idx=(0, 3, 53, 43)",
  "num_runs": 1,
  "timestamp": "2025-10-14T17:48:48.102689",
  "baseline_loss": {
    "mean": 8.997108459472656,
    "std": 0.0,
    "min": 8.997108459472656,
    "max": 8.997108459472656
  },
  "injected_loss": {
    "mean": 8.997148513793945,
    "std": 0.0,
    "min": 8.997148513793945,
    "max": 8.997148513793945
  },
  "loss_diff": {
    "mean": 4.00543212890625e-05,
    "std": 0.0,
    "min": 4.00543212890625e-05,
    "max": 4.00543212890625e-05
  },
  "violation_detection": {
    "detection_rate": 0.0,
    "total_violations": 0,
    "avg_violations_per_run": 0.0
  }
}