{
  "exp_id": "gpt2_comprehensive_sweep_seed=0_injection_layers=[0]_injection_bit=21_injection_location=k_injection_idx=(1, 9, 31, 62)",
  "run_id": 0,
  "timestamp": "2025-10-14T18:17:15.537122",
  "baseline_loss": 10.27547836303711,
  "injected_loss": 10.275473594665527,
  "loss_diff": -4.76837158203125e-06,
  "bounds_valid": null,
  "violation_detected": false,
  "num_violations": 0,
  "violation_positions": [],
  "baseline_epsilon_stats": {
    "0": {
      "epsilon_mean": 1.9825315475463867,
      "epsilon_std": 1.6013407707214355,
      "lower_mean": 0.3287202715873718,
      "upper_mean": 2.0460193157196045,
      "gamma_mean": 0.0896625965833664
    }
  },
  "injected_epsilon_stats": null,
  "injection_info": {
    "location": "k",
    "idx": [
      1,
      9,
      31,
      62
    ],
    "bit": 21,
    "enabled": true,
    "multi_bit": false,
    "bit_list": null,
    "random_position": false,
    "injection_rate": 0.0
  },
  "extra_data": {
    "epsilon_analysis": [
      {
        "layer_idx": 0,
        "analysis": {
          "mean_diff": 1.401834559544568e-08,
          "std_diff": 3.1222586471812974e-07,
          "max_abs_diff": 5.7220458984375e-06,
          "top_changes": [
            [
              [
                1,
                9,
                4
              ],
              {
                "baseline_epsilon": 8.643350601196289,
                "injected_epsilon": 8.643356323242188,
                "epsilon_diff": 5.7220458984375e-06,
                "abs_diff": 5.7220458984375e-06
              },
              {
                "lower1": 0.695980429649353,
                "middle": 1.4614942073822021,
                "upper": 10.059882164001465,
                "gamma": 0.19245824217796326
              }
            ],
            [
              [
                1,
                9,
                1
              ],
              {
                "baseline_epsilon": 6.895520210266113,
                "injected_epsilon": 6.895522117614746,
                "epsilon_diff": 1.9073486328125e-06,
                "abs_diff": 1.9073486328125e-06
              },
              {
                "lower1": 0.7571368217468262,
                "middle": 1.6278698444366455,
                "upper": 7.397200584411621,
                "gamma": 0.21158522367477417
              }
            ],
            [
              [
                0,
                11,
                63
              ],
              {
                "baseline_epsilon": 0.9557163715362549,
                "injected_epsilon": 0.9557148218154907,
                "epsilon_diff": -1.5497207641601562e-06,
                "abs_diff": 1.5497207641601562e-06
              },
              {
                "lower1": 0.003621873911470175,
                "middle": 0.007118932902812958,
                "upper": 1.0176268815994263,
                "gamma": 0.0009058788418769836
              }
            ],
            [
              [
                1,
                9,
                2
              ],
              {
                "baseline_epsilon": 6.371062755584717,
                "injected_epsilon": 6.371064186096191,
                "epsilon_diff": 1.430511474609375e-06,
                "abs_diff": 1.430511474609375e-06
              },
              {
                "lower1": 0.7494136691093445,
                "middle": 1.6135250329971313,
                "upper": 6.791531562805176,
                "gamma": 0.20914483070373535
              }
            ],
            [
              [
                0,
                11,
                36
              ],
              {
                "baseline_epsilon": 1.081941843032837,
                "injected_epsilon": 1.0819430351257324,
                "epsilon_diff": 1.1920928955078125e-06,
                "abs_diff": 1.1920928955078125e-06
              },
              {
                "lower1": 0.005336117930710316,
                "middle": 0.010487183928489685,
                "upper": 1.1784322261810303,
                "gamma": 0.0013349205255508423
              }
            ],
            [
              [
                1,
                11,
                50
              ],
              {
                "baseline_epsilon": 3.361027956008911,
                "injected_epsilon": 3.3610270023345947,
                "epsilon_diff": -9.5367431640625e-07,
                "abs_diff": 9.5367431640625e-07
              },
              {
                "lower1": 0.8037352561950684,
                "middle": 1.7683676481246948,
                "upper": 3.467742681503296,
                "gamma": 0.22646886110305786
              }
            ],
            [
              [
                1,
                9,
                17
              ],
              {
                "baseline_epsilon": 5.217952728271484,
                "injected_epsilon": 5.217953681945801,
                "epsilon_diff": 9.5367431640625e-07,
                "abs_diff": 9.5367431640625e-07
              },
              {
                "lower1": 0.32059794664382935,
                "middle": 0.6487264633178711,
                "upper": 5.488567352294922,
                "gamma": 0.083645761013031
              }
            ],
            [
              [
                1,
                11,
                46
              ],
              {
                "baseline_epsilon": 3.029102087020874,
                "injected_epsilon": 3.0291011333465576,
                "epsilon_diff": -9.5367431640625e-07,
                "abs_diff": 9.5367431640625e-07
              },
              {
                "lower1": 0.8338522911071777,
                "middle": 1.8465052843093872,
                "upper": 3.131071090698242,
                "gamma": 0.2362382858991623
              }
            ],
            [
              [
                1,
                9,
                15
              ],
              {
                "baseline_epsilon": 5.474326133728027,
                "injected_epsilon": 5.474327087402344,
                "epsilon_diff": 9.5367431640625e-07,
                "abs_diff": 9.5367431640625e-07
              },
              {
                "lower1": 0.45631173253059387,
                "middle": 0.9408761858940125,
                "upper": 5.75728702545166,
                "gamma": 0.12144309282302856
              }
            ],
            [
              [
                1,
                9,
                11
              ],
              {
                "baseline_epsilon": 5.738180160522461,
                "injected_epsilon": 5.738181114196777,
                "epsilon_diff": 9.5367431640625e-07,
                "abs_diff": 9.5367431640625e-07
              },
              {
                "lower1": 0.6242436766624451,
                "middle": 1.3200621604919434,
                "upper": 6.022276878356934,
                "gamma": 0.1705733835697174
              }
            ],
            [
              [
                1,
                9,
                16
              ],
              {
                "baseline_epsilon": 5.274151802062988,
                "injected_epsilon": 5.274152755737305,
                "epsilon_diff": 9.5367431640625e-07,
                "abs_diff": 9.5367431640625e-07
              },
              {
                "lower1": 0.37863269448280334,
                "middle": 0.7724146842956543,
                "upper": 5.543225288391113,
                "gamma": 0.09961572289466858
              }
            ],
            [
              [
                1,
                11,
                38
              ],
              {
                "baseline_epsilon": 2.4930734634399414,
                "injected_epsilon": 2.493072509765625,
                "epsilon_diff": -9.5367431640625e-07,
                "abs_diff": 9.5367431640625e-07
              },
              {
                "lower1": 0.609020471572876,