{
  "exp_id": "gpt2_comprehensive_sweep_seed=3407_injection_layers=[3]_injection_bit=30_injection_location=weights_injection_idx=(1, 9, 31, 62)",
  "num_runs": 1,
  "timestamp": "2025-12-12T07:04:06.854809",
  "baseline_loss": {
    "mean": 13.791720390319824,
    "std": 0.0,
    "min": 13.791720390319824,
    "max": 13.791720390319824
  },
  "injected_loss": {
    "mean": 13.721720695495605,
    "std": 0.0,
    "min": 13.721720695495605,
    "max": 13.721720695495605
  },
  "loss_diff": {
    "mean": -0.06999969482421875,
    "std": 0.0,
    "min": -0.06999969482421875,
    "max": -0.06999969482421875
  },
  "violation_detection": {
    "detection_rate": 1.0,
    "total_violations": 1,
    "avg_violations_per_run": 1.0
  }
}