{
  "exp_id": "gpt2_comprehensive_sweep_seed=3407_injection_layers=[6]_injection_bit=9_injection_location=scores_injection_idx=(1, 6, 32, 1)",
  "run_id": 0,
  "timestamp": "2025-12-12T07:12:58.641374",
  "baseline_loss": 8.564264297485352,
  "injected_loss": 8.564263343811035,
  "loss_diff": -9.5367431640625e-07,
  "bounds_valid": null,
  "violation_detected": false,
  "num_violations": 0,
  "violation_positions": [],
  "baseline_epsilon_stats": {
    "6": {
      "epsilon_mean": 5.956024169921875,
      "epsilon_std": 4.427911758422852,
      "lower_mean": 0.5316863656044006,
      "upper_mean": 7.960529327392578,
      "gamma_mean": 0.18503431975841522
    }
  },
  "injected_epsilon_stats": null,
  "injection_info": {
    "location": "scores",
    "idx": [
      1,
      6,
      32,
      1
    ],
    "bit": 9,
    "enabled": true,
    "multi_bit": false,
    "bit_list": null,
    "random_position": false,
    "injection_rate": 0.0
  },
  "extra_data": {
    "epsilon_analysis": [
      {
        "layer_idx": 6,
        "analysis": {
          "mean_diff": 3.1044086745701804e-10,
          "std_diff": 1.2166746721220534e-08,
          "max_abs_diff": 4.76837158203125e-07,
          "top_changes": [
            [
              [
                1,
                6,
                32
              ],
              {
                "baseline_epsilon": 4.868965148925781,
                "injected_epsilon": 4.8689656257629395,
                "epsilon_diff": 4.76837158203125e-07,
                "abs_diff": 4.76837158203125e-07
              },
              {
                "lower1": 0.0218485239893198,
                "middle": 0.04234788566827774,
                "upper": 7.388455867767334,
                "gamma": 0.00547713041305542
              }
            ]
          ]
        }
      }
    ],
    "performance": {
      "time": {
        "total_time": 0.01881098747253418,
        "baseline_forward_time": 0.007231950759887695,
        "injection_forward_time": 0.006747245788574219,
        "bounds_computation_time": 0.0007505416870117188,
        "violation_detection_time": 0.001455545425415039
      },
      "memory": {
        "peak_memory_allocated_mb": 1309.95556640625,
        "peak_memory_reserved_mb": 1854.0,
        "baseline_memory_mb": 1250.7587890625,
        "injection_memory_mb": 1309.95556640625
      },
      "compute": {
        "num_attention_layers": 12,
        "num_attention_heads": 12,
        "sequence_length": 64,
        "batch_size": 2,
        "attention_flops": 0.0,
        "bounds_flops": 0.0
      },
      "extra": {}
    }
  }
}