{
  "exp_id": "gpt2_comprehensive_sweep_seed=0_injection_layers=[9]_injection_bit=25_injection_location=weights_injection_idx=(0, 3, 53, 43)",
  "num_runs": 1,
  "timestamp": "2025-12-12T07:08:02.357095",
  "baseline_loss": {
    "mean": 8.462052345275879,
    "std": 0.0,
    "min": 8.462052345275879,
    "max": 8.462052345275879
  },
  "injected_loss": {
    "mean": 8.46218490600586,
    "std": 0.0,
    "min": 8.46218490600586,
    "max": 8.46218490600586
  },
  "loss_diff": {
    "mean": 0.00013256072998046875,
    "std": 0.0,
    "min": 0.00013256072998046875,
    "max": 0.00013256072998046875
  },
  "violation_detection": {
    "detection_rate": 0.0,
    "total_violations": 0,
    "avg_violations_per_run": 0.0
  }
}