{
  "exp_id": "gpt2_comprehensive_sweep_seed=42_injection_layers=[3]_injection_bit=31_injection_location=k_injection_idx=(0, 0, 10, 20)",
  "run_id": 0,
  "timestamp": "2025-12-12T07:01:08.583928",
  "baseline_loss": 13.791720390319824,
  "injected_loss": 13.791719436645508,
  "loss_diff": -9.5367431640625e-07,
  "bounds_valid": null,
  "violation_detected": false,
  "num_violations": 0,
  "violation_positions": [],
  "baseline_epsilon_stats": {
    "3": {
      "epsilon_mean": 6.302740097045898,
      "epsilon_std": 2.23594331741333,
      "lower_mean": 0.9555976390838623,
      "upper_mean": 17.05971336364746,
      "gamma_mean": 1.0718344449996948
    }
  },
  "injected_epsilon_stats": null,
  "injection_info": {
    "location": "k",
    "idx": [
      0,
      0,
      10,
      20
    ],
    "bit": 31,
    "enabled": true,
    "multi_bit": false,
    "bit_list": null,
    "random_position": false,
    "injection_rate": 0.0
  },
  "extra_data": {
    "epsilon_analysis": [
      {
        "layer_idx": 3,
        "analysis": {
          "mean_diff": -2.0191073417663574e-06,
          "std_diff": 1.646536293264944e-05,
          "max_abs_diff": 0.000232696533203125,
          "top_changes": [
            [
              [
                0,
                0,
                0
              ],
              {
                "baseline_epsilon": 11.564088821411133,
                "injected_epsilon": 11.564321517944336,
                "epsilon_diff": 0.000232696533203125,
                "abs_diff": 0.000232696533203125
              },
              {
                "lower1": 2.2121572494506836,
                "middle": 10.538558959960938,
                "upper": 12.258696556091309,
                "gamma": 1.416372537612915
              }
            ],
            [
              [
                0,
                0,
                6
              ],
              {
                "baseline_epsilon": 8.000957489013672,
                "injected_epsilon": 8.000774383544922,
                "epsilon_diff": -0.00018310546875,
                "abs_diff": 0.00018310546875
              },
              {
                "lower1": 0.19944199919700623,
                "middle": 7.585751056671143,
                "upper": 9.755487442016602,
                "gamma": 5.367352485656738
              }
            ],
            [
              [
                0,
                0,
                3
              ],
              {
                "baseline_epsilon": 8.447721481323242,
                "injected_epsilon": 8.447547912597656,
                "epsilon_diff": -0.0001735687255859375,
                "abs_diff": 0.0001735687255859375
              },
              {
                "lower1": 0.2165144979953766,
                "middle": 7.982656002044678,
                "upper": 10.344059944152832,
                "gamma": 5.2655768394470215
              }
            ],
            [
              [
                0,
                0,
                5
              ],
              {
                "baseline_epsilon": 8.516294479370117,
                "injected_epsilon": 8.516120910644531,
                "epsilon_diff": -0.0001735687255859375,
                "abs_diff": 0.0001735687255859375
              },
              {
                "lower1": 0.21441127359867096,
                "middle": 8.07823657989502,
                "upper": 10.27334213256836,
                "gamma": 5.277699947357178
              }
            ],
            [
              [
                0,
                0,
                7
              ],
              {
                "baseline_epsilon": 7.367351531982422,
                "injected_epsilon": 7.367179870605469,
                "epsilon_diff": -0.000171661376953125,
                "abs_diff": 0.000171661376953125
              },
              {
                "lower1": 0.18079762160778046,
                "middle": 6.988683700561523,
                "upper": 9.073707580566406,
                "gamma": 5.4883131980896
              }
            ],
            [
              [
                0,
                0,
                9
              ],
              {
                "baseline_epsilon": 5.9044342041015625,
                "injected_epsilon": 5.904266357421875,
                "epsilon_diff": -0.0001678466796875,
                "abs_diff": 0.0001678466796875
              },
              {
                "lower1": 0.13935734331607819,
                "middle": 5.615993499755859,
                "upper": 7.402523994445801,
                "gamma": 5.806051254272461
              }
            ],
            [
              [
                0,
                0,
                8
              ],
              {
                "baseline_epsilon": 6.657920837402344,
                "injected_epsilon": 6.657752990722656,
                "epsilon_diff": -0.0001678466796875,
                "abs_diff": 0.0001678466796875
              },
              {
                "lower1": 0.1603497415781021,
                "middle": 6.322927474975586,
                "upper": 8.276819229125977,
                "gamma": 5.6353325843811035
              }
            ],
            [
              [
                0,
                0,
                4
              ],
              {
                "baseline_epsilon": 8.735538482666016,
                "injected_epsilon": 8.735372543334961,
                "epsilon_diff": -0.0001659393310546875,
                "abs_diff": 0.0001659393310546875
              },
              {
                "lower1": 0.2192826122045517,
                "middle": 8.304180145263672,
                "upper": 10.436381340026855,
                "gamma": 5.249788284301758
              }
            ],
            [
              [
                0,
                0,
                2
              ],
              {
                "baseline_epsilon": 7.43226432800293,
                "injected_epsilon": 7.432100296020508,
                "epsilon_diff": -0.000164031982421875,
                "abs_diff": 0.000164031982421875
              },
              {
                "lower1": 0.2223006635904312,
                "middle": 6.755624771118164,
                "upper": 10.536070823669434,
                "gamma": 5.232785224914551
              }
            ],
            [
              [
                0,
                0,
                10
              ],
              {
                "baseline_epsilon": 5.145618438720703,
                "injected_epsilon": 5.145473480224609,
                "epsilon_diff": -0.00014495849609375,
                "abs_diff": 0.00014495849609375
              },
              {
                "lower1": 0.11899806559085846,
                "middle": 4.90303373336792,
                "upper": 6.4976277351379395,
                "gamma": 5.996838569641113
              }
            ],
            [
              [
                0,
                0,
                11
              ],
              {
                "baseline_epsilon": 4.398658752441406,
                "injected_epsilon": 4.398529052734375,
                "epsilon_diff": -0.00012969970703125,
                "abs_diff": 0.00012969970703125
              },
              {
                "lower1": 0.09975079447031021,
                "middle": 4.199347972869873,
                "upper": 5.5884318351745605,
                "gamma": 6.2084174156188965
              }
            ],
            [
              [
                0,
                0,
                12
              ],
              {
                "baseline_epsilon": 3.7445220947265625,
                "injected_epsilon": 3.744396209716797,
                "epsilon_diff": -0.000125885009765625,
                "abs_diff": 0.000125885009765625
              },
              {
                "lower1": 0.08348476141691208,
                "middle": 3.5815768241882324,