{
  "exp_id": "gpt2_comprehensive_sweep_seed=3407_injection_layers=[6]_injection_bit=20_injection_location=weights_injection_idx=(1, 9, 31, 62)",
  "num_runs": 1,
  "timestamp": "2025-12-12T07:43:36.176400",
  "baseline_loss": {
    "mean": 8.564264297485352,
    "std": 0.0,
    "min": 8.564264297485352,
    "max": 8.564264297485352
  },
  "injected_loss": {
    "mean": 8.564269065856934,
    "std": 0.0,
    "min": 8.564269065856934,
    "max": 8.564269065856934
  },
  "loss_diff": {
    "mean": 4.76837158203125e-06,
    "std": 0.0,
    "min": 4.76837158203125e-06,
    "max": 4.76837158203125e-06
  },
  "violation_detection": {
    "detection_rate": 0.0,
    "total_violations": 0,
    "avg_violations_per_run": 0.0
  }
}