{
  "exp_id": "gpt2_comprehensive_sweep_seed=3407_injection_layers=[3]_injection_bit=12_injection_location=weights_injection_idx=(1, 9, 31, 62)",
  "run_id": 0,
  "timestamp": "2025-12-12T07:03:53.409368",
  "baseline_loss": 13.791720390319824,
  "injected_loss": 13.791720390319824,
  "loss_diff": 0.0,
  "bounds_valid": null,
  "violation_detected": false,
  "num_violations": 0,
  "violation_positions": [],
  "baseline_epsilon_stats": {
    "3": {
      "epsilon_mean": 6.302740097045898,
      "epsilon_std": 2.23594331741333,
      "lower_mean": 0.9555976390838623,
      "upper_mean": 17.05971336364746,
      "gamma_mean": 1.0718344449996948
    }
  },
  "injected_epsilon_stats": null,
  "injection_info": {
    "location": "weights",
    "idx": [
      1,
      9,
      31,
      62
    ],
    "bit": 12,
    "enabled": true,
    "multi_bit": false,
    "bit_list": null,
    "random_position": false,
    "injection_rate": 0.0
  },
  "extra_data": {
    "epsilon_analysis": [
      {
        "layer_idx": 3,
        "analysis": {
          "mean_diff": 2.776583187369397e-06,
          "std_diff": 0.00010881938214879483,
          "max_abs_diff": 0.00426483154296875,
          "top_changes": [
            [
              [
                1,
                9,
                31
              ],
              {
                "baseline_epsilon": 6.732818603515625,
                "injected_epsilon": 6.737083435058594,
                "epsilon_diff": 0.00426483154296875,
                "abs_diff": 0.00426483154296875
              },
              {
                "lower1": 0.9584139585494995,
                "middle": 1.6730202436447144,
                "upper": 18.457042694091797,
                "gamma": 0.2779979705810547
              }
            ]
          ]
        }
      }
    ],
    "performance": {
      "time": {
        "total_time": 0.018986940383911133,
        "baseline_forward_time": 0.007326602935791016,
        "injection_forward_time": 0.006732463836669922,
        "bounds_computation_time": 0.0007963180541992188,
        "violation_detection_time": 0.0014774799346923828
      },
      "memory": {
        "peak_memory_allocated_mb": 1329.22998046875,
        "peak_memory_reserved_mb": 1874.0,
        "baseline_memory_mb": 1270.033203125,
        "injection_memory_mb": 1329.22998046875
      },
      "compute": {
        "num_attention_layers": 12,
        "num_attention_heads": 12,
        "sequence_length": 64,
        "batch_size": 2,
        "attention_flops": 0.0,
        "bounds_flops": 0.0
      },
      "extra": {}
    }
  }
}