{
  "exp_id": "gpt2_comprehensive_sweep_seed=42_injection_layers=[0]_injection_bit=25_injection_location=weights_injection_idx=(1, 6, 32, 1)",
  "run_id": 0,
  "timestamp": "2025-10-14T18:24:53.607066",
  "baseline_loss": 10.27547836303711,
  "injected_loss": 10.274789810180664,
  "loss_diff": -0.0006885528564453125,
  "bounds_valid": null,
  "violation_detected": true,
  "num_violations": 1,
  "violation_positions": [
    [
      0,
      [
        1,
        6,
        32
      ]
    ]
  ],
  "baseline_epsilon_stats": {
    "0": {
      "epsilon_mean": 1.9825315475463867,
      "epsilon_std": 1.6013407707214355,
      "lower_mean": 0.3287202715873718,
      "upper_mean": 2.0460193157196045,
      "gamma_mean": 0.0896625965833664
    }
  },
  "injected_epsilon_stats": null,
  "injection_info": {
    "location": "weights",
    "idx": [
      1,
      6,
      32,
      1
    ],
    "bit": 25,
    "enabled": true,
    "multi_bit": false,
    "bit_list": null,
    "random_position": false,
    "injection_rate": 0.0
  },
  "extra_data": {
    "epsilon_analysis": [
      {
        "layer_idx": 0,
        "analysis": {
          "mean_diff": 4.6586308599216864e-05,
          "std_diff": 0.0018258029595017433,
          "max_abs_diff": 0.07155656814575195,
          "top_changes": [
            [
              [
                1,
                6,
                32
              ],
              {
                "baseline_epsilon": 2.860581398010254,
                "injected_epsilon": 2.932137966156006,
                "epsilon_diff": 0.07155656814575195,
                "abs_diff": 0.07155656814575195
              },
              {
                "lower1": 0.42157915234565735,
                "middle": 0.8729342818260193,
                "upper": 2.9041638374328613,
                "gamma": 0.1116175651550293
              }
            ]
          ]
        }
      }
    ],
    "performance": {
      "time": {
        "total_time": 0.018662214279174805,
        "baseline_forward_time": 0.007105588912963867,
        "injection_forward_time": 0.0066432952880859375,
        "bounds_computation_time": 0.0007784366607666016,
        "violation_detection_time": 0.001544952392578125
      },
      "memory": {
        "peak_memory_allocated_mb": 1137.998046875,
        "peak_memory_reserved_mb": 1632.0,
        "baseline_memory_mb": 1078.80126953125,
        "injection_memory_mb": 1137.998046875
      },
      "compute": {
        "num_attention_layers": 12,
        "num_attention_heads": 12,
        "sequence_length": 64,
        "batch_size": 2,
        "attention_flops": 0.0,
        "bounds_flops": 0.0
      },
      "extra": {}
    }
  }
}