{
  "exp_id": "gpt2_comprehensive_sweep_seed=0_injection_layers=[6]_injection_bit=26_injection_location=weights_injection_idx=(1, 6, 32, 1)",
  "num_runs": 1,
  "timestamp": "2025-10-14T18:21:13.156278",
  "baseline_loss": {
    "mean": 12.890384674072266,
    "std": 0.0,
    "min": 12.890384674072266,
    "max": 12.890384674072266
  },
  "injected_loss": {
    "mean": 12.889261245727539,
    "std": 0.0,
    "min": 12.889261245727539,
    "max": 12.889261245727539
  },
  "loss_diff": {
    "mean": -0.0011234283447265625,
    "std": 0.0,
    "min": -0.0011234283447265625,
    "max": -0.0011234283447265625
  },
  "violation_detection": {
    "detection_rate": 1.0,
    "total_violations": 1,
    "avg_violations_per_run": 1.0
  }
}