{
  "exp_id": "gpt2_comprehensive_sweep_seed=3407_injection_layers=[3]_injection_bit=29_injection_location=scores_injection_idx=(0, 0, 10, 20)",
  "num_runs": 1,
  "timestamp": "2025-12-12T07:04:05.640982",
  "baseline_loss": {
    "mean": 13.791720390319824,
    "std": 0.0,
    "min": 13.791720390319824,
    "max": 13.791720390319824
  },
  "injected_loss": {
    "mean": 13.791716575622559,
    "std": 0.0,
    "min": 13.791716575622559,
    "max": 13.791716575622559
  },
  "loss_diff": {
    "mean": -3.814697265625e-06,
    "std": 0.0,
    "min": -3.814697265625e-06,
    "max": -3.814697265625e-06
  },
  "violation_detection": {
    "detection_rate": 0.0,
    "total_violations": 0,
    "avg_violations_per_run": 0.0
  }
}