{
  "exp_id": "gpt2_comprehensive_sweep_seed=123_injection_layers=[3]_injection_bit=24_injection_location=weights_injection_idx=(0, 3, 53, 43)",
  "num_runs": 1,
  "timestamp": "2025-12-12T07:19:51.608789",
  "baseline_loss": {
    "mean": 8.997109413146973,
    "std": 0.0,
    "min": 8.997109413146973,
    "max": 8.997109413146973
  },
  "injected_loss": {
    "mean": 8.997091293334961,
    "std": 0.0,
    "min": 8.997091293334961,
    "max": 8.997091293334961
  },
  "loss_diff": {
    "mean": -1.811981201171875e-05,
    "std": 0.0,
    "min": -1.811981201171875e-05,
    "max": -1.811981201171875e-05
  },
  "violation_detection": {
    "detection_rate": 0.0,
    "total_violations": 0,
    "avg_violations_per_run": 0.0
  }
}