{
  "exp_id": "gpt2_comprehensive_sweep_seed=3407_injection_layers=[9]_injection_bit=27_injection_location=weights_injection_idx=(0, 3, 53, 43)",
  "run_id": 0,
  "timestamp": "2025-12-12T07:04:46.898506",
  "baseline_loss": 13.721663475036621,
  "injected_loss": 13.721664428710938,
  "loss_diff": 9.5367431640625e-07,
  "bounds_valid": null,
  "violation_detected": false,
  "num_violations": 0,
  "violation_positions": [],
  "baseline_epsilon_stats": {
    "9": {
      "epsilon_mean": 10.922141075134277,
      "epsilon_std": 4.307835578918457,
      "lower_mean": 1.0468783378601074,
      "upper_mean": 16.82538414001465,
      "gamma_mean": 2.1429390907287598
    }
  },
  "injected_epsilon_stats": null,
  "injection_info": {
    "location": "weights",
    "idx": [
      0,
      3,
      53,
      43
    ],
    "bit": 27,
    "enabled": true,
    "multi_bit": false,
    "bit_list": null,
    "random_position": false,
    "injection_rate": 0.0
  },
  "extra_data": {
    "epsilon_analysis": [
      {
        "layer_idx": 9,
        "analysis": {
          "mean_diff": -8.553266525268555e-06,
          "std_diff": 0.00033521821023896337,
          "max_abs_diff": 0.0131378173828125,
          "top_changes": [
            [
              [
                0,
                3,
                53
              ],
              {
                "baseline_epsilon": 7.251434326171875,
                "injected_epsilon": 7.2382965087890625,
                "epsilon_diff": -0.0131378173828125,
                "abs_diff": 0.0131378173828125
              },
              {
                "lower1": 0.9806814789772034,
                "middle": 1.7418709993362427,
                "upper": 18.457042694091797,
                "gamma": 0.28571009635925293
              }
            ]
          ]
        }
      }
    ],
    "performance": {
      "time": {
        "total_time": 0.018703937530517578,
        "baseline_forward_time": 0.007244110107421875,
        "injection_forward_time": 0.0066149234771728516,
        "bounds_computation_time": 0.0007615089416503906,
        "violation_detection_time": 0.0014548301696777344
      },
      "memory": {
        "peak_memory_allocated_mb": 1098.94921875,
        "peak_memory_reserved_mb": 1874.0,
        "baseline_memory_mb": 1039.75244140625,
        "injection_memory_mb": 1098.94921875
      },
      "compute": {
        "num_attention_layers": 12,
        "num_attention_heads": 12,
        "sequence_length": 64,
        "batch_size": 2,
        "attention_flops": 0.0,
        "bounds_flops": 0.0
      },
      "extra": {}
    }
  }
}