{
  "exp_id": "gpt2_comprehensive_sweep_seed=123_injection_layers=[0]_injection_bit=19_injection_location=k_injection_idx=(0, 3, 53, 43)",
  "run_id": 0,
  "timestamp": "2025-12-12T07:19:20.557124",
  "baseline_loss": 10.275479316711426,
  "injected_loss": 10.27547550201416,
  "loss_diff": -3.814697265625e-06,
  "bounds_valid": null,
  "violation_detected": false,
  "num_violations": 0,
  "violation_positions": [],
  "baseline_epsilon_stats": {
    "0": {
      "epsilon_mean": 1.9825315475463867,
      "epsilon_std": 1.6013407707214355,
      "lower_mean": 0.3287202715873718,
      "upper_mean": 2.0460193157196045,
      "gamma_mean": 0.0896625965833664
    }
  },
  "injected_epsilon_stats": null,
  "injection_info": {
    "location": "k",
    "idx": [
      0,
      3,
      53,
      43
    ],
    "bit": 19,
    "enabled": true,
    "multi_bit": false,
    "bit_list": null,
    "random_position": false,
    "injection_rate": 0.0
  },
  "extra_data": {
    "epsilon_analysis": [
      {
        "layer_idx": 0,
        "analysis": {
          "mean_diff": -7.434088900026836e-08,
          "std_diff": 1.0140225867871777e-06,
          "max_abs_diff": 1.33514404296875e-05,
          "top_changes": [
            [
              [
                0,
                3,
                63
              ],
              {
                "baseline_epsilon": 3.1531782150268555,
                "injected_epsilon": 3.153164863586426,
                "epsilon_diff": -1.33514404296875e-05,
                "abs_diff": 1.33514404296875e-05
              },
              {
                "lower1": 0.28439024090766907,
                "middle": 0.5766554474830627,
                "upper": 3.412262439727783,
                "gamma": 0.07382110506296158
              }
            ],
            [
              [
                0,
                3,
                62
              ],
              {
                "baseline_epsilon": 3.06503963470459,
                "injected_epsilon": 3.0650265216827393,
                "epsilon_diff": -1.3113021850585938e-05,
                "abs_diff": 1.3113021850585938e-05
              },
              {
                "lower1": 0.2780146598815918,
                "middle": 0.5633817315101624,
                "upper": 3.3161349296569824,
                "gamma": 0.07210187613964081
              }
            ],
            [
              [
                0,
                3,
                61
              ],
              {
                "baseline_epsilon": 3.0420145988464355,
                "injected_epsilon": 3.042001962661743,
                "epsilon_diff": -1.2636184692382812e-05,
                "abs_diff": 1.2636184692382812e-05
              },
              {
                "lower1": 0.28422656655311584,
                "middle": 0.5765201449394226,
                "upper": 3.2809619903564453,
                "gamma": 0.07377693057060242
              }
            ],
            [
              [
                0,
                3,
                60
              ],
              {
                "baseline_epsilon": 2.927633762359619,
                "injected_epsilon": 2.9276227951049805,
                "epsilon_diff": -1.0967254638671875e-05,
                "abs_diff": 1.0967254638671875e-05
              },
              {
                "lower1": 0.2776966691017151,
                "middle": 0.5629615187644958,
                "upper": 3.1544110774993896,
                "gamma": 0.07201620936393738
              }
            ],
            [
              [
                0,
                3,
                59
              ],
              {
                "baseline_epsilon": 2.868199348449707,
                "injected_epsilon": 2.8681893348693848,
                "epsilon_diff": -1.0013580322265625e-05,
                "abs_diff": 1.0013580322265625e-05
              },
              {
                "lower1": 0.2771088182926178,
                "middle": 0.561829686164856,
                "upper": 3.0846028327941895,
                "gamma": 0.07185786962509155
              }
            ],
            [
              [
                0,
                3,
                58
              ],
              {
                "baseline_epsilon": 2.805744171142578,
                "injected_epsilon": 2.805734634399414,
                "epsilon_diff": -9.5367431640625e-06,
                "abs_diff": 9.5367431640625e-06
              },
              {
                "lower1": 0.2729288339614868,
                "middle": 0.5531372427940369,
                "upper": 3.0162453651428223,
                "gamma": 0.0707327201962471
              }
            ],
            [
              [
                0,
                3,
                57
              ],
              {
                "baseline_epsilon": 2.73093318939209,
                "injected_epsilon": 2.730923652648926,
                "epsilon_diff": -9.5367431640625e-06,
                "abs_diff": 9.5367431640625e-06
              },
              {
                "lower1": 0.27366894483566284,
                "middle": 0.5548253655433655,
                "upper": 2.926344394683838,
                "gamma": 0.07093184441328049
              }
            ],
            [
              [
                0,
                3,
                56
              ],
              {
                "baseline_epsilon": 2.5944364070892334,
                "injected_epsilon": 2.594428300857544,
                "epsilon_diff": -8.106231689453125e-06,
                "abs_diff": 8.106231689453125e-06
              },
              {
                "lower1": 0.2671952545642853,
                "middle": 0.5414358377456665,
                "upper": 2.7715468406677246,
                "gamma": 0.0691915974020958
              }
            ],
            [
              [
                0,
                3,
                54
              ],
              {
                "baseline_epsilon": 2.4911980628967285,
                "injected_epsilon": 2.4911904335021973,
                "epsilon_diff": -7.62939453125e-06,
                "abs_diff": 7.62939453125e-06
              },
              {
                "lower1": 0.26093557476997375,
                "middle": 0.5284461975097656,
                "upper": 2.665358543395996,
                "gamma": 0.06751196086406708
              }
            ],
            [
              [
                0,
                3,
                55
              ],
              {
                "baseline_epsilon": 2.538285255432129,
                "injected_epsilon": 2.5382776260375977,
                "epsilon_diff": -7.62939453125e-06,
                "abs_diff": 7.62939453125e-06
              },
              {
                "lower1": 0.26922550797462463,
                "middle": 0.5457947850227356,
                "upper": 2.7081894874572754,
                "gamma": 0.0697370171546936
              }
            ],
            [
              [
                0,
                3,
                53
              ],
              {
                "baseline_epsilon": 2.4007019996643066,
                "injected_epsilon": 2.4006948471069336,
                "epsilon_diff": -7.152557373046875e-06,
                "abs_diff": 7.152557373046875e-06
              },
              {
                "lower1": 0.27117571234703064,
                "middle": 0.550119936466217,
                "upper": 2.5515313148498535,
                "gamma": 0.07026122510433197
              }
            ],
            [
              [
                0,
                3,
                1
              ],
              {
                "baseline_epsilon": 2.40370512008667,
                "injected_epsilon": 2.4037113189697266,
                "epsilon_diff": 6.198883056640625e-06,