{
  "exp_id": "gpt2_comprehensive_sweep_seed=3407_injection_layers=[3]_injection_bit=25_injection_location=weights_injection_idx=(0, 0, 10, 20)",
  "num_runs": 1,
  "timestamp": "2025-12-12T07:21:49.142119",
  "baseline_loss": {
    "mean": 8.997109413146973,
    "std": 0.0,
    "min": 8.997109413146973,
    "max": 8.997109413146973
  },
  "injected_loss": {
    "mean": 8.990995407104492,
    "std": 0.0,
    "min": 8.990995407104492,
    "max": 8.990995407104492
  },
  "loss_diff": {
    "mean": -0.006114006042480469,
    "std": 0.0,
    "min": -0.006114006042480469,
    "max": -0.006114006042480469
  },
  "violation_detection": {
    "detection_rate": 0.0,
    "total_violations": 0,
    "avg_violations_per_run": 0.0
  }
}