{
  "exp_id": "gpt2_comprehensive_sweep_seed=3407_injection_layers=[0]_injection_bit=27_injection_location=weights_injection_idx=(1, 9, 31, 62)",
  "run_id": 0,
  "timestamp": "2025-12-12T07:12:09.766048",
  "baseline_loss": 10.275479316711426,
  "injected_loss": 10.27564811706543,
  "loss_diff": 0.00016880035400390625,
  "bounds_valid": null,
  "violation_detected": false,
  "num_violations": 0,
  "violation_positions": [],
  "baseline_epsilon_stats": {
    "0": {
      "epsilon_mean": 1.9825315475463867,
      "epsilon_std": 1.6013407707214355,
      "lower_mean": 0.3287202715873718,
      "upper_mean": 2.0460193157196045,
      "gamma_mean": 0.0896625965833664
    }
  },
  "injected_epsilon_stats": null,
  "injection_info": {
    "location": "weights",
    "idx": [
      1,
      9,
      31,
      62
    ],
    "bit": 27,
    "enabled": true,
    "multi_bit": false,
    "bit_list": null,
    "random_position": false,
    "injection_rate": 0.0
  },
  "extra_data": {
    "epsilon_analysis": [
      {
        "layer_idx": 0,
        "analysis": {
          "mean_diff": -1.9016055375686847e-05,
          "std_diff": 0.0007452740683220327,
          "max_abs_diff": 0.029208660125732422,
          "top_changes": [
            [
              [
                1,
                9,
                31
              ],
              {
                "baseline_epsilon": 4.464097023010254,
                "injected_epsilon": 4.4348883628845215,
                "epsilon_diff": -0.029208660125732422,
                "abs_diff": 0.029208660125732422
              },
              {
                "lower1": 0.41202840209007263,
                "middle": 0.8474274277687073,
                "upper": 4.627466201782227,
                "gamma": 0.10893461108207703
              }
            ]
          ]
        }
      }
    ],
    "performance": {
      "time": {
        "total_time": 0.01867508888244629,
        "baseline_forward_time": 0.007189273834228516,
        "injection_forward_time": 0.006691455841064453,
        "bounds_computation_time": 0.0007555484771728516,
        "violation_detection_time": 0.0014429092407226562
      },
      "memory": {
        "peak_memory_allocated_mb": 1429.35205078125,
        "peak_memory_reserved_mb": 1854.0,
        "baseline_memory_mb": 1370.1552734375,
        "injection_memory_mb": 1429.35205078125
      },
      "compute": {
        "num_attention_layers": 12,
        "num_attention_heads": 12,
        "sequence_length": 64,
        "batch_size": 2,
        "attention_flops": 0.0,
        "bounds_flops": 0.0
      },
      "extra": {}
    }
  }
}