{
  "exp_id": "gpt2_comprehensive_sweep_seed=42_injection_layers=[0]_injection_bit=27_injection_location=weights_injection_idx=(1, 6, 32, 1)",
  "num_runs": 1,
  "timestamp": "2025-12-12T07:00:42.526285",
  "baseline_loss": {
    "mean": 13.588921546936035,
    "std": 0.0,
    "min": 13.588921546936035,
    "max": 13.588921546936035
  },
  "injected_loss": {
    "mean": 13.588892936706543,
    "std": 0.0,
    "min": 13.588892936706543,
    "max": 13.588892936706543
  },
  "loss_diff": {
    "mean": -2.86102294921875e-05,
    "std": 0.0,
    "min": -2.86102294921875e-05,
    "max": -2.86102294921875e-05
  },
  "violation_detection": {
    "detection_rate": 0.0,
    "total_violations": 0,
    "avg_violations_per_run": 0.0
  }
}