{
  "exp_id": "gpt2_comprehensive_sweep_seed=42_injection_layers=[6]_injection_bit=31_injection_location=q_injection_idx=(0, 3, 53, 43)",
  "run_id": 0,
  "timestamp": "2025-10-14T18:12:54.034861",
  "baseline_loss": 12.890384674072266,
  "injected_loss": 12.890412330627441,
  "loss_diff": 2.765655517578125e-05,
  "bounds_valid": null,
  "violation_detected": false,
  "num_violations": 0,
  "violation_positions": [],
  "baseline_epsilon_stats": {
    "6": {
      "epsilon_mean": 7.864658355712891,
      "epsilon_std": 3.4537131786346436,
      "lower_mean": 0.852850615978241,
      "upper_mean": 17.020122528076172,
      "gamma_mean": 1.5244500637054443
    }
  },
  "injected_epsilon_stats": null,
  "injection_info": {
    "location": "q",
    "idx": [
      0,
      3,
      53,
      43
    ],
    "bit": 31,
    "enabled": true,
    "multi_bit": false,
    "bit_list": null,
    "random_position": false,
    "injection_rate": 0.0
  },
  "extra_data": {
    "epsilon_analysis": [
      {
        "layer_idx": 6,
        "analysis": {
          "mean_diff": 0.0004224566218908876,
          "std_diff": 0.01655684970319271,
          "max_abs_diff": 0.6488933563232422,
          "top_changes": [
            [
              [
                0,
                3,
                53
              ],
              {
                "baseline_epsilon": 3.816110610961914,
                "injected_epsilon": 4.465003967285156,
                "epsilon_diff": 0.6488933563232422,
                "abs_diff": 0.6488933563232422
              },
              {
                "lower1": 0.5532214641571045,
                "middle": 3.1114463806152344,
                "upper": 16.938552856445312,
                "gamma": 4.0539164543151855
              }
            ]
          ]
        }
      }
    ],
    "performance": {
      "time": {
        "total_time": 0.018140077590942383,
        "baseline_forward_time": 0.006936073303222656,
        "injection_forward_time": 0.006516695022583008,
        "bounds_computation_time": 0.0007421970367431641,
        "violation_detection_time": 0.0014278888702392578
      },
      "memory": {
        "peak_memory_allocated_mb": 1168.03466796875,
        "peak_memory_reserved_mb": 1718.0,
        "baseline_memory_mb": 1108.837890625,
        "injection_memory_mb": 1168.03466796875
      },
      "compute": {
        "num_attention_layers": 12,
        "num_attention_heads": 12,
        "sequence_length": 64,
        "batch_size": 2,
        "attention_flops": 0.0,
        "bounds_flops": 0.0
      },
      "extra": {}
    }
  }
}