{
  "exp_id": "gpt2_comprehensive_sweep_seed=42_injection_layers=[6]_injection_bit=31_injection_location=q_injection_idx=(0, 3, 53, 43)",
  "num_runs": 1,
  "timestamp": "2025-10-14T18:12:54.054083",
  "baseline_loss": {
    "mean": 12.890384674072266,
    "std": 0.0,
    "min": 12.890384674072266,
    "max": 12.890384674072266
  },
  "injected_loss": {
    "mean": 12.890412330627441,
    "std": 0.0,
    "min": 12.890412330627441,
    "max": 12.890412330627441
  },
  "loss_diff": {
    "mean": 2.765655517578125e-05,
    "std": 0.0,
    "min": 2.765655517578125e-05,
    "max": 2.765655517578125e-05
  },
  "violation_detection": {
    "detection_rate": 0.0,
    "total_violations": 0,
    "avg_violations_per_run": 0.0
  }
}