{
  "exp_id": "gpt2_comprehensive_sweep_seed=42_injection_layers=[3]_injection_bit=30_injection_location=weights_injection_idx=(0, 3, 53, 43)",
  "num_runs": 1,
  "timestamp": "2025-10-14T18:21:32.927143",
  "baseline_loss": {
    "mean": 13.791719436645508,
    "std": 0.0,
    "min": 13.791719436645508,
    "max": 13.791719436645508
  },
  "injected_loss": {
    "mean": 13.73715591430664,
    "std": 0.0,
    "min": 13.73715591430664,
    "max": 13.73715591430664
  },
  "loss_diff": {
    "mean": -0.05456352233886719,
    "std": 0.0,
    "min": -0.05456352233886719,
    "max": -0.05456352233886719
  },
  "violation_detection": {
    "detection_rate": 1.0,
    "total_violations": 1,
    "avg_violations_per_run": 1.0
  }
}