{
  "exp_id": "gpt2_comprehensive_sweep_seed=123_injection_layers=[6]_injection_bit=28_injection_location=scores_injection_idx=(1, 6, 32, 1)",
  "num_runs": 1,
  "timestamp": "2025-10-14T18:28:13.030644",
  "baseline_loss": {
    "mean": 8.564263343811035,
    "std": 0.0,
    "min": 8.564263343811035,
    "max": 8.564263343811035
  },
  "injected_loss": {
    "mean": 8.564254760742188,
    "std": 0.0,
    "min": 8.564254760742188,
    "max": 8.564254760742188
  },
  "loss_diff": {
    "mean": -8.58306884765625e-06,
    "std": 0.0,
    "min": -8.58306884765625e-06,
    "max": -8.58306884765625e-06
  },
  "violation_detection": {
    "detection_rate": 0.0,
    "total_violations": 0,
    "avg_violations_per_run": 0.0
  }
}