{
  "exp_id": "gpt2_comprehensive_sweep_seed=123_injection_layers=[6]_injection_bit=30_injection_location=weights_injection_idx=(0, 0, 10, 20)",
  "run_id": 0,
  "timestamp": "2025-10-14T18:25:33.274204",
  "baseline_loss": 8.564263343811035,
  "injected_loss": 8.631264686584473,
  "loss_diff": 0.0670013427734375,
  "bounds_valid": null,
  "violation_detected": true,
  "num_violations": 1,
  "violation_positions": [
    [
      6,
      [
        0,
        0,
        10
      ]
    ]
  ],
  "baseline_epsilon_stats": {
    "6": {
      "epsilon_mean": 5.956024169921875,
      "epsilon_std": 4.427911758422852,
      "lower_mean": 0.5316863656044006,
      "upper_mean": 7.960529327392578,
      "gamma_mean": 0.18503431975841522
    }
  },
  "injected_epsilon_stats": null,
  "injection_info": {
    "location": "weights",
    "idx": [
      0,
      0,
      10,
      20
    ],
    "bit": 30,
    "enabled": true,
    "multi_bit": false,
    "bit_list": null,
    "random_position": false,
    "injection_rate": 0.0
  },
  "extra_data": {
    "epsilon_analysis": [
      {
        "layer_idx": 6,
        "analysis": {
          "mean_diff": -2.2430913962953334e+34,
          "std_diff": Infinity,
          "max_abs_diff": 3.445388131179512e+37,
          "top_changes": [
            [
              [
                0,
                0,
                10
              ],
              {
                "baseline_epsilon": 0.6432266235351562,
                "injected_epsilon": -3.445388131179512e+37,
                "epsilon_diff": -3.445388131179512e+37,
                "abs_diff": 3.445388131179512e+37
              },
              {
                "lower1": 0.002699655946344137,
                "middle": 0.005308442283421755,
                "upper": 0.8827047348022461,
                "gamma": 0.0006751418113708496
              }
            ]
          ]
        }
      }
    ],
    "performance": {
      "time": {
        "total_time": 0.018607616424560547,
        "baseline_forward_time": 0.007106781005859375,
        "injection_forward_time": 0.006627559661865234,
        "bounds_computation_time": 0.0007731914520263672,
        "violation_detection_time": 0.0015630722045898438
      },
      "memory": {
        "peak_memory_allocated_mb": 1268.90673828125,
        "peak_memory_reserved_mb": 1698.0,
        "baseline_memory_mb": 1209.7099609375,
        "injection_memory_mb": 1268.90673828125
      },
      "compute": {
        "num_attention_layers": 12,
        "num_attention_heads": 12,
        "sequence_length": 64,
        "batch_size": 2,
        "attention_flops": 0.0,
        "bounds_flops": 0.0
      },
      "extra": {}
    }
  }
}