{
  "exp_id": "gpt2_comprehensive_sweep_seed=3407_injection_layers=[9]_injection_bit=23_injection_location=weights_injection_idx=(0, 0, 10, 20)",
  "num_runs": 1,
  "timestamp": "2025-12-12T07:13:46.378397",
  "baseline_loss": {
    "mean": 8.462052345275879,
    "std": 0.0,
    "min": 8.462052345275879,
    "max": 8.462052345275879
  },
  "injected_loss": {
    "mean": 8.462013244628906,
    "std": 0.0,
    "min": 8.462013244628906,
    "max": 8.462013244628906
  },
  "loss_diff": {
    "mean": -3.910064697265625e-05,
    "std": 0.0,
    "min": -3.910064697265625e-05,
    "max": -3.910064697265625e-05
  },
  "violation_detection": {
    "detection_rate": 0.0,
    "total_violations": 0,
    "avg_violations_per_run": 0.0
  }
}