{
  "exp_id": "gpt2_comprehensive_sweep_seed=0_injection_layers=[6]_injection_bit=31_injection_location=weights_injection_idx=(1, 9, 31, 62)",
  "num_runs": 1,
  "timestamp": "2025-10-14T18:31:25.989903",
  "baseline_loss": {
    "mean": 8.242022514343262,
    "std": 0.0,
    "min": 8.242022514343262,
    "max": 8.242022514343262
  },
  "injected_loss": {
    "mean": 8.242244720458984,
    "std": 0.0,
    "min": 8.242244720458984,
    "max": 8.242244720458984
  },
  "loss_diff": {
    "mean": 0.00022220611572265625,
    "std": 0.0,
    "min": 0.00022220611572265625,
    "max": 0.00022220611572265625
  },
  "violation_detection": {
    "detection_rate": 0.0,
    "total_violations": 0,
    "avg_violations_per_run": 0.0
  }
}