{
  "exp_id": "gpt2_comprehensive_sweep_seed=3407_injection_layers=[9]_injection_bit=23_injection_location=scores_injection_idx=(1, 6, 32, 1)",
  "run_id": 0,
  "timestamp": "2025-10-14T18:16:22.769040",
  "baseline_loss": 8.462053298950195,
  "injected_loss": 8.462054252624512,
  "loss_diff": 9.5367431640625e-07,
  "bounds_valid": null,
  "violation_detected": false,
  "num_violations": 0,
  "violation_positions": [],
  "baseline_epsilon_stats": {
    "9": {
      "epsilon_mean": 6.7392191886901855,
      "epsilon_std": 4.8921427726745605,
      "lower_mean": 0.5418864488601685,
      "upper_mean": 9.379467010498047,
      "gamma_mean": 0.2731764018535614
    }
  },
  "injected_epsilon_stats": null,
  "injection_info": {
    "location": "scores",
    "idx": [
      1,
      6,
      32,
      1
    ],
    "bit": 23,
    "enabled": true,
    "multi_bit": false,
    "bit_list": null,
    "random_position": false,
    "injection_rate": 0.0
  },
  "extra_data": {
    "epsilon_analysis": [
      {
        "layer_idx": 9,
        "analysis": {
          "mean_diff": -6.755193453500397e-07,
          "std_diff": 2.647484143381007e-05,
          "max_abs_diff": 0.00103759765625,
          "top_changes": [
            [
              [
                1,
                6,
                32
              ],
              {
                "baseline_epsilon": 1.737274169921875,
                "injected_epsilon": 1.736236572265625,
                "epsilon_diff": -0.00103759765625,
                "abs_diff": 0.00103759765625
              },
              {
                "lower1": 0.007844846695661545,
                "middle": 0.015310727059841156,
                "upper": 8.111080169677734,
                "gamma": 0.0019631385803222656
              }
            ]
          ]
        }
      }
    ],
    "performance": {
      "time": {
        "total_time": 0.018373727798461914,
        "baseline_forward_time": 0.00703740119934082,
        "injection_forward_time": 0.0065765380859375,
        "bounds_computation_time": 0.0007703304290771484,
        "violation_detection_time": 0.0014390945434570312
      },
      "memory": {
        "peak_memory_allocated_mb": 1268.90673828125,
        "peak_memory_reserved_mb": 1718.0,
        "baseline_memory_mb": 1209.7099609375,
        "injection_memory_mb": 1268.90673828125
      },
      "compute": {
        "num_attention_layers": 12,
        "num_attention_heads": 12,
        "sequence_length": 64,
        "batch_size": 2,
        "attention_flops": 0.0,
        "bounds_flops": 0.0
      },
      "extra": {}
    }
  }
}