{
  "exp_id": "gpt2_comprehensive_sweep_seed=3407_injection_layers=[3]_injection_bit=24_injection_location=q_injection_idx=(1, 9, 31, 62)",
  "num_runs": 1,
  "timestamp": "2025-10-14T18:22:15.744107",
  "baseline_loss": {
    "mean": 13.791719436645508,
    "std": 0.0,
    "min": 13.791719436645508,
    "max": 13.791719436645508
  },
  "injected_loss": {
    "mean": 13.791718482971191,
    "std": 0.0,
    "min": 13.791718482971191,
    "max": 13.791718482971191
  },
  "loss_diff": {
    "mean": -9.5367431640625e-07,
    "std": 0.0,
    "min": -9.5367431640625e-07,
    "max": -9.5367431640625e-07
  },
  "violation_detection": {
    "detection_rate": 0.0,
    "total_violations": 0,
    "avg_violations_per_run": 0.0
  }
}