{
  "exp_id": "gpt2_comprehensive_sweep_seed=123_injection_layers=[6]_injection_bit=31_injection_location=scores_injection_idx=(0, 3, 53, 43)",
  "run_id": 0,
  "timestamp": "2025-10-14T17:41:26.312982",
  "baseline_loss": 12.890384674072266,
  "injected_loss": 12.891901016235352,
  "loss_diff": 0.0015163421630859375,
  "bounds_valid": null,
  "violation_detected": true,
  "num_violations": 1,
  "violation_positions": [
    [
      6,
      [
        0,
        3,
        53
      ]
    ]
  ],
  "baseline_epsilon_stats": {
    "6": {
      "epsilon_mean": 7.864658355712891,
      "epsilon_std": 3.4537131786346436,
      "lower_mean": 0.852850615978241,
      "upper_mean": 17.020122528076172,
      "gamma_mean": 1.5244500637054443
    }
  },
  "injected_epsilon_stats": null,
  "injection_info": {
    "location": "scores",
    "idx": [
      0,
      3,
      53,
      43
    ],
    "bit": 31,
    "enabled": true,
    "multi_bit": false,
    "bit_list": null,
    "random_position": false,
    "injection_rate": 0.0
  },
  "extra_data": {
    "epsilon_analysis": [
      {
        "layer_idx": 6,
        "analysis": {
          "mean_diff": -0.0019821736495941877,
          "std_diff": 0.07768502086400986,
          "max_abs_diff": 3.044618606567383,
          "top_changes": [
            [
              [
                0,
                3,
                53
              ],
              {
                "baseline_epsilon": 3.816110610961914,
                "injected_epsilon": 0.7714920043945312,
                "epsilon_diff": -3.044618606567383,
                "abs_diff": 3.044618606567383
              },
              {
                "lower1": 0.5532214641571045,
                "middle": 3.1114463806152344,
                "upper": 16.938552856445312,
                "gamma": 4.0539164543151855
              }
            ]
          ]
        }
      }
    ],
    "performance": {
      "time": {
        "total_time": 0.018786907196044922,
        "baseline_forward_time": 0.0071392059326171875,
        "injection_forward_time": 0.006670475006103516,
        "bounds_computation_time": 0.0007932186126708984,
        "violation_detection_time": 0.0015265941619873047
      },
      "memory": {
        "peak_memory_allocated_mb": 1127.98583984375,
        "peak_memory_reserved_mb": 1676.0,
        "baseline_memory_mb": 1068.7890625,
        "injection_memory_mb": 1127.98583984375
      },
      "compute": {
        "num_attention_layers": 12,
        "num_attention_heads": 12,
        "sequence_length": 64,
        "batch_size": 2,
        "attention_flops": 0.0,
        "bounds_flops": 0.0
      },
      "extra": {}
    }
  }
}