{
  "exp_id": "gpt2_comprehensive_sweep_seed=42_injection_layers=[6]_injection_bit=0_injection_location=k_injection_idx=(0, 3, 53, 43)",
  "num_runs": 1,
  "timestamp": "2025-10-14T17:46:03.535262",
  "baseline_loss": {
    "mean": 8.564263343811035,
    "std": 0.0,
    "min": 8.564263343811035,
    "max": 8.564263343811035
  },
  "injected_loss": {
    "mean": 8.564265251159668,
    "std": 0.0,
    "min": 8.564265251159668,
    "max": 8.564265251159668
  },
  "loss_diff": {
    "mean": 1.9073486328125e-06,
    "std": 0.0,
    "min": 1.9073486328125e-06,
    "max": 1.9073486328125e-06
  },
  "violation_detection": {
    "detection_rate": 0.0,
    "total_violations": 0,
    "avg_violations_per_run": 0.0
  }
}