{
  "exp_id": "gpt2_comprehensive_sweep_seed=0_injection_layers=[9]_injection_bit=31_injection_location=scores_injection_idx=(1, 9, 31, 62)",
  "run_id": 0,
  "timestamp": "2025-10-14T20:38:56.798683",
  "baseline_loss": 8.462053298950195,
  "injected_loss": 8.462352752685547,
  "loss_diff": 0.0002994537353515625,
  "bounds_valid": null,
  "violation_detected": false,
  "num_violations": 0,
  "violation_positions": [],
  "baseline_epsilon_stats": {
    "9": {
      "epsilon_mean": 6.7392191886901855,
      "epsilon_std": 4.8921427726745605,
      "lower_mean": 0.5418864488601685,
      "upper_mean": 9.379467010498047,
      "gamma_mean": 0.2731764018535614
    }
  },
  "injected_epsilon_stats": null,
  "injection_info": {
    "location": "scores",
    "idx": [
      1,
      9,
      31,
      62
    ],
    "bit": 31,
    "enabled": true,
    "multi_bit": false,
    "bit_list": null,
    "random_position": false,
    "injection_rate": 0.0
  },
  "extra_data": {
    "epsilon_analysis": [
      {
        "layer_idx": 9,
        "analysis": {
          "mean_diff": -0.0011918179225176573,
          "std_diff": 0.04670952633023262,
          "max_abs_diff": 1.830632209777832,
          "top_changes": [
            [
              [
                1,
                9,
                31
              ],
              {
                "baseline_epsilon": 7.629380226135254,
                "injected_epsilon": 5.798748016357422,
                "epsilon_diff": -1.830632209777832,
                "abs_diff": 1.830632209777832
              },
              {
                "lower1": 0.7797984480857849,
                "middle": 0.9721701741218567,
                "upper": 18.457042694091797,
                "gamma": 0.21878886222839355
              }
            ]
          ]
        }
      }
    ],
    "performance": {
      "time": {
        "total_time": 0.0183718204498291,
        "baseline_forward_time": 0.007119655609130859,
        "injection_forward_time": 0.00638890266418457,
        "bounds_computation_time": 0.0007648468017578125,
        "violation_detection_time": 0.0015347003936767578
      },
      "memory": {
        "peak_memory_allocated_mb": 1218.095703125,
        "peak_memory_reserved_mb": 1632.0,
        "baseline_memory_mb": 1158.89892578125,
        "injection_memory_mb": 1218.095703125
      },
      "compute": {
        "num_attention_layers": 12,
        "num_attention_heads": 12,
        "sequence_length": 64,
        "batch_size": 2,
        "attention_flops": 0.0,
        "bounds_flops": 0.0
      },
      "extra": {}
    }
  }
}