{
  "exp_id": "gpt2_comprehensive_sweep_seed=0_injection_layers=[3]_injection_bit=6_injection_location=k_injection_idx=(1, 6, 32, 1)",
  "run_id": 0,
  "timestamp": "2025-12-12T06:59:22.975209",
  "baseline_loss": 13.791720390319824,
  "injected_loss": 13.791719436645508,
  "loss_diff": -9.5367431640625e-07,
  "bounds_valid": null,
  "violation_detected": false,
  "num_violations": 0,
  "violation_positions": [],
  "baseline_epsilon_stats": {
    "3": {
      "epsilon_mean": 6.302740097045898,
      "epsilon_std": 2.23594331741333,
      "lower_mean": 0.9555976390838623,
      "upper_mean": 17.05971336364746,
      "gamma_mean": 1.0718344449996948
    }
  },
  "injected_epsilon_stats": null,
  "injection_info": {
    "location": "k",
    "idx": [
      1,
      6,
      32,
      1
    ],
    "bit": 6,
    "enabled": true,
    "multi_bit": false,
    "bit_list": null,
    "random_position": false,
    "injection_rate": 0.0
  },
  "extra_data": {
    "epsilon_analysis": [
      {
        "layer_idx": 3,
        "analysis": {
          "mean_diff": 4.967053879312289e-09,
          "std_diff": 4.3540418914744805e-07,
          "max_abs_diff": 7.62939453125e-06,
          "top_changes": [
            [
              [
                1,
                6,
                4
              ],
              {
                "baseline_epsilon": 3.2575531005859375,
                "injected_epsilon": 3.2575607299804688,
                "epsilon_diff": 7.62939453125e-06,
                "abs_diff": 7.62939453125e-06
              },
              {
                "lower1": 0.004441653843969107,
                "middle": 0.008440001867711544,
                "upper": 18.457042694091797,
                "gamma": 0.0011110305786132812
              }
            ],
            [
              [
                1,
                6,
                2
              ],
              {
                "baseline_epsilon": 3.3750152587890625,
                "injected_epsilon": 3.3750228881835938,
                "epsilon_diff": 7.62939453125e-06,
                "abs_diff": 7.62939453125e-06
              },
              {
                "lower1": 0.012515455484390259,
                "middle": 0.023781949654221535,
                "upper": 18.457042694091797,
                "gamma": 0.0031337738037109375
              }
            ],
            [
              [
                1,
                6,
                6
              ],
              {
                "baseline_epsilon": 3.960723876953125,
                "injected_epsilon": 3.9607162475585938,
                "epsilon_diff": -7.62939453125e-06,
                "abs_diff": 7.62939453125e-06
              },
              {
                "lower1": 0.039034195244312286,
                "middle": 0.07367274165153503,
                "upper": 18.457042694091797,
                "gamma": 0.009806632995605469
              }
            ],
            [
              [
                1,
                6,
                17
              ],
              {
                "baseline_epsilon": 6.62677001953125,
                "injected_epsilon": 6.626762390136719,
                "epsilon_diff": -7.62939453125e-06,
                "abs_diff": 7.62939453125e-06
              },
              {
                "lower1": 0.8256902098655701,
                "middle": 1.4593167304992676,
                "upper": 18.457042694091797,
                "gamma": 0.23357868194580078
              }
            ],
            [
              [
                1,
                6,
                7
              ],
              {
                "baseline_epsilon": 5.207977294921875,
                "injected_epsilon": 5.207984924316406,
                "epsilon_diff": 7.62939453125e-06,
                "abs_diff": 7.62939453125e-06
              },
              {
                "lower1": 0.17122282087802887,
                "middle": 0.32265084981918335,
                "upper": 18.457042694091797,
                "gamma": 0.043763160705566406
              }
            ]
          ]
        }
      }
    ],
    "performance": {
      "time": {
        "total_time": 0.019228219985961914,
        "baseline_forward_time": 0.007226228713989258,
        "injection_forward_time": 0.006805419921875,
        "bounds_computation_time": 0.0007522106170654297,
        "violation_detection_time": 0.0018494129180908203
      },
      "memory": {
        "peak_memory_allocated_mb": 1389.30322265625,
        "peak_memory_reserved_mb": 1720.0,
        "baseline_memory_mb": 1330.1064453125,
        "injection_memory_mb": 1389.30322265625
      },
      "compute": {
        "num_attention_layers": 12,
        "num_attention_heads": 12,
        "sequence_length": 64,
        "batch_size": 2,
        "attention_flops": 0.0,
        "bounds_flops": 0.0
      },
      "extra": {}
    }
  }
}