{
  "exp_id": "gpt2_comprehensive_sweep_seed=42_injection_layers=[9]_injection_bit=31_injection_location=q_injection_idx=(1, 6, 32, 1)",
  "num_runs": 1,
  "timestamp": "2025-10-14T18:31:43.041053",
  "baseline_loss": {
    "mean": 8.801229476928711,
    "std": 0.0,
    "min": 8.801229476928711,
    "max": 8.801229476928711
  },
  "injected_loss": {
    "mean": 8.801226615905762,
    "std": 0.0,
    "min": 8.801226615905762,
    "max": 8.801226615905762
  },
  "loss_diff": {
    "mean": -2.86102294921875e-06,
    "std": 0.0,
    "min": -2.86102294921875e-06,
    "max": -2.86102294921875e-06
  },
  "violation_detection": {
    "detection_rate": 0.0,
    "total_violations": 0,
    "avg_violations_per_run": 0.0
  }
}