{
  "exp_id": "gpt2_comprehensive_sweep_seed=42_injection_layers=[3]_injection_bit=14_injection_location=q_injection_idx=(0, 0, 10, 20)",
  "run_id": 0,
  "timestamp": "2025-12-12T07:08:46.124967",
  "baseline_loss": 8.997109413146973,
  "injected_loss": 8.997109413146973,
  "loss_diff": 0.0,
  "bounds_valid": null,
  "violation_detected": false,
  "num_violations": 0,
  "violation_positions": [],
  "baseline_epsilon_stats": {
    "3": {
      "epsilon_mean": 4.6995015144348145,
      "epsilon_std": 4.219686031341553,
      "lower_mean": 0.4203936457633972,
      "upper_mean": 5.6145782470703125,
      "gamma_mean": 0.16137349605560303
    }
  },
  "injected_epsilon_stats": null,
  "injection_info": {
    "location": "q",
    "idx": [
      0,
      0,
      10,
      20
    ],
    "bit": 14,
    "enabled": true,
    "multi_bit": false,
    "bit_list": null,
    "random_position": false,
    "injection_rate": 0.0
  },
  "extra_data": {
    "epsilon_analysis": [
      {
        "layer_idx": 3,
        "analysis": {
          "mean_diff": -4.532436648219118e-08,
          "std_diff": 1.7763451296559651e-06,
          "max_abs_diff": 6.961822509765625e-05,
          "top_changes": [
            [
              [
                0,
                0,
                10
              ],
              {
                "baseline_epsilon": 8.368999481201172,
                "injected_epsilon": 8.368929862976074,
                "epsilon_diff": -6.961822509765625e-05,
                "abs_diff": 6.961822509765625e-05
              },
              {
                "lower1": 0.2089780569076538,
                "middle": 0.40849027037620544,
                "upper": 9.748132705688477,
                "gamma": 0.05368521809577942
              }
            ]
          ]
        }
      }
    ],
    "performance": {
      "time": {
        "total_time": 0.01845240592956543,
        "baseline_forward_time": 0.0071218013763427734,
        "injection_forward_time": 0.006563663482666016,
        "bounds_computation_time": 0.0007386207580566406,
        "violation_detection_time": 0.001461029052734375
      },
      "memory": {
        "peak_memory_allocated_mb": 1279.1689453125,
        "peak_memory_reserved_mb": 1786.0,
        "baseline_memory_mb": 1219.97216796875,
        "injection_memory_mb": 1279.1689453125
      },
      "compute": {
        "num_attention_layers": 12,
        "num_attention_heads": 12,
        "sequence_length": 64,
        "batch_size": 2,
        "attention_flops": 0.0,
        "bounds_flops": 0.0
      },
      "extra": {}
    }
  }
}