{
  "exp_id": "gpt2_comprehensive_sweep_seed=3407_injection_layers=[0]_injection_bit=30_injection_location=k_injection_idx=(0, 0, 10, 20)",
  "num_runs": 1,
  "timestamp": "2025-10-14T18:25:46.609885",
  "baseline_loss": {
    "mean": 10.27547836303711,
    "std": 0.0,
    "min": 10.27547836303711,
    "max": 10.27547836303711
  },
  "injected_loss": {
    "mean": 10.278874397277832,
    "std": 0.0,
    "min": 10.278874397277832,
    "max": 10.278874397277832
  },
  "loss_diff": {
    "mean": 0.0033960342407226562,
    "std": 0.0,
    "min": 0.0033960342407226562,
    "max": 0.0033960342407226562
  },
  "violation_detection": {
    "detection_rate": 1.0,
    "total_violations": 6,
    "avg_violations_per_run": 6.0
  }
}