{
  "exp_id": "gpt2_comprehensive_sweep_seed=3407_injection_layers=[6]_injection_bit=25_injection_location=k_injection_idx=(0, 3, 53, 43)",
  "num_runs": 1,
  "timestamp": "2025-12-12T07:22:14.197875",
  "baseline_loss": {
    "mean": 8.564264297485352,
    "std": 0.0,
    "min": 8.564264297485352,
    "max": 8.564264297485352
  },
  "injected_loss": {
    "mean": 8.564139366149902,
    "std": 0.0,
    "min": 8.564139366149902,
    "max": 8.564139366149902
  },
  "loss_diff": {
    "mean": -0.00012493133544921875,
    "std": 0.0,
    "min": -0.00012493133544921875,
    "max": -0.00012493133544921875
  },
  "violation_detection": {
    "detection_rate": 1.0,
    "total_violations": 1,
    "avg_violations_per_run": 1.0
  }
}