{
  "exp_id": "gpt2_comprehensive_sweep_seed=0_injection_layers=[6]_injection_bit=7_injection_location=k_injection_idx=(1, 6, 32, 1)",
  "run_id": 0,
  "timestamp": "2025-10-14T18:31:24.198490",
  "baseline_loss": 8.242022514343262,
  "injected_loss": 8.242022514343262,
  "loss_diff": 0.0,
  "bounds_valid": null,
  "violation_detected": false,
  "num_violations": 0,
  "violation_positions": [],
  "baseline_epsilon_stats": {
    "6": {
      "epsilon_mean": 6.548065185546875,
      "epsilon_std": 3.726759433746338,
      "lower_mean": 0.3866293430328369,
      "upper_mean": 13.199361801147461,
      "gamma_mean": 0.11128012835979462
    }
  },
  "injected_epsilon_stats": null,
  "injection_info": {
    "location": "k",
    "idx": [
      1,
      6,
      32,
      1
    ],
    "bit": 7,
    "enabled": true,
    "multi_bit": false,
    "bit_list": null,
    "random_position": false,
    "injection_rate": 0.0
  },
  "extra_data": {
    "epsilon_analysis": [
      {
        "layer_idx": 6,
        "analysis": {
          "mean_diff": 0.0,
          "std_diff": 3.442396590003227e-08,
          "max_abs_diff": 9.5367431640625e-07,
          "top_changes": [
            [
              [
                1,
                6,
                42
              ],
              {
                "baseline_epsilon": 13.079960823059082,
                "injected_epsilon": 13.079961776733398,
                "epsilon_diff": 9.5367431640625e-07,
                "abs_diff": 9.5367431640625e-07
              },
              {
                "lower1": 0.31991246342658997,
                "middle": 0.5881853699684143,
                "upper": 18.457042694091797,
                "gamma": 0.0834587812423706
              }
            ],
            [
              [
                1,
                6,
                21
              ],
              {
                "baseline_epsilon": 10.049614906311035,
                "injected_epsilon": 10.049613952636719,
                "epsilon_diff": -9.5367431640625e-07,
                "abs_diff": 9.5367431640625e-07
              },
              {
                "lower1": 0.41056153178215027,
                "middle": 0.7945808172225952,
                "upper": 16.46336555480957,
                "gamma": 0.10852324962615967
              }
            ]
          ]
        }
      }
    ],
    "performance": {
      "time": {
        "total_time": 0.018492460250854492,
        "baseline_forward_time": 0.007175445556640625,
        "injection_forward_time": 0.0064618587493896484,
        "bounds_computation_time": 0.0007603168487548828,
        "violation_detection_time": 0.0015594959259033203
      },
      "memory": {
        "peak_memory_allocated_mb": 1358.2666015625,
        "peak_memory_reserved_mb": 1632.0,
        "baseline_memory_mb": 1299.06982421875,
        "injection_memory_mb": 1358.2666015625
      },
      "compute": {
        "num_attention_layers": 12,
        "num_attention_heads": 12,
        "sequence_length": 64,
        "batch_size": 2,
        "attention_flops": 0.0,
        "bounds_flops": 0.0
      },
      "extra": {}
    }
  }
}