{
  "exp_id": "gpt2_comprehensive_sweep_seed=3407_injection_layers=[0]_injection_bit=24_injection_location=k_injection_idx=(1, 6, 32, 1)",
  "num_runs": 1,
  "timestamp": "2025-10-14T18:22:09.282869",
  "baseline_loss": {
    "mean": 13.588921546936035,
    "std": 0.0,
    "min": 13.588921546936035,
    "max": 13.588921546936035
  },
  "injected_loss": {
    "mean": 13.58970832824707,
    "std": 0.0,
    "min": 13.58970832824707,
    "max": 13.58970832824707
  },
  "loss_diff": {
    "mean": 0.0007867813110351562,
    "std": 0.0,
    "min": 0.0007867813110351562,
    "max": 0.0007867813110351562
  },
  "violation_detection": {
    "detection_rate": 1.0,
    "total_violations": 4,
    "avg_violations_per_run": 4.0
  }
}