{
  "exp_id": "gpt2_comprehensive_sweep_seed=42_injection_layers=[0]_injection_bit=7_injection_location=weights_injection_idx=(1, 6, 32, 1)",
  "num_runs": 1,
  "timestamp": "2025-10-14T18:31:30.503969",
  "baseline_loss": {
    "mean": 6.073779106140137,
    "std": 0.0,
    "min": 6.073779106140137,
    "max": 6.073779106140137
  },
  "injected_loss": {
    "mean": 6.073779582977295,
    "std": 0.0,
    "min": 6.073779582977295,
    "max": 6.073779582977295
  },
  "loss_diff": {
    "mean": 4.76837158203125e-07,
    "std": 0.0,
    "min": 4.76837158203125e-07,
    "max": 4.76837158203125e-07
  },
  "violation_detection": {
    "detection_rate": 0.0,
    "total_violations": 0,
    "avg_violations_per_run": 0.0
  }
}