{
  "exp_id": "gpt2_comprehensive_sweep_seed=0_injection_layers=[3]_injection_bit=30_injection_location=k_injection_idx=(1, 9, 31, 62)",
  "num_runs": 1,
  "timestamp": "2025-12-12T07:07:21.990292",
  "baseline_loss": {
    "mean": 8.997109413146973,
    "std": 0.0,
    "min": 8.997109413146973,
    "max": 8.997109413146973
  },
  "injected_loss": {
    "mean": 9.003931999206543,
    "std": 0.0,
    "min": 9.003931999206543,
    "max": 9.003931999206543
  },
  "loss_diff": {
    "mean": 0.0068225860595703125,
    "std": 0.0,
    "min": 0.0068225860595703125,
    "max": 0.0068225860595703125
  },
  "violation_detection": {
    "detection_rate": 1.0,
    "total_violations": 4,
    "avg_violations_per_run": 4.0
  }
}