{
  "exp_id": "gpt2_comprehensive_sweep_seed=0_injection_layers=[3]_injection_bit=14_injection_location=scores_injection_idx=(0, 0, 10, 20)",
  "run_id": 0,
  "timestamp": "2025-12-12T07:07:09.868280",
  "baseline_loss": 8.997109413146973,
  "injected_loss": 8.997109413146973,
  "loss_diff": 0.0,
  "bounds_valid": null,
  "violation_detected": false,
  "num_violations": 0,
  "violation_positions": [],
  "baseline_epsilon_stats": {
    "3": {
      "epsilon_mean": 4.6995015144348145,
      "epsilon_std": 4.219686031341553,
      "lower_mean": 0.4203936457633972,
      "upper_mean": 5.6145782470703125,
      "gamma_mean": 0.16137349605560303
    }
  },
  "injected_epsilon_stats": null,
  "injection_info": {
    "location": "scores",
    "idx": [
      0,
      0,
      10,
      20
    ],
    "bit": 14,
    "enabled": true,
    "multi_bit": false,
    "bit_list": null,
    "random_position": false,
    "injection_rate": 0.0
  },
  "extra_data": {
    "epsilon_analysis": [
      {
        "layer_idx": 3,
        "analysis": {
          "mean_diff": 7.015963632284183e-08,
          "std_diff": 2.749684654190787e-06,
          "max_abs_diff": 0.00010776519775390625,
          "top_changes": [
            [
              [
                0,
                0,
                10
              ],
              {
                "baseline_epsilon": 8.368999481201172,
                "injected_epsilon": 8.369107246398926,
                "epsilon_diff": 0.00010776519775390625,
                "abs_diff": 0.00010776519775390625
              },
              {
                "lower1": 0.2089780569076538,
                "middle": 0.40849027037620544,
                "upper": 9.748132705688477,
                "gamma": 0.05368521809577942
              }
            ]
          ]
        }
      }
    ],
    "performance": {
      "time": {
        "total_time": 0.018288850784301758,
        "baseline_forward_time": 0.007079362869262695,
        "injection_forward_time": 0.006522417068481445,
        "bounds_computation_time": 0.0007319450378417969,
        "violation_detection_time": 0.0014133453369140625
      },
      "memory": {
        "peak_memory_allocated_mb": 1359.2666015625,
        "peak_memory_reserved_mb": 1720.0,
        "baseline_memory_mb": 1300.06982421875,
        "injection_memory_mb": 1359.2666015625
      },
      "compute": {
        "num_attention_layers": 12,
        "num_attention_heads": 12,
        "sequence_length": 64,
        "batch_size": 2,
        "attention_flops": 0.0,
        "bounds_flops": 0.0
      },
      "extra": {}
    }
  }
}