{
  "exp_id": "gpt2_comprehensive_sweep_seed=3407_injection_layers=[6]_injection_bit=30_injection_location=weights_injection_idx=(0, 3, 53, 43)",
  "num_runs": 1,
  "timestamp": "2025-12-12T07:13:17.795806",
  "baseline_loss": {
    "mean": 8.564264297485352,
    "std": 0.0,
    "min": 8.564264297485352,
    "max": 8.564264297485352
  },
  "injected_loss": {
    "mean": 8.556107521057129,
    "std": 0.0,
    "min": 8.556107521057129,
    "max": 8.556107521057129
  },
  "loss_diff": {
    "mean": -0.008156776428222656,
    "std": 0.0,
    "min": -0.008156776428222656,
    "max": -0.008156776428222656
  },
  "violation_detection": {
    "detection_rate": 1.0,
    "total_violations": 1,
    "avg_violations_per_run": 1.0
  }
}