{
  "exp_id": "gpt2_comprehensive_sweep_seed=123_injection_layers=[3]_injection_bit=26_injection_location=k_injection_idx=(1, 6, 32, 1)",
  "num_runs": 1,
  "timestamp": "2025-12-12T07:02:34.325686",
  "baseline_loss": {
    "mean": 13.791720390319824,
    "std": 0.0,
    "min": 13.791720390319824,
    "max": 13.791720390319824
  },
  "injected_loss": {
    "mean": 13.793379783630371,
    "std": 0.0,
    "min": 13.793379783630371,
    "max": 13.793379783630371
  },
  "loss_diff": {
    "mean": 0.001659393310546875,
    "std": 0.0,
    "min": 0.001659393310546875,
    "max": 0.001659393310546875
  },
  "violation_detection": {
    "detection_rate": 1.0,
    "total_violations": 35,
    "avg_violations_per_run": 35.0
  }
}