{
  "exp_id": "gpt2_comprehensive_sweep_seed=123_injection_layers=[9]_injection_bit=23_injection_location=k_injection_idx=(1, 9, 31, 62)",
  "num_runs": 1,
  "timestamp": "2025-12-12T07:03:14.860117",
  "baseline_loss": {
    "mean": 13.721663475036621,
    "std": 0.0,
    "min": 13.721663475036621,
    "max": 13.721663475036621
  },
  "injected_loss": {
    "mean": 13.721770286560059,
    "std": 0.0,
    "min": 13.721770286560059,
    "max": 13.721770286560059
  },
  "loss_diff": {
    "mean": 0.0001068115234375,
    "std": 0.0,
    "min": 0.0001068115234375,
    "max": 0.0001068115234375
  },
  "violation_detection": {
    "detection_rate": 0.0,
    "total_violations": 0,
    "avg_violations_per_run": 0.0
  }
}