{
  "exp_id": "gpt2_comprehensive_sweep_seed=42_injection_layers=[3]_injection_bit=19_injection_location=weights_injection_idx=(1, 9, 31, 62)",
  "run_id": 0,
  "timestamp": "2025-12-12T07:08:49.631385",
  "baseline_loss": 8.997109413146973,
  "injected_loss": 8.997111320495605,
  "loss_diff": 1.9073486328125e-06,
  "bounds_valid": null,
  "violation_detected": false,
  "num_violations": 0,
  "violation_positions": [],
  "baseline_epsilon_stats": {
    "3": {
      "epsilon_mean": 4.6995015144348145,
      "epsilon_std": 4.219686031341553,
      "lower_mean": 0.4203936457633972,
      "upper_mean": 5.6145782470703125,
      "gamma_mean": 0.16137349605560303
    }
  },
  "injected_epsilon_stats": null,
  "injection_info": {
    "location": "weights",
    "idx": [
      1,
      9,
      31,
      62
    ],
    "bit": 19,
    "enabled": true,
    "multi_bit": false,
    "bit_list": null,
    "random_position": false,
    "injection_rate": 0.0
  },
  "extra_data": {
    "epsilon_analysis": [
      {
        "layer_idx": 3,
        "analysis": {
          "mean_diff": -6.46493106160051e-07,
          "std_diff": 2.5337250917800702e-05,
          "max_abs_diff": 0.0009930133819580078,
          "top_changes": [
            [
              [
                1,
                9,
                31
              ],
              {
                "baseline_epsilon": 0.6146464347839355,
                "injected_epsilon": 0.6136534214019775,
                "epsilon_diff": -0.0009930133819580078,
                "abs_diff": 0.0009930133819580078
              },
              {
                "lower1": 0.000405767816118896,
                "middle": 0.0007977315690368414,
                "upper": 0.8266172409057617,
                "gamma": 0.00010144710540771484
              }
            ]
          ]
        }
      }
    ],
    "performance": {
      "time": {
        "total_time": 0.01839900016784668,
        "baseline_forward_time": 0.0071218013763427734,
        "injection_forward_time": 0.006546735763549805,
        "bounds_computation_time": 0.0007393360137939453,
        "violation_detection_time": 0.0014319419860839844
      },
      "memory": {
        "peak_memory_allocated_mb": 1119.7236328125,
        "peak_memory_reserved_mb": 1786.0,
        "baseline_memory_mb": 1060.52685546875,
        "injection_memory_mb": 1119.7236328125
      },
      "compute": {
        "num_attention_layers": 12,
        "num_attention_heads": 12,
        "sequence_length": 64,
        "batch_size": 2,
        "attention_flops": 0.0,
        "bounds_flops": 0.0
      },
      "extra": {}
    }
  }
}