{
  "exp_id": "gpt2_comprehensive_sweep_seed=123_injection_layers=[9]_injection_bit=25_injection_location=q_injection_idx=(1, 6, 32, 1)",
  "run_id": 0,
  "timestamp": "2025-12-12T07:03:15.846351",
  "baseline_loss": 13.721663475036621,
  "injected_loss": 13.721714973449707,
  "loss_diff": 5.14984130859375e-05,
  "bounds_valid": null,
  "violation_detected": false,
  "num_violations": 0,
  "violation_positions": [],
  "baseline_epsilon_stats": {
    "9": {
      "epsilon_mean": 10.922141075134277,
      "epsilon_std": 4.307835578918457,
      "lower_mean": 1.0468783378601074,
      "upper_mean": 16.82538414001465,
      "gamma_mean": 2.1429390907287598
    }
  },
  "injected_epsilon_stats": null,
  "injection_info": {
    "location": "q",
    "idx": [
      1,
      6,
      32,
      1
    ],
    "bit": 25,
    "enabled": true,
    "multi_bit": false,
    "bit_list": null,
    "random_position": false,
    "injection_rate": 0.0
  },
  "extra_data": {
    "epsilon_analysis": [
      {
        "layer_idx": 9,
        "analysis": {
          "mean_diff": 0.0007447153329849243,
          "std_diff": 0.029186761006712914,
          "max_abs_diff": 1.1438827514648438,
          "top_changes": [
            [
              [
                1,
                6,
                32
              ],
              {
                "baseline_epsilon": 9.039690017700195,
                "injected_epsilon": 10.183572769165039,
                "epsilon_diff": 1.1438827514648438,
                "abs_diff": 1.1438827514648438
              },
              {
                "lower1": 0.3000466525554657,
                "middle": 8.288954734802246,
                "upper": 12.781769752502441,
                "gamma": 4.855647087097168
              }
            ]
          ]
        }
      }
    ],
    "performance": {
      "time": {
        "total_time": 0.01856207847595215,
        "baseline_forward_time": 0.0071887969970703125,
        "injection_forward_time": 0.006598711013793945,
        "bounds_computation_time": 0.0007491111755371094,
        "violation_detection_time": 0.0014414787292480469
      },
      "memory": {
        "peak_memory_allocated_mb": 1259.14453125,
        "peak_memory_reserved_mb": 1830.0,
        "baseline_memory_mb": 1199.94775390625,
        "injection_memory_mb": 1259.14453125
      },
      "compute": {
        "num_attention_layers": 12,
        "num_attention_heads": 12,
        "sequence_length": 64,
        "batch_size": 2,
        "attention_flops": 0.0,
        "bounds_flops": 0.0
      },
      "extra": {}
    }
  }
}