{
  "exp_id": "gpt2_comprehensive_sweep_seed=0_injection_layers=[6]_injection_bit=24_injection_location=scores_injection_idx=(1, 6, 32, 1)",
  "num_runs": 1,
  "timestamp": "2025-12-12T07:07:39.297839",
  "baseline_loss": {
    "mean": 8.564264297485352,
    "std": 0.0,
    "min": 8.564264297485352,
    "max": 8.564264297485352
  },
  "injected_loss": {
    "mean": 8.564257621765137,
    "std": 0.0,
    "min": 8.564257621765137,
    "max": 8.564257621765137
  },
  "loss_diff": {
    "mean": -6.67572021484375e-06,
    "std": 0.0,
    "min": -6.67572021484375e-06,
    "max": -6.67572021484375e-06
  },
  "violation_detection": {
    "detection_rate": 0.0,
    "total_violations": 0,
    "avg_violations_per_run": 0.0
  }
}