{
  "exp_id": "gpt2_comprehensive_sweep_seed=42_injection_layers=[9]_injection_bit=16_injection_location=k_injection_idx=(1, 6, 32, 1)",
  "run_id": 0,
  "timestamp": "2025-12-12T07:01:41.127999",
  "baseline_loss": 13.721663475036621,
  "injected_loss": 13.721662521362305,
  "loss_diff": -9.5367431640625e-07,
  "bounds_valid": null,
  "violation_detected": false,
  "num_violations": 0,
  "violation_positions": [],
  "baseline_epsilon_stats": {
    "9": {
      "epsilon_mean": 10.922141075134277,
      "epsilon_std": 4.307835578918457,
      "lower_mean": 1.0468783378601074,
      "upper_mean": 16.82538414001465,
      "gamma_mean": 2.1429390907287598
    }
  },
  "injected_epsilon_stats": null,
  "injection_info": {
    "location": "k",
    "idx": [
      1,
      6,
      32,
      1
    ],
    "bit": 16,
    "enabled": true,
    "multi_bit": false,
    "bit_list": null,
    "random_position": false,
    "injection_rate": 0.0
  },
  "extra_data": {
    "epsilon_analysis": [
      {
        "layer_idx": 9,
        "analysis": {
          "mean_diff": -1.8831342458724976e-06,
          "std_diff": 1.20422891995986e-05,
          "max_abs_diff": 9.72747802734375e-05,
          "top_changes": [
            [
              [
                1,
                6,
                7
              ],
              {
                "baseline_epsilon": 8.273258209228516,
                "injected_epsilon": 8.273355484008789,
                "epsilon_diff": 9.72747802734375e-05,
                "abs_diff": 9.72747802734375e-05
              },
              {
                "lower1": 1.9731882810592651,
                "middle": 5.991460800170898,
                "upper": 13.684141159057617,
                "gamma": 0.7902476787567139
              }
            ],
            [
              [
                1,
                6,
                1
              ],
              {
                "baseline_epsilon": 6.704265594482422,
                "injected_epsilon": 6.704341888427734,
                "epsilon_diff": 7.62939453125e-05,
                "abs_diff": 7.62939453125e-05
              },
              {
                "lower1": 1.5638489723205566,
                "middle": 4.0300703048706055,
                "upper": 11.315298080444336,
                "gamma": 0.526395320892334
              }
            ],
            [
              [
                1,
                6,
                4
              ],
              {
                "baseline_epsilon": 4.553234100341797,
                "injected_epsilon": 4.553306579589844,
                "epsilon_diff": 7.2479248046875e-05,
                "abs_diff": 7.2479248046875e-05
              },
              {
                "lower1": 0.0804072692990303,
                "middle": 0.15649990737438202,
                "upper": 11.926736831665039,
                "gamma": 0.02030801773071289
              }
            ],
            [
              [
                1,
                6,
                27
              ],
              {
                "baseline_epsilon": 10.107353210449219,
                "injected_epsilon": 10.107280731201172,
                "epsilon_diff": -7.2479248046875e-05,
                "abs_diff": 7.2479248046875e-05
              },
              {
                "lower1": 0.34114471077919006,
                "middle": 9.280740737915039,
                "upper": 13.745776176452637,
                "gamma": 4.691514492034912
              }
            ],
            [
              [
                1,
                6,
                29
              ],
              {
                "baseline_epsilon": 9.66691780090332,
                "injected_epsilon": 9.666847229003906,
                "epsilon_diff": -7.05718994140625e-05,
                "abs_diff": 7.05718994140625e-05
              },
              {
                "lower1": 0.32390135526657104,
                "middle": 8.870660781860352,
                "upper": 13.35827350616455,
                "gamma": 4.758049964904785
              }
            ],
            [
              [
                1,
                6,
                26
              ],
              {
                "baseline_epsilon": 10.32693862915039,
                "injected_epsilon": 10.326868057250977,
                "epsilon_diff": -7.05718994140625e-05,
                "abs_diff": 7.05718994140625e-05
              },
              {
                "lower1": 0.34941402077674866,
                "middle": 9.488327980041504,
                "upper": 13.923330307006836,
                "gamma": 4.660686492919922
              }
            ],
            [
              [
                1,
                6,
                36
              ],
              {
                "baseline_epsilon": 8.228019714355469,
                "injected_epsilon": 8.227949142456055,
                "epsilon_diff": -7.05718994140625e-05,
                "abs_diff": 7.05718994140625e-05
              },
              {
                "lower1": 0.2690851390361786,
                "middle": 7.544914245605469,
                "upper": 11.958328247070312,
                "gamma": 4.99355936050415
              }
            ],
            [
              [
                1,
                6,
                25
              ],
              {
                "baseline_epsilon": 10.560522079467773,
                "injected_epsilon": 10.56045150756836,
                "epsilon_diff": -7.05718994140625e-05,
                "abs_diff": 7.05718994140625e-05
              },
              {
                "lower1": 0.3585996925830841,
                "middle": 9.708274841308594,
                "upper": 14.114483833312988,
                "gamma": 4.627209663391113
              }
            ],
            [
              [
                1,
                6,
                6
              ],
              {
                "baseline_epsilon": 3.2498321533203125,
                "injected_epsilon": 3.2499027252197266,
                "epsilon_diff": 7.05718994140625e-05,
                "abs_diff": 7.05718994140625e-05
              },
              {
                "lower1": 0.04543336108326912,
                "middle": 0.08878158032894135,
                "upper": 9.287006378173828,
                "gamma": 0.011423587799072266
              }
            ],
            [
              [
                1,
                6,
                5
              ],
              {
                "baseline_epsilon": 3.2722091674804688,
                "injected_epsilon": 3.27227783203125,
                "epsilon_diff": 6.866455078125e-05,
                "abs_diff": 6.866455078125e-05
              },
              {
                "lower1": 0.04834923520684242,
                "middle": 0.09451891481876373,
                "upper": 8.79243278503418,
                "gamma": 0.0121612548828125
              }
            ],
            [
              [
                1,
                6,
                28
              ],
              {
                "baseline_epsilon": 9.89204216003418,
                "injected_epsilon": 9.891973495483398,
                "epsilon_diff": -6.866455078125e-05,
                "abs_diff": 6.866455078125e-05
              },
              {
                "lower1": 0.33279702067375183,
                "middle": 9.079408645629883,
                "upper": 13.561144828796387,
                "gamma": 4.723332405090332
              }
            ],
            [
              [
                1,
                6,
                30
              ],
              {
                "baseline_epsilon": 9.457719802856445,
                "injected_epsilon": 9.457651138305664,
                "epsilon_diff": -6.866455078125e-05,
                "abs_diff": 6.866455078125e-05
              },
              {
                "lower1": 0.31604674458503723,