{
  "exp_id": "gpt2_comprehensive_sweep_seed=42_injection_layers=[9]_injection_bit=23_injection_location=scores_injection_idx=(1, 6, 32, 1)",
  "num_runs": 1,
  "timestamp": "2025-10-14T18:31:42.134118",
  "baseline_loss": {
    "mean": 8.801229476928711,
    "std": 0.0,
    "min": 8.801229476928711,
    "max": 8.801229476928711
  },
  "injected_loss": {
    "mean": 8.801225662231445,
    "std": 0.0,
    "min": 8.801225662231445,
    "max": 8.801225662231445
  },
  "loss_diff": {
    "mean": -3.814697265625e-06,
    "std": 0.0,
    "min": -3.814697265625e-06,
    "max": -3.814697265625e-06
  },
  "violation_detection": {
    "detection_rate": 0.0,
    "total_violations": 0,
    "avg_violations_per_run": 0.0
  }
}