{
  "exp_id": "gpt2_comprehensive_sweep_seed=123_injection_layers=[3]_injection_bit=25_injection_location=k_injection_idx=(0, 0, 10, 20)",
  "run_id": 0,
  "timestamp": "2025-10-14T18:15:50.201849",
  "baseline_loss": 8.997108459472656,
  "injected_loss": 8.997016906738281,
  "loss_diff": -9.1552734375e-05,
  "bounds_valid": null,
  "violation_detected": false,
  "num_violations": 0,
  "violation_positions": [],
  "baseline_epsilon_stats": {
    "3": {
      "epsilon_mean": 4.6995015144348145,
      "epsilon_std": 4.219686508178711,
      "lower_mean": 0.4203936457633972,
      "upper_mean": 5.6145782470703125,
      "gamma_mean": 0.16137349605560303
    }
  },
  "injected_epsilon_stats": null,
  "injection_info": {
    "location": "k",
    "idx": [
      0,
      0,
      10,
      20
    ],
    "bit": 25,
    "enabled": true,
    "multi_bit": false,
    "bit_list": null,
    "random_position": false,
    "injection_rate": 0.0
  },
  "extra_data": {
    "epsilon_analysis": [
      {
        "layer_idx": 3,
        "analysis": {
          "mean_diff": -0.00028646024293266237,
          "std_diff": 0.0013924338854849339,
          "max_abs_diff": 0.007846832275390625,
          "top_changes": [
            [
              [
                0,
                0,
                60
              ],
              {
                "baseline_epsilon": 10.643903732299805,
                "injected_epsilon": 10.636056900024414,
                "epsilon_diff": -0.007846832275390625,
                "abs_diff": 0.007846832275390625
              },
              {
                "lower1": 0.3290746808052063,
                "middle": 0.6389644145965576,
                "upper": 13.202434539794922,
                "gamma": 0.08596104383468628
              }
            ],
            [
              [
                0,
                0,
                62
              ],
              {
                "baseline_epsilon": 10.70683479309082,
                "injected_epsilon": 10.699003219604492,
                "epsilon_diff": -0.007831573486328125,
                "abs_diff": 0.007831573486328125
              },
              {
                "lower1": 0.33230701088905334,
                "middle": 0.6449609398841858,
                "upper": 13.316638946533203,
                "gamma": 0.08684545755386353
              }
            ],
            [
              [
                0,
                0,
                61
              ],
              {
                "baseline_epsilon": 10.675363540649414,
                "injected_epsilon": 10.667533874511719,
                "epsilon_diff": -0.007829666137695312,
                "abs_diff": 0.007829666137695312
              },
              {
                "lower1": 0.33009791374206543,
                "middle": 0.6407610774040222,
                "upper": 13.258743286132812,
                "gamma": 0.08624091744422913
              }
            ],
            [
              [
                0,
                0,
                63
              ],
              {
                "baseline_epsilon": 10.718515396118164,
                "injected_epsilon": 10.710701942443848,
                "epsilon_diff": -0.007813453674316406,
                "abs_diff": 0.007813453674316406
              },
              {
                "lower1": 0.3335910141468048,
                "middle": 0.6474663019180298,
                "upper": 13.33698558807373,
                "gamma": 0.08719700574874878
              }
            ],
            [
              [
                0,
                0,
                59
              ],
              {
                "baseline_epsilon": 10.614455223083496,
                "injected_epsilon": 10.606654167175293,
                "epsilon_diff": -0.007801055908203125,
                "abs_diff": 0.007801055908203125
              },
              {
                "lower1": 0.32676419615745544,
                "middle": 0.6345227360725403,
                "upper": 13.151884078979492,
                "gamma": 0.08532938361167908
              }
            ],
            [
              [
                0,
                0,
                57
              ],
              {
                "baseline_epsilon": 10.560005187988281,
                "injected_epsilon": 10.552207946777344,
                "epsilon_diff": -0.0077972412109375,
                "abs_diff": 0.0077972412109375
              },
              {
                "lower1": 0.32304251194000244,
                "middle": 0.6274281144142151,
                "upper": 13.056737899780273,
                "gamma": 0.08431285619735718
              }
            ],
            [
              [
                0,
                0,
                58
              ],
              {
                "baseline_epsilon": 10.579504013061523,
                "injected_epsilon": 10.571722030639648,
                "epsilon_diff": -0.007781982421875,
                "abs_diff": 0.007781982421875
              },
              {
                "lower1": 0.3239429295063019,
                "middle": 0.6290854215621948,
                "upper": 13.092622756958008,
                "gamma": 0.08455869555473328
              }
            ],
            [
              [
                0,
                0,
                56
              ],
              {
                "baseline_epsilon": 10.52676773071289,
                "injected_epsilon": 10.518991470336914,
                "epsilon_diff": -0.0077762603759765625,
                "abs_diff": 0.0077762603759765625
              },
              {
                "lower1": 0.3208667039871216,
                "middle": 0.6232858896255493,
                "upper": 12.999662399291992,
                "gamma": 0.08371907472610474
              }
            ],
            [
              [
                0,
                0,
                53
              ],
              {
                "baseline_epsilon": 10.433623313903809,
                "injected_epsilon": 10.425890922546387,
                "epsilon_diff": -0.007732391357421875,
                "abs_diff": 0.007732391357421875
              },
              {
                "lower1": 0.313493549823761,
                "middle": 0.609062671661377,
                "upper": 12.843100547790527,
                "gamma": 0.08170977234840393
              }
            ],
            [
              [
                0,
                0,
                55
              ],
              {
                "baseline_epsilon": 10.504104614257812,
                "injected_epsilon": 10.496374130249023,
                "epsilon_diff": -0.0077304840087890625,
                "abs_diff": 0.0077304840087890625
              },
              {
                "lower1": 0.3183812201023102,
                "middle": 0.6184170842170715,
                "upper": 12.963294982910156,
                "gamma": 0.083041250705719
              }
            ],
            [
              [
                0,
                0,
                54
              ],
              {
                "baseline_epsilon": 10.462158203125,
                "injected_epsilon": 10.454435348510742,
                "epsilon_diff": -0.0077228546142578125,
                "abs_diff": 0.0077228546142578125
              },
              {
                "lower1": 0.31627458333969116,
                "middle": 0.6144823431968689,
                "upper": 12.89091682434082,
                "gamma": 0.08246713876724243
              }
            ],
            [
              [
                0,
                0,
                52
              ],
              {
                "baseline_epsilon": 10.392995834350586,
                "injected_epsilon": 10.385292053222656,
                "epsilon_diff": -0.0077037811279296875,