{
  "exp_id": "gpt2_comprehensive_sweep_seed=0_injection_layers=[6]_injection_bit=20_injection_location=k_injection_idx=(0, 0, 10, 20)",
  "run_id": 0,
  "timestamp": "2025-12-12T06:59:54.036048",
  "baseline_loss": 12.89038372039795,
  "injected_loss": 12.890384674072266,
  "loss_diff": 9.5367431640625e-07,
  "bounds_valid": null,
  "violation_detected": false,
  "num_violations": 0,
  "violation_positions": [],
  "baseline_epsilon_stats": {
    "6": {
      "epsilon_mean": 7.864658355712891,
      "epsilon_std": 3.4537131786346436,
      "lower_mean": 0.852850615978241,
      "upper_mean": 17.020122528076172,
      "gamma_mean": 1.5244500637054443
    }
  },
  "injected_epsilon_stats": null,
  "injection_info": {
    "location": "k",
    "idx": [
      0,
      0,
      10,
      20
    ],
    "bit": 20,
    "enabled": true,
    "multi_bit": false,
    "bit_list": null,
    "random_position": false,
    "injection_rate": 0.0
  },
  "extra_data": {
    "epsilon_analysis": [
      {
        "layer_idx": 6,
        "analysis": {
          "mean_diff": 2.918144161867531e-07,
          "std_diff": 1.0020025001722388e-05,
          "max_abs_diff": 0.00039196014404296875,
          "top_changes": [
            [
              [
                0,
                0,
                0
              ],
              {
                "baseline_epsilon": 0.4633979797363281,
                "injected_epsilon": 0.4637899398803711,
                "epsilon_diff": 0.00039196014404296875,
                "abs_diff": 0.00039196014404296875
              },
              {
                "lower1": 0.0012290971353650093,
                "middle": 0.0024176943115890026,
                "upper": 0.5406017303466797,
                "gamma": 0.00030732154846191406
              }
            ],
            [
              [
                0,
                0,
                1
              ],
              {
                "baseline_epsilon": 5.153171539306641,
                "injected_epsilon": 5.153186798095703,
                "epsilon_diff": 1.52587890625e-05,
                "abs_diff": 1.52587890625e-05
              },
              {
                "lower1": 0.13204586505889893,
                "middle": 0.2526937425136566,
                "upper": 18.457042694091797,
                "gamma": 0.03357505798339844
              }
            ],
            [
              [
                0,
                0,
                4
              ],
              {
                "baseline_epsilon": 5.838054656982422,
                "injected_epsilon": 5.838066101074219,
                "epsilon_diff": 1.1444091796875e-05,
                "abs_diff": 1.1444091796875e-05
              },
              {
                "lower1": 0.228440523147583,
                "middle": 0.4331817924976349,
                "upper": 18.457042694091797,
                "gamma": 0.05884075164794922
              }
            ],
            [
              [
                0,
                0,
                11
              ],
              {
                "baseline_epsilon": 6.593208312988281,
                "injected_epsilon": 6.593219757080078,
                "epsilon_diff": 1.1444091796875e-05,
                "abs_diff": 1.1444091796875e-05
              },
              {
                "lower1": 0.45869675278663635,
                "middle": 0.850193977355957,
                "upper": 18.457042694091797,
                "gamma": 0.12212181091308594
              }
            ],
            [
              [
                0,
                0,
                2
              ],
              {
                "baseline_epsilon": 5.378063201904297,
                "injected_epsilon": 5.378070831298828,
                "epsilon_diff": 7.62939453125e-06,
                "abs_diff": 7.62939453125e-06
              },
              {
                "lower1": 0.15937387943267822,
                "middle": 0.3041565716266632,
                "upper": 18.457042694091797,
                "gamma": 0.04067039489746094
              }
            ],
            [
              [
                0,
                0,
                3
              ],
              {
                "baseline_epsilon": 5.626720428466797,
                "injected_epsilon": 5.626728057861328,
                "epsilon_diff": 7.62939453125e-06,
                "abs_diff": 7.62939453125e-06
              },
              {
                "lower1": 0.1939053237438202,
                "middle": 0.3688468039035797,
                "upper": 18.457042694091797,
                "gamma": 0.04971170425415039
              }
            ],
            [
              [
                0,
                0,
                52
              ],
              {
                "baseline_epsilon": 8.717683792114258,
                "injected_epsilon": 8.717684745788574,
                "epsilon_diff": 9.5367431640625e-07,
                "abs_diff": 9.5367431640625e-07
              },
              {
                "lower1": 2.1264216899871826,
                "middle": 4.602259635925293,
                "upper": 18.457042694091797,
                "gamma": 0.9599958658218384
              }
            ],
            [
              [
                0,
                0,
                59
              ],
              {
                "baseline_epsilon": 4.873679161071777,
                "injected_epsilon": 4.873680114746094,
                "epsilon_diff": 9.5367431640625e-07,
                "abs_diff": 9.5367431640625e-07
              },
              {
                "lower1": 1.1209040880203247,
                "middle": 3.7925496101379395,
                "upper": 18.457042694091797,
                "gamma": 3.0246810913085938
              }
            ],
            [
              [
                0,
                0,
                50
              ],
              {
                "baseline_epsilon": 7.239426612854004,
                "injected_epsilon": 7.239427089691162,
                "epsilon_diff": 4.76837158203125e-07,
                "abs_diff": 4.76837158203125e-07
              },
              {
                "lower1": 1.249432921409607,
                "middle": 2.246859550476074,
                "upper": 18.457042694091797,
                "gamma": 0.3859114646911621
              }
            ],
            [
              [
                0,
                0,
                47
              ],
              {
                "baseline_epsilon": 6.441700458526611,
                "injected_epsilon": 6.4417009353637695,
                "epsilon_diff": 4.76837158203125e-07,
                "abs_diff": 4.76837158203125e-07
              },
              {
                "lower1": 0.9923672080039978,
                "middle": 1.8152399063110352,
                "upper": 18.457042694091797,
                "gamma": 0.2897893190383911
              }
            ]
          ]
        }
      }
    ],
    "performance": {
      "time": {
        "total_time": 0.019412755966186523,
        "baseline_forward_time": 0.0071675777435302734,
        "injection_forward_time": 0.006518125534057617,
        "bounds_computation_time": 0.0007584095001220703,
        "violation_detection_time": 0.002408742904663086
      },
      "memory": {
        "peak_memory_allocated_mb": 1339.2421875,
        "peak_memory_reserved_mb": 1720.0,
        "baseline_memory_mb": 1280.04541015625,
        "injection_memory_mb": 1339.2421875
      },
      "compute": {
        "num_attention_layers": 12,
        "num_attention_heads": 12,
        "sequence_length": 64,
        "batch_size": 2,
        "attention_flops": 0.0,
        "bounds_flops": 0.0
      },
      "extra": {}
    }
  }
}