{
  "exp_id": "gpt2_comprehensive_sweep_seed=0_injection_layers=[0]_injection_bit=6_injection_location=k_injection_idx=(1, 6, 32, 1)",
  "run_id": 0,
  "timestamp": "2025-12-12T07:06:38.048715",
  "baseline_loss": 10.275479316711426,
  "injected_loss": 10.275477409362793,
  "loss_diff": -1.9073486328125e-06,
  "bounds_valid": null,
  "violation_detected": false,
  "num_violations": 0,
  "violation_positions": [],
  "baseline_epsilon_stats": {
    "0": {
      "epsilon_mean": 1.9825315475463867,
      "epsilon_std": 1.6013407707214355,
      "lower_mean": 0.3287202715873718,
      "upper_mean": 2.0460193157196045,
      "gamma_mean": 0.0896625965833664
    }
  },
  "injected_epsilon_stats": null,
  "injection_info": {
    "location": "k",
    "idx": [
      1,
      6,
      32,
      1
    ],
    "bit": 6,
    "enabled": true,
    "multi_bit": false,
    "bit_list": null,
    "random_position": false,
    "injection_rate": 0.0
  },
  "extra_data": {
    "epsilon_analysis": [
      {
        "layer_idx": 0,
        "analysis": {
          "mean_diff": -3.1044086745701804e-10,
          "std_diff": 1.0535567973590787e-08,
          "max_abs_diff": 2.384185791015625e-07,
          "top_changes": [
            [
              [
                1,
                6,
                37
              ],
              {
                "baseline_epsilon": 2.5581490993499756,
                "injected_epsilon": 2.5581488609313965,
                "epsilon_diff": -2.384185791015625e-07,
                "abs_diff": 2.384185791015625e-07
              },
              {
                "lower1": 0.45029139518737793,
                "middle": 0.9372146129608154,
                "upper": 2.5856869220733643,
                "gamma": 0.11973219364881516
              }
            ],
            [
              [
                1,
                6,
                1
              ],
              {
                "baseline_epsilon": 3.878591299057007,
                "injected_epsilon": 3.878591537475586,
                "epsilon_diff": 2.384185791015625e-07,
                "abs_diff": 2.384185791015625e-07
              },
              {
                "lower1": 0.016108252108097076,
                "middle": 0.031447675079107285,
                "upper": 4.1500349044799805,
                "gamma": 0.004035204648971558
              }
            ],
            [
              [
                1,
                6,
                59
              ],
              {
                "baseline_epsilon": 1.5074107646942139,
                "injected_epsilon": 1.5074106454849243,
                "epsilon_diff": -1.1920928955078125e-07,
                "abs_diff": 1.1920928955078125e-07
              },
              {
                "lower1": 0.38770824670791626,
                "middle": 0.8016831874847412,
                "upper": 1.5194309949874878,
                "gamma": 0.10213868319988251
              }
            ],
            [
              [
                1,
                6,
                60
              ],
              {
                "baseline_epsilon": 1.5364758968353271,
                "injected_epsilon": 1.5364757776260376,
                "epsilon_diff": -1.1920928955078125e-07,
                "abs_diff": 1.1920928955078125e-07
              },
              {
                "lower1": 0.38688498735427856,
                "middle": 0.7998286485671997,
                "upper": 1.5483105182647705,
                "gamma": 0.10190952569246292
              }
            ],
            [
              [
                1,
                6,
                48
              ],
              {
                "baseline_epsilon": 1.8446258306503296,
                "injected_epsilon": 1.84462571144104,
                "epsilon_diff": -1.1920928955078125e-07,
                "abs_diff": 1.1920928955078125e-07
              },
              {
                "lower1": 0.4035175144672394,
                "middle": 0.8356181383132935,
                "upper": 1.857019305229187,
                "gamma": 0.10655052214860916
              }
            ],
            [
              [
                1,
                6,
                54
              ],
              {
                "baseline_epsilon": 1.636230230331421,
                "injected_epsilon": 1.6362301111221313,
                "epsilon_diff": -1.1920928955078125e-07,
                "abs_diff": 1.1920928955078125e-07
              },
              {
                "lower1": 0.4032121002674103,
                "middle": 0.8353798389434814,
                "upper": 1.648250699043274,
                "gamma": 0.10646507889032364
              }
            ]
          ]
        }
      }
    ],
    "performance": {
      "time": {
        "total_time": 0.019120454788208008,
        "baseline_forward_time": 0.007168769836425781,
        "injection_forward_time": 0.006638526916503906,
        "bounds_computation_time": 0.0007507801055908203,
        "violation_detection_time": 0.001936197280883789
      },
      "memory": {
        "peak_memory_allocated_mb": 1239.1201171875,
        "peak_memory_reserved_mb": 1522.0,
        "baseline_memory_mb": 1179.92333984375,
        "injection_memory_mb": 1239.1201171875
      },
      "compute": {
        "num_attention_layers": 12,
        "num_attention_heads": 12,
        "sequence_length": 64,
        "batch_size": 2,
        "attention_flops": 0.0,
        "bounds_flops": 0.0
      },
      "extra": {}
    }
  }
}