{
  "exp_id": "gpt2_comprehensive_sweep_seed=42_injection_layers=[6]_injection_bit=21_injection_location=k_injection_idx=(1, 6, 32, 1)",
  "run_id": 0,
  "timestamp": "2025-12-12T07:18:33.867544",
  "baseline_loss": 8.564264297485352,
  "injected_loss": 8.56429672241211,
  "loss_diff": 3.24249267578125e-05,
  "bounds_valid": null,
  "violation_detected": false,
  "num_violations": 0,
  "violation_positions": [],
  "baseline_epsilon_stats": {
    "6": {
      "epsilon_mean": 5.956024169921875,
      "epsilon_std": 4.427911758422852,
      "lower_mean": 0.5316863656044006,
      "upper_mean": 7.960529327392578,
      "gamma_mean": 0.18503431975841522
    }
  },
  "injected_epsilon_stats": null,
  "injection_info": {
    "location": "k",
    "idx": [
      1,
      6,
      32,
      1
    ],
    "bit": 21,
    "enabled": true,
    "multi_bit": false,
    "bit_list": null,
    "random_position": false,
    "injection_rate": 0.0
  },
  "extra_data": {
    "epsilon_analysis": [
      {
        "layer_idx": 6,
        "analysis": {
          "mean_diff": 7.03472596796928e-06,
          "std_diff": 4.20308206230402e-05,
          "max_abs_diff": 0.0004467964172363281,
          "top_changes": [
            [
              [
                1,
                6,
                4
              ],
              {
                "baseline_epsilon": 6.123344898223877,
                "injected_epsilon": 6.122898101806641,
                "epsilon_diff": -0.0004467964172363281,
                "abs_diff": 0.0004467964172363281
              },
              {
                "lower1": 1.014652967453003,
                "middle": 2.295039415359497,
                "upper": 7.2798285484313965,
                "gamma": 0.2976313829421997
              }
            ],
            [
              [
                1,
                6,
                14
              ],
              {
                "baseline_epsilon": 7.41212272644043,
                "injected_epsilon": 7.412447929382324,
                "epsilon_diff": 0.00032520294189453125,
                "abs_diff": 0.00032520294189453125
              },
              {
                "lower1": 1.025719165802002,
                "middle": 2.2952630519866943,
                "upper": 10.77424430847168,
                "gamma": 0.3015565276145935
              }
            ],
            [
              [
                1,
                6,
                13
              ],
              {
                "baseline_epsilon": 7.427531719207764,
                "injected_epsilon": 7.4278564453125,
                "epsilon_diff": 0.0003247261047363281,
                "abs_diff": 0.0003247261047363281
              },
              {
                "lower1": 1.037461519241333,
                "middle": 2.3269364833831787,
                "upper": 10.789308547973633,
                "gamma": 0.305744469165802
              }
            ],
            [
              [
                1,
                6,
                15
              ],
              {
                "baseline_epsilon": 7.362303733825684,
                "injected_epsilon": 7.362626552581787,
                "epsilon_diff": 0.0003228187561035156,
                "abs_diff": 0.0003228187561035156
              },
              {
                "lower1": 1.005317211151123,
                "middle": 2.2410714626312256,
                "upper": 10.713973999023438,
                "gamma": 0.29433614015579224
              }
            ],
            [
              [
                1,
                6,
                12
              ],
              {
                "baseline_epsilon": 7.443362236022949,
                "injected_epsilon": 7.443682670593262,
                "epsilon_diff": 0.0003204345703125,
                "abs_diff": 0.0003204345703125
              },
              {
                "lower1": 1.0537186861038208,
                "middle": 2.3712923526763916,
                "upper": 10.785895347595215,
                "gamma": 0.3115825653076172
              }
            ],
            [
              [
                1,
                6,
                16
              ],
              {
                "baseline_epsilon": 7.2562055587768555,
                "injected_epsilon": 7.25651741027832,
                "epsilon_diff": 0.00031185150146484375,
                "abs_diff": 0.00031185150146484375
              },
              {
                "lower1": 0.9667953252792358,
                "middle": 2.1403331756591797,
                "upper": 10.575929641723633,
                "gamma": 0.280891478061676
              }
            ],
            [
              [
                1,
                6,
                11
              ],
              {
                "baseline_epsilon": 7.391804218292236,
                "injected_epsilon": 7.392110824584961,
                "epsilon_diff": 0.0003066062927246094,
                "abs_diff": 0.0003066062927246094
              },
              {
                "lower1": 1.045586347579956,
                "middle": 2.3501551151275635,
                "upper": 10.688640594482422,
                "gamma": 0.30865633487701416
              }
            ],
            [
              [
                1,
                6,
                17
              ],
              {
                "baseline_epsilon": 7.151883602142334,
                "injected_epsilon": 7.152189254760742,
                "epsilon_diff": 0.0003056526184082031,
                "abs_diff": 0.0003056526184082031
              },
              {
                "lower1": 0.9329736232757568,
                "middle": 2.0534675121307373,
                "upper": 10.427359580993652,
                "gamma": 0.26928240060806274
              }
            ],
            [
              [
                1,
                6,
                18
              ],
              {
                "baseline_epsilon": 7.022555351257324,
                "injected_epsilon": 7.02285099029541,
                "epsilon_diff": 0.0002956390380859375,
                "abs_diff": 0.0002956390380859375
              },
              {
                "lower1": 0.888047993183136,
                "middle": 1.9396671056747437,
                "upper": 10.259807586669922,
                "gamma": 0.254130482673645
              }
            ],
            [
              [
                1,
                6,
                10
              ],
              {
                "baseline_epsilon": 7.340084075927734,
                "injected_epsilon": 7.340368747711182,
                "epsilon_diff": 0.0002846717834472656,
                "abs_diff": 0.0002846717834472656
              },
              {
                "lower1": 1.0500234365463257,
                "middle": 2.3636419773101807,
                "upper": 10.561115264892578,
                "gamma": 0.31025147438049316
              }
            ],
            [
              [
                1,
                6,
                19
              ],
              {
                "baseline_epsilon": 6.864777565002441,
                "injected_epsilon": 6.865062236785889,
                "epsilon_diff": 0.0002846717834472656,
                "abs_diff": 0.0002846717834472656
              },
              {
                "lower1": 0.8356989622116089,
                "middle": 1.8097028732299805,
                "upper": 10.04533863067627,
                "gamma": 0.23684126138687134
              }
            ],
            [
              [
                1,
                6,
                20
              ],
              {
                "baseline_epsilon": 6.714470863342285,
                "injected_epsilon": 6.714747428894043,
                "epsilon_diff": 0.0002765655517578125,
                "abs_diff": 0.0002765655517578125
              },
              {
                "lower1": 0.7849656939506531,