{
  "exp_id": "gpt2_comprehensive_sweep_seed=42_injection_layers=[9]_injection_bit=23_injection_location=q_injection_idx=(1, 9, 31, 62)",
  "num_runs": 1,
  "timestamp": "2025-10-14T17:46:08.556671",
  "baseline_loss": {
    "mean": 8.462053298950195,
    "std": 0.0,
    "min": 8.462053298950195,
    "max": 8.462053298950195
  },
  "injected_loss": {
    "mean": 8.462139129638672,
    "std": 0.0,
    "min": 8.462139129638672,
    "max": 8.462139129638672
  },
  "loss_diff": {
    "mean": 8.58306884765625e-05,
    "std": 0.0,
    "min": 8.58306884765625e-05,
    "max": 8.58306884765625e-05
  },
  "violation_detection": {
    "detection_rate": 0.0,
    "total_violations": 0,
    "avg_violations_per_run": 0.0
  }
}