{
  "exp_id": "gpt2_comprehensive_sweep_seed=123_injection_layers=[0]_injection_bit=23_injection_location=scores_injection_idx=(1, 9, 31, 62)",
  "num_runs": 1,
  "timestamp": "2025-10-14T18:13:01.564498",
  "baseline_loss": {
    "mean": 13.588921546936035,
    "std": 0.0,
    "min": 13.588921546936035,
    "max": 13.588921546936035
  },
  "injected_loss": {
    "mean": 13.58887767791748,
    "std": 0.0,
    "min": 13.58887767791748,
    "max": 13.58887767791748
  },
  "loss_diff": {
    "mean": -4.38690185546875e-05,
    "std": 0.0,
    "min": -4.38690185546875e-05,
    "max": -4.38690185546875e-05
  },
  "violation_detection": {
    "detection_rate": 1.0,
    "total_violations": 1,
    "avg_violations_per_run": 1.0
  }
}