{
  "exp_id": "gpt2_comprehensive_sweep_seed=42_injection_layers=[3]_injection_bit=29_injection_location=q_injection_idx=(1, 9, 31, 62)",
  "run_id": 0,
  "timestamp": "2025-12-12T07:08:57.234156",
  "baseline_loss": 8.997109413146973,
  "injected_loss": 8.99711799621582,
  "loss_diff": 8.58306884765625e-06,
  "bounds_valid": null,
  "violation_detected": false,
  "num_violations": 0,
  "violation_positions": [],
  "baseline_epsilon_stats": {
    "3": {
      "epsilon_mean": 4.6995015144348145,
      "epsilon_std": 4.219686031341553,
      "lower_mean": 0.4203936457633972,
      "upper_mean": 5.6145782470703125,
      "gamma_mean": 0.16137349605560303
    }
  },
  "injected_epsilon_stats": null,
  "injection_info": {
    "location": "q",
    "idx": [
      1,
      9,
      31,
      62
    ],
    "bit": 29,
    "enabled": true,
    "multi_bit": false,
    "bit_list": null,
    "random_position": false,
    "injection_rate": 0.0
  },
  "extra_data": {
    "epsilon_analysis": [
      {
        "layer_idx": 3,
        "analysis": {
          "mean_diff": -1.5147185877140146e-05,
          "std_diff": 0.0005936460220254958,
          "max_abs_diff": 0.023266077041625977,
          "top_changes": [
            [
              [
                1,
                9,
                31
              ],
              {
                "baseline_epsilon": 0.6146464347839355,
                "injected_epsilon": 0.5913803577423096,
                "epsilon_diff": -0.023266077041625977,
                "abs_diff": 0.023266077041625977
              },
              {
                "lower1": 0.000405767816118896,
                "middle": 0.0007977315690368414,
                "upper": 0.8266172409057617,
                "gamma": 0.00010144710540771484
              }
            ]
          ]
        }
      }
    ],
    "performance": {
      "time": {
        "total_time": 0.018560409545898438,
        "baseline_forward_time": 0.00710296630859375,
        "injection_forward_time": 0.006669282913208008,
        "bounds_computation_time": 0.0007774829864501953,
        "violation_detection_time": 0.0014219284057617188
      },
      "memory": {
        "peak_memory_allocated_mb": 1250.38232421875,
        "peak_memory_reserved_mb": 1786.0,
        "baseline_memory_mb": 1191.185546875,
        "injection_memory_mb": 1250.38232421875
      },
      "compute": {
        "num_attention_layers": 12,
        "num_attention_heads": 12,
        "sequence_length": 64,
        "batch_size": 2,
        "attention_flops": 0.0,
        "bounds_flops": 0.0
      },
      "extra": {}
    }
  }
}