{
  "exp_id": "gpt2_comprehensive_sweep_seed=3407_injection_layers=[9]_injection_bit=25_injection_location=k_injection_idx=(0, 0, 10, 20)",
  "num_runs": 1,
  "timestamp": "2025-10-14T18:28:46.770710",
  "baseline_loss": {
    "mean": 8.462053298950195,
    "std": 0.0,
    "min": 8.462053298950195,
    "max": 8.462053298950195
  },
  "injected_loss": {
    "mean": 8.462072372436523,
    "std": 0.0,
    "min": 8.462072372436523,
    "max": 8.462072372436523
  },
  "loss_diff": {
    "mean": 1.9073486328125e-05,
    "std": 0.0,
    "min": 1.9073486328125e-05,
    "max": 1.9073486328125e-05
  },
  "violation_detection": {
    "detection_rate": 1.0,
    "total_violations": 2,
    "avg_violations_per_run": 2.0
  }
}