{
  "exp_id": "gpt2_comprehensive_sweep_seed=3407_injection_layers=[0]_injection_bit=18_injection_location=q_injection_idx=(1, 9, 31, 62)",
  "run_id": 0,
  "timestamp": "2025-12-12T07:12:02.485995",
  "baseline_loss": 10.275479316711426,
  "injected_loss": 10.275477409362793,
  "loss_diff": -1.9073486328125e-06,
  "bounds_valid": null,
  "violation_detected": false,
  "num_violations": 0,
  "violation_positions": [],
  "baseline_epsilon_stats": {
    "0": {
      "epsilon_mean": 1.9825315475463867,
      "epsilon_std": 1.6013407707214355,
      "lower_mean": 0.3287202715873718,
      "upper_mean": 2.0460193157196045,
      "gamma_mean": 0.0896625965833664
    }
  },
  "injected_epsilon_stats": null,
  "injection_info": {
    "location": "q",
    "idx": [
      1,
      9,
      31,
      62
    ],
    "bit": 18,
    "enabled": true,
    "multi_bit": false,
    "bit_list": null,
    "random_position": false,
    "injection_rate": 0.0
  },
  "extra_data": {
    "epsilon_analysis": [
      {
        "layer_idx": 0,
        "analysis": {
          "mean_diff": 7.450580596923828e-09,
          "std_diff": 2.920019426255749e-07,
          "max_abs_diff": 1.1444091796875e-05,
          "top_changes": [
            [
              [
                1,
                9,
                31
              ],
              {
                "baseline_epsilon": 4.464097023010254,
                "injected_epsilon": 4.464108467102051,
                "epsilon_diff": 1.1444091796875e-05,
                "abs_diff": 1.1444091796875e-05
              },
              {
                "lower1": 0.41202840209007263,
                "middle": 0.8474274277687073,
                "upper": 4.627466201782227,
                "gamma": 0.10893461108207703
              }
            ]
          ]
        }
      }
    ],
    "performance": {
      "time": {
        "total_time": 0.018658876419067383,
        "baseline_forward_time": 0.0072252750396728516,
        "injection_forward_time": 0.006604433059692383,
        "bounds_computation_time": 0.0007715225219726562,
        "violation_detection_time": 0.0014445781707763672
      },
      "memory": {
        "peak_memory_allocated_mb": 1459.388671875,
        "peak_memory_reserved_mb": 1852.0,
        "baseline_memory_mb": 1400.19189453125,
        "injection_memory_mb": 1459.388671875
      },
      "compute": {
        "num_attention_layers": 12,
        "num_attention_heads": 12,
        "sequence_length": 64,
        "batch_size": 2,
        "attention_flops": 0.0,
        "bounds_flops": 0.0
      },
      "extra": {}
    }
  }
}