{
  "exp_id": "gpt2_comprehensive_sweep_seed=3407_injection_layers=[9]_injection_bit=28_injection_location=scores_injection_idx=(0, 3, 53, 43)",
  "run_id": 0,
  "timestamp": "2025-10-14T18:22:30.055178",
  "baseline_loss": 13.721664428710938,
  "injected_loss": 13.721664428710938,
  "loss_diff": 0.0,
  "bounds_valid": null,
  "violation_detected": false,
  "num_violations": 0,
  "violation_positions": [],
  "baseline_epsilon_stats": {
    "9": {
      "epsilon_mean": 10.922141075134277,
      "epsilon_std": 4.307835578918457,
      "lower_mean": 1.0468783378601074,
      "upper_mean": 16.82538414001465,
      "gamma_mean": 2.1429390907287598
    }
  },
  "injected_epsilon_stats": null,
  "injection_info": {
    "location": "scores",
    "idx": [
      0,
      3,
      53,
      43
    ],
    "bit": 28,
    "enabled": true,
    "multi_bit": false,
    "bit_list": null,
    "random_position": false,
    "injection_rate": 0.0
  },
  "extra_data": {
    "epsilon_analysis": [
      {
        "layer_idx": 9,
        "analysis": {
          "mean_diff": 5.8469675423111767e-05,
          "std_diff": 0.0022915336303412914,
          "max_abs_diff": 0.08980941772460938,
          "top_changes": [
            [
              [
                0,
                3,
                53
              ],
              {
                "baseline_epsilon": 7.251434326171875,
                "injected_epsilon": 7.341243743896484,
                "epsilon_diff": 0.08980941772460938,
                "abs_diff": 0.08980941772460938
              },
              {
                "lower1": 0.9806814789772034,
                "middle": 1.7418709993362427,
                "upper": 18.457042694091797,
                "gamma": 0.28571009635925293
              }
            ]
          ]
        }
      }
    ],
    "performance": {
      "time": {
        "total_time": 0.019337892532348633,
        "baseline_forward_time": 0.007575511932373047,
        "injection_forward_time": 0.006662130355834961,
        "bounds_computation_time": 0.0008175373077392578,
        "violation_detection_time": 0.0014750957489013672
      },
      "memory": {
        "peak_memory_allocated_mb": 1298.943359375,
        "peak_memory_reserved_mb": 1718.0,
        "baseline_memory_mb": 1239.74658203125,
        "injection_memory_mb": 1298.943359375
      },
      "compute": {
        "num_attention_layers": 12,
        "num_attention_heads": 12,
        "sequence_length": 64,
        "batch_size": 2,
        "attention_flops": 0.0,
        "bounds_flops": 0.0
      },
      "extra": {}
    }
  }
}