{
  "exp_id": "gpt2_comprehensive_sweep_seed=123_injection_layers=[6]_injection_bit=31_injection_location=q_injection_idx=(1, 6, 32, 1)",
  "num_runs": 1,
  "timestamp": "2025-10-14T17:49:06.240378",
  "baseline_loss": {
    "mean": 8.564263343811035,
    "std": 0.0,
    "min": 8.564263343811035,
    "max": 8.564263343811035
  },
  "injected_loss": {
    "mean": 8.564192771911621,
    "std": 0.0,
    "min": 8.564192771911621,
    "max": 8.564192771911621
  },
  "loss_diff": {
    "mean": -7.05718994140625e-05,
    "std": 0.0,
    "min": -7.05718994140625e-05,
    "max": -7.05718994140625e-05
  },
  "violation_detection": {
    "detection_rate": 0.0,
    "total_violations": 0,
    "avg_violations_per_run": 0.0
  }
}