{
  "exp_id": "gpt2_comprehensive_sweep_seed=0_injection_layers=[6]_injection_bit=30_injection_location=scores_injection_idx=(0, 3, 53, 43)",
  "run_id": 0,
  "timestamp": "2025-10-14T18:24:45.655283",
  "baseline_loss": 8.564263343811035,
  "injected_loss": 8.56425952911377,
  "loss_diff": -3.814697265625e-06,
  "bounds_valid": null,
  "violation_detected": true,
  "num_violations": 1,
  "violation_positions": [
    [
      6,
      [
        0,
        3,
        53
      ]
    ]
  ],
  "baseline_epsilon_stats": {
    "6": {
      "epsilon_mean": 5.956024169921875,
      "epsilon_std": 4.427911758422852,
      "lower_mean": 0.5316863656044006,
      "upper_mean": 7.960529327392578,
      "gamma_mean": 0.18503431975841522
    }
  },
  "injected_epsilon_stats": null,
  "injection_info": {
    "location": "scores",
    "idx": [
      0,
      3,
      53,
      43
    ],
    "bit": 30,
    "enabled": true,
    "multi_bit": false,
    "bit_list": null,
    "random_position": false,
    "injection_rate": 0.0
  },
  "extra_data": {
    "epsilon_analysis": [
      {
        "layer_idx": 6,
        "analysis": {
          "mean_diff": -0.0011942486744374037,
          "std_diff": 0.04680479317903519,
          "max_abs_diff": 1.8343658447265625,
          "top_changes": [
            [
              [
                0,
                3,
                53
              ],
              {
                "baseline_epsilon": 1.8343658447265625,
                "injected_epsilon": 0.0,
                "epsilon_diff": -1.8343658447265625,
                "abs_diff": 1.8343658447265625
              },
              {
                "lower1": 0.02341434545814991,
                "middle": 0.046029046177864075,
                "upper": 2.09439754486084,
                "gamma": 0.005870819091796875
              }
            ]
          ]
        }
      }
    ],
    "performance": {
      "time": {
        "total_time": 0.01881122589111328,
        "baseline_forward_time": 0.007303714752197266,
        "injection_forward_time": 0.006565570831298828,
        "bounds_computation_time": 0.0007879734039306641,
        "violation_detection_time": 0.0015456676483154297
      },
      "memory": {
        "peak_memory_allocated_mb": 1198.0712890625,
        "peak_memory_reserved_mb": 1632.0,
        "baseline_memory_mb": 1138.87451171875,
        "injection_memory_mb": 1198.0712890625
      },
      "compute": {
        "num_attention_layers": 12,
        "num_attention_heads": 12,
        "sequence_length": 64,
        "batch_size": 2,
        "attention_flops": 0.0,
        "bounds_flops": 0.0
      },
      "extra": {}
    }
  }
}