{
  "exp_id": "gpt2_comprehensive_sweep_seed=42_injection_layers=[9]_injection_bit=23_injection_location=scores_injection_idx=(1, 6, 32, 1)",
  "run_id": 0,
  "timestamp": "2025-10-14T18:12:56.166593",
  "baseline_loss": 13.721664428710938,
  "injected_loss": 13.721668243408203,
  "loss_diff": 3.814697265625e-06,
  "bounds_valid": null,
  "violation_detected": false,
  "num_violations": 0,
  "violation_positions": [],
  "baseline_epsilon_stats": {
    "9": {
      "epsilon_mean": 10.922141075134277,
      "epsilon_std": 4.307835578918457,
      "lower_mean": 1.0468783378601074,
      "upper_mean": 16.82538414001465,
      "gamma_mean": 2.1429390907287598
    }
  },
  "injected_epsilon_stats": null,
  "injection_info": {
    "location": "scores",
    "idx": [
      1,
      6,
      32,
      1
    ],
    "bit": 23,
    "enabled": true,
    "multi_bit": false,
    "bit_list": null,
    "random_position": false,
    "injection_rate": 0.0
  },
  "extra_data": {
    "epsilon_analysis": [
      {
        "layer_idx": 9,
        "analysis": {
          "mean_diff": 3.114218634436838e-05,
          "std_diff": 0.001220519421622157,
          "max_abs_diff": 0.04783439636230469,
          "top_changes": [
            [
              [
                1,
                6,
                32
              ],
              {
                "baseline_epsilon": 9.039690017700195,
                "injected_epsilon": 9.0875244140625,
                "epsilon_diff": 0.04783439636230469,
                "abs_diff": 0.04783439636230469
              },
              {
                "lower1": 0.3000466525554657,
                "middle": 8.288954734802246,
                "upper": 12.781769752502441,
                "gamma": 4.855647087097168
              }
            ]
          ]
        }
      }
    ],
    "performance": {
      "time": {
        "total_time": 0.018466711044311523,
        "baseline_forward_time": 0.007054328918457031,
        "injection_forward_time": 0.006597042083740234,
        "bounds_computation_time": 0.0007815361022949219,
        "violation_detection_time": 0.001438140869140625
      },
      "memory": {
        "peak_memory_allocated_mb": 1288.18115234375,
        "peak_memory_reserved_mb": 1718.0,
        "baseline_memory_mb": 1228.984375,
        "injection_memory_mb": 1288.18115234375
      },
      "compute": {
        "num_attention_layers": 12,
        "num_attention_heads": 12,
        "sequence_length": 64,
        "batch_size": 2,
        "attention_flops": 0.0,
        "bounds_flops": 0.0
      },
      "extra": {}
    }
  }
}