{
  "exp_id": "gpt2_comprehensive_sweep_seed=42_injection_layers=[6]_injection_bit=30_injection_location=scores_injection_idx=(1, 6, 32, 1)",
  "num_runs": 1,
  "timestamp": "2025-10-14T18:21:38.351016",
  "baseline_loss": {
    "mean": 12.890384674072266,
    "std": 0.0,
    "min": 12.890384674072266,
    "max": 12.890384674072266
  },
  "injected_loss": {
    "mean": 12.89028263092041,
    "std": 0.0,
    "min": 12.89028263092041,
    "max": 12.89028263092041
  },
  "loss_diff": {
    "mean": -0.00010204315185546875,
    "std": 0.0,
    "min": -0.00010204315185546875,
    "max": -0.00010204315185546875
  },
  "violation_detection": {
    "detection_rate": 0.0,
    "total_violations": 0,
    "avg_violations_per_run": 0.0
  }
}