{
  "exp_id": "gpt2_comprehensive_sweep_seed=123_injection_layers=[6]_injection_bit=26_injection_location=scores_injection_idx=(0, 0, 10, 20)",
  "run_id": 0,
  "timestamp": "2025-10-14T18:25:30.359668",
  "baseline_loss": 8.564263343811035,
  "injected_loss": 8.564247131347656,
  "loss_diff": -1.621246337890625e-05,
  "bounds_valid": null,
  "violation_detected": false,
  "num_violations": 0,
  "violation_positions": [],
  "baseline_epsilon_stats": {
    "6": {
      "epsilon_mean": 5.956024169921875,
      "epsilon_std": 4.427911758422852,
      "lower_mean": 0.5316863656044006,
      "upper_mean": 7.960529327392578,
      "gamma_mean": 0.18503431975841522
    }
  },
  "injected_epsilon_stats": null,
  "injection_info": {
    "location": "scores",
    "idx": [
      0,
      0,
      10,
      20
    ],
    "bit": 26,
    "enabled": true,
    "multi_bit": false,
    "bit_list": null,
    "random_position": false,
    "injection_rate": 0.0
  },
  "extra_data": {
    "epsilon_analysis": [
      {
        "layer_idx": 6,
        "analysis": {
          "mean_diff": 3.212286901543848e-05,
          "std_diff": 0.0012589541729539633,
          "max_abs_diff": 0.04934072494506836,
          "top_changes": [
            [
              [
                0,
                0,
                10
              ],
              {
                "baseline_epsilon": 0.6432266235351562,
                "injected_epsilon": 0.6925673484802246,
                "epsilon_diff": 0.04934072494506836,
                "abs_diff": 0.04934072494506836
              },
              {
                "lower1": 0.002699655946344137,
                "middle": 0.005308442283421755,
                "upper": 0.8827047348022461,
                "gamma": 0.0006751418113708496
              }
            ]
          ]
        }
      }
    ],
    "performance": {
      "time": {
        "total_time": 0.018732547760009766,
        "baseline_forward_time": 0.007246971130371094,
        "injection_forward_time": 0.006681680679321289,
        "bounds_computation_time": 0.0007848739624023438,
        "violation_detection_time": 0.0014641284942626953
      },
      "memory": {
        "peak_memory_allocated_mb": 1107.96142578125,
        "peak_memory_reserved_mb": 1698.0,
        "baseline_memory_mb": 1048.7646484375,
        "injection_memory_mb": 1107.96142578125
      },
      "compute": {
        "num_attention_layers": 12,
        "num_attention_heads": 12,
        "sequence_length": 64,
        "batch_size": 2,
        "attention_flops": 0.0,
        "bounds_flops": 0.0
      },
      "extra": {}
    }
  }
}