{
  "exp_id": "gpt2_comprehensive_sweep_seed=42_injection_layers=[0]_injection_bit=14_injection_location=q_injection_idx=(0, 3, 53, 43)",
  "run_id": 0,
  "timestamp": "2025-12-12T07:08:19.675303",
  "baseline_loss": 10.275479316711426,
  "injected_loss": 10.27547836303711,
  "loss_diff": -9.5367431640625e-07,
  "bounds_valid": null,
  "violation_detected": false,
  "num_violations": 0,
  "violation_positions": [],
  "baseline_epsilon_stats": {
    "0": {
      "epsilon_mean": 1.9825315475463867,
      "epsilon_std": 1.6013407707214355,
      "lower_mean": 0.3287202715873718,
      "upper_mean": 2.0460193157196045,
      "gamma_mean": 0.0896625965833664
    }
  },
  "injected_epsilon_stats": null,
  "injection_info": {
    "location": "q",
    "idx": [
      0,
      3,
      53,
      43
    ],
    "bit": 14,
    "enabled": true,
    "multi_bit": false,
    "bit_list": null,
    "random_position": false,
    "injection_rate": 0.0
  },
  "extra_data": {
    "epsilon_analysis": [
      {
        "layer_idx": 0,
        "analysis": {
          "mean_diff": -4.8118335982394456e-09,
          "std_diff": 1.8858457906389958e-07,
          "max_abs_diff": 7.3909759521484375e-06,
          "top_changes": [
            [
              [
                0,
                3,
                53
              ],
              {
                "baseline_epsilon": 2.4007019996643066,
                "injected_epsilon": 2.4006946086883545,
                "epsilon_diff": -7.3909759521484375e-06,
                "abs_diff": 7.3909759521484375e-06
              },
              {
                "lower1": 0.27117571234703064,
                "middle": 0.550119936466217,
                "upper": 2.5515313148498535,
                "gamma": 0.07026122510433197
              }
            ]
          ]
        }
      }
    ],
    "performance": {
      "time": {
        "total_time": 0.018701553344726562,
        "baseline_forward_time": 0.007294654846191406,
        "injection_forward_time": 0.006573677062988281,
        "bounds_computation_time": 0.0007636547088623047,
        "violation_detection_time": 0.001451253890991211
      },
      "memory": {
        "peak_memory_allocated_mb": 1319.2177734375,
        "peak_memory_reserved_mb": 1786.0,
        "baseline_memory_mb": 1260.02099609375,
        "injection_memory_mb": 1319.2177734375
      },
      "compute": {
        "num_attention_layers": 12,
        "num_attention_heads": 12,
        "sequence_length": 64,
        "batch_size": 2,
        "attention_flops": 0.0,
        "bounds_flops": 0.0
      },
      "extra": {}
    }
  }
}