{
  "exp_id": "gpt2_comprehensive_sweep_seed=0_injection_layers=[9]_injection_bit=30_injection_location=weights_injection_idx=(0, 3, 53, 43)",
  "run_id": 0,
  "timestamp": "2025-10-14T18:24:51.372844",
  "baseline_loss": 8.462053298950195,
  "injected_loss": 8.457430839538574,
  "loss_diff": -0.004622459411621094,
  "bounds_valid": null,
  "violation_detected": true,
  "num_violations": 1,
  "violation_positions": [
    [
      9,
      [
        0,
        3,
        53
      ]
    ]
  ],
  "baseline_epsilon_stats": {
    "9": {
      "epsilon_mean": 6.7392191886901855,
      "epsilon_std": 4.8921427726745605,
      "lower_mean": 0.5418864488601685,
      "upper_mean": 9.379467010498047,
      "gamma_mean": 0.2731764018535614
    }
  },
  "injected_epsilon_stats": null,
  "injection_info": {
    "location": "weights",
    "idx": [
      0,
      3,
      53,
      43
    ],
    "bit": 30,
    "enabled": true,
    "multi_bit": false,
    "bit_list": null,
    "random_position": false,
    "injection_rate": 0.0
  },
  "extra_data": {
    "epsilon_analysis": [
      {
        "layer_idx": 9,
        "analysis": {
          "mean_diff": -4.513904726654408e+34,
          "std_diff": Infinity,
          "max_abs_diff": 6.93335715308093e+37,
          "top_changes": [
            [
              [
                0,
                3,
                53
              ],
              {
                "baseline_epsilon": 4.871707916259766,
                "injected_epsilon": -6.93335715308093e+37,
                "epsilon_diff": -6.93335715308093e+37,
                "abs_diff": 6.93335715308093e+37
              },
              {
                "lower1": 0.05262203514575958,
                "middle": 0.10264153778553009,
                "upper": 6.365589141845703,
                "gamma": 0.01324319839477539
              }
            ]
          ]
        }
      }
    ],
    "performance": {
      "time": {
        "total_time": 0.018682479858398438,
        "baseline_forward_time": 0.00726771354675293,
        "injection_forward_time": 0.006534099578857422,
        "bounds_computation_time": 0.0007841587066650391,
        "violation_detection_time": 0.0015363693237304688
      },
      "memory": {
        "peak_memory_allocated_mb": 1198.0712890625,
        "peak_memory_reserved_mb": 1632.0,
        "baseline_memory_mb": 1138.87451171875,
        "injection_memory_mb": 1198.0712890625
      },
      "compute": {
        "num_attention_layers": 12,
        "num_attention_heads": 12,
        "sequence_length": 64,
        "batch_size": 2,
        "attention_flops": 0.0,
        "bounds_flops": 0.0
      },
      "extra": {}
    }
  }
}