{
  "exp_id": "gpt2_comprehensive_sweep_seed=0_injection_layers=[6]_injection_bit=27_injection_location=weights_injection_idx=(0, 0, 10, 20)",
  "num_runs": 1,
  "timestamp": "2025-10-14T18:17:29.279369",
  "baseline_loss": {
    "mean": 8.564263343811035,
    "std": 0.0,
    "min": 8.564263343811035,
    "max": 8.564263343811035
  },
  "injected_loss": {
    "mean": 8.564061164855957,
    "std": 0.0,
    "min": 8.564061164855957,
    "max": 8.564061164855957
  },
  "loss_diff": {
    "mean": -0.000202178955078125,
    "std": 0.0,
    "min": -0.000202178955078125,
    "max": -0.000202178955078125
  },
  "violation_detection": {
    "detection_rate": 0.0,
    "total_violations": 0,
    "avg_violations_per_run": 0.0
  }
}