{
  "exp_id": "gpt2_comprehensive_sweep_seed=42_injection_layers=[3]_injection_bit=30_injection_location=weights_injection_idx=(0, 0, 10, 20)",
  "num_runs": 1,
  "timestamp": "2025-10-14T20:39:08.503870",
  "baseline_loss": {
    "mean": 8.997108459472656,
    "std": 0.0,
    "min": 8.997108459472656,
    "max": 8.997108459472656
  },
  "injected_loss": {
    "mean": 9.191123008728027,
    "std": 0.0,
    "min": 9.191123008728027,
    "max": 9.191123008728027
  },
  "loss_diff": {
    "mean": 0.1940145492553711,
    "std": 0.0,
    "min": 0.1940145492553711,
    "max": 0.1940145492553711
  },
  "violation_detection": {
    "detection_rate": 1.0,
    "total_violations": 1,
    "avg_violations_per_run": 1.0
  }
}