{
  "exp_id": "gpt2_comprehensive_sweep_seed=3407_injection_layers=[0]_injection_bit=27_injection_location=weights_injection_idx=(0, 0, 10, 20)",
  "run_id": 0,
  "timestamp": "2025-10-14T20:39:50.075345",
  "baseline_loss": 10.27547836303711,
  "injected_loss": 10.275553703308105,
  "loss_diff": 7.534027099609375e-05,
  "bounds_valid": null,
  "violation_detected": false,
  "num_violations": 0,
  "violation_positions": [],
  "baseline_epsilon_stats": {
    "0": {
      "epsilon_mean": 1.9825315475463867,
      "epsilon_std": 1.6013407707214355,
      "lower_mean": 0.3287202715873718,
      "upper_mean": 2.0460193157196045,
      "gamma_mean": 0.0896625965833664
    }
  },
  "injected_epsilon_stats": null,
  "injection_info": {
    "location": "weights",
    "idx": [
      0,
      0,
      10,
      20
    ],
    "bit": 27,
    "enabled": true,
    "multi_bit": false,
    "bit_list": null,
    "random_position": false,
    "injection_rate": 0.0
  },
  "extra_data": {
    "epsilon_analysis": [
      {
        "layer_idx": 0,
        "analysis": {
          "mean_diff": -2.0642532035708427e-05,
          "std_diff": 0.0008090186747722328,
          "max_abs_diff": 0.031706929206848145,
          "top_changes": [
            [
              [
                0,
                0,
                10
              ],
              {
                "baseline_epsilon": 1.0095866918563843,
                "injected_epsilon": 0.9778797626495361,
                "epsilon_diff": -0.031706929206848145,
                "abs_diff": 0.031706929206848145
              },
              {
                "lower1": 0.3560161888599396,
                "middle": 0.7336282730102539,
                "upper": 1.012832522392273,
                "gamma": 0.09335881471633911
              }
            ]
          ]
        }
      }
    ],
    "performance": {
      "time": {
        "total_time": 0.018271684646606445,
        "baseline_forward_time": 0.006961345672607422,
        "injection_forward_time": 0.006493568420410156,
        "bounds_computation_time": 0.0007572174072265625,
        "violation_detection_time": 0.0015294551849365234
      },
      "memory": {
        "peak_memory_allocated_mb": 1308.20556640625,
        "peak_memory_reserved_mb": 1718.0,
        "baseline_memory_mb": 1249.0087890625,
        "injection_memory_mb": 1308.20556640625
      },
      "compute": {
        "num_attention_layers": 12,
        "num_attention_heads": 12,
        "sequence_length": 64,
        "batch_size": 2,
        "attention_flops": 0.0,
        "bounds_flops": 0.0
      },
      "extra": {}
    }
  }
}