{
  "exp_id": "gpt2_comprehensive_sweep_seed=0_injection_layers=[6]_injection_bit=27_injection_location=weights_injection_idx=(1, 9, 31, 62)",
  "num_runs": 1,
  "timestamp": "2025-10-14T18:24:43.936523",
  "baseline_loss": {
    "mean": 8.564263343811035,
    "std": 0.0,
    "min": 8.564263343811035,
    "max": 8.564263343811035
  },
  "injected_loss": {
    "mean": 8.5643310546875,
    "std": 0.0,
    "min": 8.5643310546875,
    "max": 8.5643310546875
  },
  "loss_diff": {
    "mean": 6.771087646484375e-05,
    "std": 0.0,
    "min": 6.771087646484375e-05,
    "max": 6.771087646484375e-05
  },
  "violation_detection": {
    "detection_rate": 0.0,
    "total_violations": 0,
    "avg_violations_per_run": 0.0
  }
}