{
  "exp_id": "gpt2_comprehensive_sweep_seed=0_injection_layers=[3]_injection_bit=23_injection_location=k_injection_idx=(0, 0, 10, 20)",
  "num_runs": 1,
  "timestamp": "2025-10-14T18:31:22.169751",
  "baseline_loss": {
    "mean": 7.881114482879639,
    "std": 0.0,
    "min": 7.881114482879639,
    "max": 7.881114482879639
  },
  "injected_loss": {
    "mean": 7.881103515625,
    "std": 0.0,
    "min": 7.881103515625,
    "max": 7.881103515625
  },
  "loss_diff": {
    "mean": -1.0967254638671875e-05,
    "std": 0.0,
    "min": -1.0967254638671875e-05,
    "max": -1.0967254638671875e-05
  },
  "violation_detection": {
    "detection_rate": 0.0,
    "total_violations": 0,
    "avg_violations_per_run": 0.0
  }
}