{
  "exp_id": "gpt2_comprehensive_sweep_seed=42_injection_layers=[3]_injection_bit=26_injection_location=q_injection_idx=(0, 0, 10, 20)",
  "num_runs": 1,
  "timestamp": "2025-10-14T18:21:30.128072",
  "baseline_loss": {
    "mean": 13.791719436645508,
    "std": 0.0,
    "min": 13.791719436645508,
    "max": 13.791719436645508
  },
  "injected_loss": {
    "mean": 13.791707038879395,
    "std": 0.0,
    "min": 13.791707038879395,
    "max": 13.791707038879395
  },
  "loss_diff": {
    "mean": -1.239776611328125e-05,
    "std": 0.0,
    "min": -1.239776611328125e-05,
    "max": -1.239776611328125e-05
  },
  "violation_detection": {
    "detection_rate": 0.0,
    "total_violations": 0,
    "avg_violations_per_run": 0.0
  }
}