{
  "exp_id": "gpt2_comprehensive_sweep_seed=42_injection_layers=[6]_injection_bit=15_injection_location=weights_injection_idx=(0, 0, 10, 20)",
  "run_id": 0,
  "timestamp": "2025-10-14T17:46:04.416763",
  "baseline_loss": 8.564263343811035,
  "injected_loss": 8.564262390136719,
  "loss_diff": -9.5367431640625e-07,
  "bounds_valid": null,
  "violation_detected": false,
  "num_violations": 0,
  "violation_positions": [],
  "baseline_epsilon_stats": {
    "6": {
      "epsilon_mean": 5.956024169921875,
      "epsilon_std": 4.427911758422852,
      "lower_mean": 0.5316863656044006,
      "upper_mean": 7.960529327392578,
      "gamma_mean": 0.18503431975841522
    }
  },
  "injected_epsilon_stats": null,
  "injection_info": {
    "location": "weights",
    "idx": [
      0,
      0,
      10,
      20
    ],
    "bit": 15,
    "enabled": true,
    "multi_bit": false,
    "bit_list": null,
    "random_position": false,
    "injection_rate": 0.0
  },
  "extra_data": {
    "epsilon_analysis": [
      {
        "layer_idx": 6,
        "analysis": {
          "mean_diff": 2.4617961003059463e-07,
          "std_diff": 9.648229934100527e-06,
          "max_abs_diff": 0.0003781318664550781,
          "top_changes": [
            [
              [
                0,
                0,
                10
              ],
              {
                "baseline_epsilon": 0.6432266235351562,
                "injected_epsilon": 0.6436047554016113,
                "epsilon_diff": 0.0003781318664550781,
                "abs_diff": 0.0003781318664550781
              },
              {
                "lower1": 0.002699655946344137,
                "middle": 0.005308442283421755,
                "upper": 0.8827047348022461,
                "gamma": 0.0006751418113708496
              }
            ]
          ]
        }
      }
    ],
    "performance": {
      "time": {
        "total_time": 0.01829051971435547,
        "baseline_forward_time": 0.006991386413574219,
        "injection_forward_time": 0.00653386116027832,
        "bounds_computation_time": 0.0007600784301757812,
        "violation_detection_time": 0.0014369487762451172
      },
      "memory": {
        "peak_memory_allocated_mb": 1368.27880859375,
        "peak_memory_reserved_mb": 1632.0,
        "baseline_memory_mb": 1309.08203125,
        "injection_memory_mb": 1368.27880859375
      },
      "compute": {
        "num_attention_layers": 12,
        "num_attention_heads": 12,
        "sequence_length": 64,
        "batch_size": 2,
        "attention_flops": 0.0,
        "bounds_flops": 0.0
      },
      "extra": {}
    }
  }
}