{
  "exp_id": "gpt2_comprehensive_sweep_seed=0_injection_layers=[6]_injection_bit=28_injection_location=weights_injection_idx=(0, 3, 53, 43)",
  "run_id": 0,
  "timestamp": "2025-12-12T07:07:42.554816",
  "baseline_loss": 8.564264297485352,
  "injected_loss": 8.564228057861328,
  "loss_diff": -3.62396240234375e-05,
  "bounds_valid": null,
  "violation_detected": false,
  "num_violations": 0,
  "violation_positions": [],
  "baseline_epsilon_stats": {
    "6": {
      "epsilon_mean": 5.956024169921875,
      "epsilon_std": 4.427911758422852,
      "lower_mean": 0.5316863656044006,
      "upper_mean": 7.960529327392578,
      "gamma_mean": 0.18503431975841522
    }
  },
  "injected_epsilon_stats": null,
  "injection_info": {
    "location": "weights",
    "idx": [
      0,
      3,
      53,
      43
    ],
    "bit": 28,
    "enabled": true,
    "multi_bit": false,
    "bit_list": null,
    "random_position": false,
    "injection_rate": 0.0
  },
  "extra_data": {
    "epsilon_analysis": [
      {
        "layer_idx": 6,
        "analysis": {
          "mean_diff": 3.7741538108093664e-05,
          "std_diff": 0.001479160157032311,
          "max_abs_diff": 0.05797100067138672,
          "top_changes": [
            [
              [
                0,
                3,
                53
              ],
              {
                "baseline_epsilon": 1.8343658447265625,
                "injected_epsilon": 1.8923368453979492,
                "epsilon_diff": 0.05797100067138672,
                "abs_diff": 0.05797100067138672
              },
              {
                "lower1": 0.02341434545814991,
                "middle": 0.046029046177864075,
                "upper": 2.09439754486084,
                "gamma": 0.005870819091796875
              }
            ]
          ]
        }
      }
    ],
    "performance": {
      "time": {
        "total_time": 0.018680572509765625,
        "baseline_forward_time": 0.0072329044342041016,
        "injection_forward_time": 0.0067174434661865234,
        "bounds_computation_time": 0.0007393360137939453,
        "violation_detection_time": 0.00142669677734375
      },
      "memory": {
        "peak_memory_allocated_mb": 1350.00439453125,
        "peak_memory_reserved_mb": 1720.0,
        "baseline_memory_mb": 1290.8076171875,
        "injection_memory_mb": 1350.00439453125
      },
      "compute": {
        "num_attention_layers": 12,
        "num_attention_heads": 12,
        "sequence_length": 64,
        "batch_size": 2,
        "attention_flops": 0.0,
        "bounds_flops": 0.0
      },
      "extra": {}
    }
  }
}