{
  "exp_id": "gpt2_comprehensive_sweep_seed=3407_injection_layers=[3]_injection_bit=25_injection_location=q_injection_idx=(0, 0, 10, 20)",
  "run_id": 0,
  "timestamp": "2025-10-14T18:13:30.505404",
  "baseline_loss": 13.791719436645508,
  "injected_loss": 13.791707038879395,
  "loss_diff": -1.239776611328125e-05,
  "bounds_valid": null,
  "violation_detected": false,
  "num_violations": 0,
  "violation_positions": [],
  "baseline_epsilon_stats": {
    "3": {
      "epsilon_mean": 6.302740097045898,
      "epsilon_std": 2.23594331741333,
      "lower_mean": 0.9555976390838623,
      "upper_mean": 17.05971336364746,
      "gamma_mean": 1.0718344449996948
    }
  },
  "injected_epsilon_stats": null,
  "injection_info": {
    "location": "q",
    "idx": [
      0,
      0,
      10,
      20
    ],
    "bit": 25,
    "enabled": true,
    "multi_bit": false,
    "bit_list": null,
    "random_position": false,
    "injection_rate": 0.0
  },
  "extra_data": {
    "epsilon_analysis": [
      {
        "layer_idx": 3,
        "analysis": {
          "mean_diff": 0.0002580210566520691,
          "std_diff": 0.010112318210303783,
          "max_abs_diff": 0.3963203430175781,
          "top_changes": [
            [
              [
                0,
                0,
                10
              ],
              {
                "baseline_epsilon": 5.145618438720703,
                "injected_epsilon": 5.541938781738281,
                "epsilon_diff": 0.3963203430175781,
                "abs_diff": 0.3963203430175781
              },
              {
                "lower1": 0.11899806559085846,
                "middle": 4.90303373336792,
                "upper": 6.4976277351379395,
                "gamma": 5.996838569641113
              }
            ]
          ]
        }
      }
    ],
    "performance": {
      "time": {
        "total_time": 0.01819896697998047,
        "baseline_forward_time": 0.006949186325073242,
        "injection_forward_time": 0.0065381526947021484,
        "bounds_computation_time": 0.0007627010345458984,
        "violation_detection_time": 0.0014262199401855469
      },
      "memory": {
        "peak_memory_allocated_mb": 1408.32763671875,
        "peak_memory_reserved_mb": 1718.0,
        "baseline_memory_mb": 1349.130859375,
        "injection_memory_mb": 1408.32763671875
      },
      "compute": {
        "num_attention_layers": 12,
        "num_attention_heads": 12,
        "sequence_length": 64,
        "batch_size": 2,
        "attention_flops": 0.0,
        "bounds_flops": 0.0
      },
      "extra": {}
    }
  }
}