{
  "exp_id": "gpt2_comprehensive_sweep_seed=42_injection_layers=[3]_injection_bit=31_injection_location=k_injection_idx=(1, 6, 32, 1)",
  "run_id": 0,
  "timestamp": "2025-10-14T17:46:02.908460",
  "baseline_loss": 8.997108459472656,
  "injected_loss": 8.997132301330566,
  "loss_diff": 2.384185791015625e-05,
  "bounds_valid": null,
  "violation_detected": false,
  "num_violations": 0,
  "violation_positions": [],
  "baseline_epsilon_stats": {
    "3": {
      "epsilon_mean": 4.6995015144348145,
      "epsilon_std": 4.219686508178711,
      "lower_mean": 0.4203936457633972,
      "upper_mean": 5.6145782470703125,
      "gamma_mean": 0.16137349605560303
    }
  },
  "injected_epsilon_stats": null,
  "injection_info": {
    "location": "k",
    "idx": [
      1,
      6,
      32,
      1
    ],
    "bit": 31,
    "enabled": true,
    "multi_bit": false,
    "bit_list": null,
    "random_position": false,
    "injection_rate": 0.0
  },
  "extra_data": {
    "epsilon_analysis": [
      {
        "layer_idx": 3,
        "analysis": {
          "mean_diff": 6.657792255282402e-05,
          "std_diff": 0.0006453291862271726,
          "max_abs_diff": 0.009860515594482422,
          "top_changes": [
            [
              [
                1,
                6,
                7
              ],
              {
                "baseline_epsilon": 6.251054763793945,
                "injected_epsilon": 6.260915279388428,
                "epsilon_diff": 0.009860515594482422,
                "abs_diff": 0.009860515594482422
              },
              {
                "lower1": 0.8127026557922363,
                "middle": 1.7710354328155518,
                "upper": 6.548864841461182,
                "gamma": 0.22936511039733887
              }
            ],
            [
              [
                1,
                6,
                6
              ],
              {
                "baseline_epsilon": 6.188518524169922,
                "injected_epsilon": 6.197418212890625,
                "epsilon_diff": 0.008899688720703125,
                "abs_diff": 0.008899688720703125
              },
              {
                "lower1": 0.7671127915382385,
                "middle": 1.6584347486495972,
                "upper": 6.536062717437744,
                "gamma": 0.21474844217300415
              }
            ],
            [
              [
                1,
                6,
                8
              ],
              {
                "baseline_epsilon": 3.923581600189209,
                "injected_epsilon": 3.9295129776000977,
                "epsilon_diff": 0.005931377410888672,
                "abs_diff": 0.005931377410888672
              },
              {
                "lower1": 0.6834068894386292,
                "middle": 1.469857931137085,
                "upper": 4.040070533752441,
                "gamma": 0.18858051300048828
              }
            ],
            [
              [
                1,
                6,
                9
              ],
              {
                "baseline_epsilon": 4.028690338134766,
                "injected_epsilon": 4.034485816955566,
                "epsilon_diff": 0.005795478820800781,
                "abs_diff": 0.005795478820800781
              },
              {
                "lower1": 0.8945799469947815,
                "middle": 1.997107744216919,
                "upper": 4.145866870880127,
                "gamma": 0.2563150227069855
              }
            ],
            [
              [
                1,
                6,
                10
              ],
              {
                "baseline_epsilon": 4.1456685066223145,
                "injected_epsilon": 4.151271820068359,
                "epsilon_diff": 0.005603313446044922,
                "abs_diff": 0.005603313446044922
              },
              {
                "lower1": 1.0247279405593872,
                "middle": 2.345918893814087,
                "upper": 4.269443035125732,
                "gamma": 0.3012040853500366
              }
            ],
            [
              [
                1,
                6,
                11
              ],
              {
                "baseline_epsilon": 4.242837905883789,
                "injected_epsilon": 4.248246669769287,
                "epsilon_diff": 0.005408763885498047,
                "abs_diff": 0.005408763885498047
              },
              {
                "lower1": 1.0712990760803223,
                "middle": 2.4754819869995117,
                "upper": 4.374897003173828,
                "gamma": 0.31794899702072144
              }
            ],
            [
              [
                1,
                6,
                4
              ],
              {
                "baseline_epsilon": 3.3844387531280518,
                "injected_epsilon": 3.389803409576416,
                "epsilon_diff": 0.005364656448364258,
                "abs_diff": 0.005364656448364258
              },
              {
                "lower1": 0.8146438598632812,
                "middle": 1.7957606315612793,
                "upper": 3.492398738861084,
                "gamma": 0.22999347746372223
              }
            ],
            [
              [
                1,
                6,
                12
              ],
              {
                "baseline_epsilon": 4.346863746643066,
                "injected_epsilon": 4.352061748504639,
                "epsilon_diff": 0.005198001861572266,
                "abs_diff": 0.005198001861572266
              },
              {
                "lower1": 1.1146668195724487,
                "middle": 2.5986838340759277,
                "upper": 4.488870620727539,
                "gamma": 0.333898663520813
              }
            ],
            [
              [
                1,
                6,
                13
              ],
              {
                "baseline_epsilon": 4.457736015319824,
                "injected_epsilon": 4.46271276473999,
                "epsilon_diff": 0.004976749420166016,
                "abs_diff": 0.004976749420166016
              },
              {
                "lower1": 1.1610947847366333,
                "middle": 2.733628511428833,
                "upper": 4.609933376312256,
                "gamma": 0.351380318403244
              }
            ],
            [
              [
                1,
                6,
                14
              ],
              {
                "baseline_epsilon": 4.576796531677246,
                "injected_epsilon": 4.581541061401367,
                "epsilon_diff": 0.004744529724121094,
                "abs_diff": 0.004744529724121094
              },
              {
                "lower1": 1.2040467262268066,
                "middle": 2.861284017562866,
                "upper": 4.74040412902832,
                "gamma": 0.36795270442962646
              }
            ],
            [
              [
                1,
                6,
                15
              ],
              {
                "baseline_epsilon": 4.698240756988525,
                "injected_epsilon": 4.702770233154297,
                "epsilon_diff": 0.004529476165771484,
                "abs_diff": 0.004529476165771484
              },
              {
                "lower1": 1.2466601133346558,
                "middle": 2.9909181594848633,
                "upper": 4.873294830322266,
                "gamma": 0.384800523519516
              }
            ],
            [
              [
                1,
                6,
                16
              ],
              {
                "baseline_epsilon": 4.811621189117432,
                "injected_epsilon": 4.815917015075684,
                "epsilon_diff": 0.004295825958251953,
                "abs_diff": 0.004295825958251953
              },
              {
                "lower1": 1.2846269607543945,