{
  "exp_id": "gpt2_comprehensive_sweep_seed=0_injection_layers=[6]_injection_bit=6_injection_location=scores_injection_idx=(1, 9, 31, 62)",
  "run_id": 0,
  "timestamp": "2025-12-12T07:07:26.699643",
  "baseline_loss": 8.564264297485352,
  "injected_loss": 8.564263343811035,
  "loss_diff": -9.5367431640625e-07,
  "bounds_valid": null,
  "violation_detected": false,
  "num_violations": 0,
  "violation_positions": [],
  "baseline_epsilon_stats": {
    "6": {
      "epsilon_mean": 5.956024169921875,
      "epsilon_std": 4.427911758422852,
      "lower_mean": 0.5316863656044006,
      "upper_mean": 7.960529327392578,
      "gamma_mean": 0.18503431975841522
    }
  },
  "injected_epsilon_stats": null,
  "injection_info": {
    "location": "scores",
    "idx": [
      1,
      9,
      31,
      62
    ],
    "bit": 6,
    "enabled": true,
    "multi_bit": false,
    "bit_list": null,
    "random_position": false,
    "injection_rate": 0.0
  },
  "extra_data": {
    "epsilon_analysis": [
      {
        "layer_idx": 6,
        "analysis": {
          "mean_diff": -9.313225746154785e-10,
          "std_diff": 3.650024282819686e-08,
          "max_abs_diff": 1.430511474609375e-06,
          "top_changes": [
            [
              [
                1,
                9,
                31
              ],
              {
                "baseline_epsilon": 7.418415546417236,
                "injected_epsilon": 7.418414115905762,
                "epsilon_diff": -1.430511474609375e-06,
                "abs_diff": 1.430511474609375e-06
              },
              {
                "lower1": 1.8620437383651733,
                "middle": 5.369678020477295,
                "upper": 9.679186820983887,
                "gamma": 0.7027654647827148
              }
            ]
          ]
        }
      }
    ],
    "performance": {
      "time": {
        "total_time": 0.01861405372619629,
        "baseline_forward_time": 0.007158994674682617,
        "injection_forward_time": 0.006720781326293945,
        "bounds_computation_time": 0.0007376670837402344,
        "violation_detection_time": 0.0014312267303466797
      },
      "memory": {
        "peak_memory_allocated_mb": 1389.30322265625,
        "peak_memory_reserved_mb": 1720.0,
        "baseline_memory_mb": 1330.1064453125,
        "injection_memory_mb": 1389.30322265625
      },
      "compute": {
        "num_attention_layers": 12,
        "num_attention_heads": 12,
        "sequence_length": 64,
        "batch_size": 2,
        "attention_flops": 0.0,
        "bounds_flops": 0.0
      },
      "extra": {}
    }
  }
}