{
  "exp_id": "gpt2_comprehensive_sweep_seed=3407_injection_layers=[9]_injection_bit=26_injection_location=k_injection_idx=(1, 9, 31, 62)",
  "num_runs": 1,
  "timestamp": "2025-12-12T07:04:46.631574",
  "baseline_loss": {
    "mean": 13.721663475036621,
    "std": 0.0,
    "min": 13.721663475036621,
    "max": 13.721663475036621
  },
  "injected_loss": {
    "mean": 13.721835136413574,
    "std": 0.0,
    "min": 13.721835136413574,
    "max": 13.721835136413574
  },
  "loss_diff": {
    "mean": 0.000171661376953125,
    "std": 0.0,
    "min": 0.000171661376953125,
    "max": 0.000171661376953125
  },
  "violation_detection": {
    "detection_rate": 1.0,
    "total_violations": 5,
    "avg_violations_per_run": 5.0
  }
}