{
  "exp_id": "gpt2_comprehensive_sweep_seed=123_injection_layers=[9]_injection_bit=30_injection_location=weights_injection_idx=(0, 0, 10, 20)",
  "num_runs": 1,
  "timestamp": "2025-10-14T20:39:45.724678",
  "baseline_loss": {
    "mean": 8.462053298950195,
    "std": 0.0,
    "min": 8.462053298950195,
    "max": 8.462053298950195
  },
  "injected_loss": {
    "mean": 8.527713775634766,
    "std": 0.0,
    "min": 8.527713775634766,
    "max": 8.527713775634766
  },
  "loss_diff": {
    "mean": 0.06566047668457031,
    "std": 0.0,
    "min": 0.06566047668457031,
    "max": 0.06566047668457031
  },
  "violation_detection": {
    "detection_rate": 1.0,
    "total_violations": 1,
    "avg_violations_per_run": 1.0
  }
}