{
  "exp_id": "gpt2_comprehensive_sweep_seed=3407_injection_layers=[6]_injection_bit=21_injection_location=weights_injection_idx=(1, 6, 32, 1)",
  "run_id": 0,
  "timestamp": "2025-12-12T07:04:22.154899",
  "baseline_loss": 12.89038372039795,
  "injected_loss": 12.890384674072266,
  "loss_diff": 9.5367431640625e-07,
  "bounds_valid": null,
  "violation_detected": false,
  "num_violations": 0,
  "violation_positions": [],
  "baseline_epsilon_stats": {
    "6": {
      "epsilon_mean": 7.864658355712891,
      "epsilon_std": 3.4537131786346436,
      "lower_mean": 0.852850615978241,
      "upper_mean": 17.020122528076172,
      "gamma_mean": 1.5244500637054443
    }
  },
  "injected_epsilon_stats": null,
  "injection_info": {
    "location": "weights",
    "idx": [
      1,
      6,
      32,
      1
    ],
    "bit": 21,
    "enabled": true,
    "multi_bit": false,
    "bit_list": null,
    "random_position": false,
    "injection_rate": 0.0
  },
  "extra_data": {
    "epsilon_analysis": [
      {
        "layer_idx": 6,
        "analysis": {
          "mean_diff": -2.1358332560339477e-06,
          "std_diff": 8.37072147987783e-05,
          "max_abs_diff": 0.0032806396484375,
          "top_changes": [
            [
              [
                1,
                6,
                32
              ],
              {
                "baseline_epsilon": 16.259742736816406,
                "injected_epsilon": 16.25646209716797,
                "epsilon_diff": -0.0032806396484375,
                "abs_diff": 0.0032806396484375
              },
              {
                "lower1": 1.9698028564453125,
                "middle": 12.349164962768555,
                "upper": 18.457042694091797,
                "gamma": 1.9114954471588135
              }
            ]
          ]
        }
      }
    ],
    "performance": {
      "time": {
        "total_time": 0.018902301788330078,
        "baseline_forward_time": 0.007264137268066406,
        "injection_forward_time": 0.006799936294555664,
        "bounds_computation_time": 0.0007717609405517578,
        "violation_detection_time": 0.0014629364013671875
      },
      "memory": {
        "peak_memory_allocated_mb": 1088.93701171875,
        "peak_memory_reserved_mb": 1874.0,
        "baseline_memory_mb": 1029.740234375,
        "injection_memory_mb": 1088.93701171875
      },
      "compute": {
        "num_attention_layers": 12,
        "num_attention_heads": 12,
        "sequence_length": 64,
        "batch_size": 2,
        "attention_flops": 0.0,
        "bounds_flops": 0.0
      },
      "extra": {}
    }
  }
}