{
  "exp_id": "gpt2_comprehensive_sweep_seed=3407_injection_layers=[0]_injection_bit=24_injection_location=scores_injection_idx=(1, 6, 32, 1)",
  "run_id": 0,
  "timestamp": "2025-12-12T07:03:38.249412",
  "baseline_loss": 13.588921546936035,
  "injected_loss": 13.589408874511719,
  "loss_diff": 0.00048732757568359375,
  "bounds_valid": null,
  "violation_detected": true,
  "num_violations": 1,
  "violation_positions": [
    [
      0,
      [
        1,
        6,
        32
      ]
    ]
  ],
  "baseline_epsilon_stats": {
    "0": {
      "epsilon_mean": 4.467039108276367,
      "epsilon_std": 2.3451578617095947,
      "lower_mean": 0.39254388213157654,
      "upper_mean": 9.511073112487793,
      "gamma_mean": 0.164742574095726
    }
  },
  "injected_epsilon_stats": null,
  "injection_info": {
    "location": "scores",
    "idx": [
      1,
      6,
      32,
      1
    ],
    "bit": 24,
    "enabled": true,
    "multi_bit": false,
    "bit_list": null,
    "random_position": false,
    "injection_rate": 0.0
  },
  "extra_data": {
    "epsilon_analysis": [
      {
        "layer_idx": 0,
        "analysis": {
          "mean_diff": 0.003205949440598488,
          "std_diff": 0.12564703822135925,
          "max_abs_diff": 4.924338340759277,
          "top_changes": [
            [
              [
                1,
                6,
                32
              ],
              {
                "baseline_epsilon": 5.546673774719238,
                "injected_epsilon": 10.471012115478516,
                "epsilon_diff": 4.924338340759277,
                "abs_diff": 4.924338340759277
              },
              {
                "lower1": 0.4267100989818573,
                "middle": 0.872336208820343,
                "upper": 7.716122627258301,
                "gamma": 0.11306226253509521
              }
            ]
          ]
        }
      }
    ],
    "performance": {
      "time": {
        "total_time": 0.018889904022216797,
        "baseline_forward_time": 0.007294893264770508,
        "injection_forward_time": 0.006676197052001953,
        "bounds_computation_time": 0.0007727146148681641,
        "violation_detection_time": 0.0015375614166259766
      },
      "memory": {
        "peak_memory_allocated_mb": 1219.095703125,
        "peak_memory_reserved_mb": 1854.0,
        "baseline_memory_mb": 1159.89892578125,
        "injection_memory_mb": 1219.095703125
      },
      "compute": {
        "num_attention_layers": 12,
        "num_attention_heads": 12,
        "sequence_length": 64,
        "batch_size": 2,
        "attention_flops": 0.0,
        "bounds_flops": 0.0
      },
      "extra": {}
    }
  }
}