{
  "exp_id": "gpt2_comprehensive_sweep_seed=123_injection_layers=[3]_injection_bit=23_injection_location=k_injection_idx=(1, 6, 32, 1)",
  "num_runs": 1,
  "timestamp": "2025-12-12T07:02:32.094319",
  "baseline_loss": {
    "mean": 13.791720390319824,
    "std": 0.0,
    "min": 13.791720390319824,
    "max": 13.791720390319824
  },
  "injected_loss": {
    "mean": 13.791733741760254,
    "std": 0.0,
    "min": 13.791733741760254,
    "max": 13.791733741760254
  },
  "loss_diff": {
    "mean": 1.33514404296875e-05,
    "std": 0.0,
    "min": 1.33514404296875e-05,
    "max": 1.33514404296875e-05
  },
  "violation_detection": {
    "detection_rate": 0.0,
    "total_violations": 0,
    "avg_violations_per_run": 0.0
  }
}