{
  "exp_id": "gpt2_comprehensive_sweep_seed=123_injection_layers=[0]_injection_bit=28_injection_location=q_injection_idx=(1, 6, 32, 1)",
  "run_id": 0,
  "timestamp": "2025-12-12T07:10:10.872377",
  "baseline_loss": 10.275479316711426,
  "injected_loss": 10.275471687316895,
  "loss_diff": -7.62939453125e-06,
  "bounds_valid": null,
  "violation_detected": false,
  "num_violations": 0,
  "violation_positions": [],
  "baseline_epsilon_stats": {
    "0": {
      "epsilon_mean": 1.9825315475463867,
      "epsilon_std": 1.6013407707214355,
      "lower_mean": 0.3287202715873718,
      "upper_mean": 2.0460193157196045,
      "gamma_mean": 0.0896625965833664
    }
  },
  "injected_epsilon_stats": null,
  "injection_info": {
    "location": "q",
    "idx": [
      1,
      6,
      32,
      1
    ],
    "bit": 28,
    "enabled": true,
    "multi_bit": false,
    "bit_list": null,
    "random_position": false,
    "injection_rate": 0.0
  },
  "extra_data": {
    "epsilon_analysis": [
      {
        "layer_idx": 0,
        "analysis": {
          "mean_diff": -3.2059382647275925e-05,
          "std_diff": 0.0012564660282805562,
          "max_abs_diff": 0.04924321174621582,
          "top_changes": [
            [
              [
                1,
                6,
                32
              ],
              {
                "baseline_epsilon": 2.860581398010254,
                "injected_epsilon": 2.811338186264038,
                "epsilon_diff": -0.04924321174621582,
                "abs_diff": 0.04924321174621582
              },
              {
                "lower1": 0.42157915234565735,
                "middle": 0.8729342818260193,
                "upper": 2.9041638374328613,
                "gamma": 0.1116175651550293
              }
            ]
          ]
        }
      }
    ],
    "performance": {
      "time": {
        "total_time": 0.01839590072631836,
        "baseline_forward_time": 0.007105827331542969,
        "injection_forward_time": 0.0065348148345947266,
        "bounds_computation_time": 0.0007367134094238281,
        "violation_detection_time": 0.0014395713806152344
      },
      "memory": {
        "peak_memory_allocated_mb": 1619.583984375,
        "peak_memory_reserved_mb": 1830.0,
        "baseline_memory_mb": 1560.38720703125,
        "injection_memory_mb": 1619.583984375
      },
      "compute": {
        "num_attention_layers": 12,
        "num_attention_heads": 12,
        "sequence_length": 64,
        "batch_size": 2,
        "attention_flops": 0.0,
        "bounds_flops": 0.0
      },
      "extra": {}
    }
  }
}