{
  "exp_id": "gpt2_comprehensive_sweep_seed=0_injection_layers=[0]_injection_bit=31_injection_location=k_injection_idx=(1, 6, 32, 1)",
  "num_runs": 1,
  "timestamp": "2025-12-12T07:37:02.507714",
  "baseline_loss": {
    "mean": 10.275479316711426,
    "std": 0.0,
    "min": 10.275479316711426,
    "max": 10.275479316711426
  },
  "injected_loss": {
    "mean": 10.275741577148438,
    "std": 0.0,
    "min": 10.275741577148438,
    "max": 10.275741577148438
  },
  "loss_diff": {
    "mean": 0.00026226043701171875,
    "std": 0.0,
    "min": 0.00026226043701171875,
    "max": 0.00026226043701171875
  },
  "violation_detection": {
    "detection_rate": 0.0,
    "total_violations": 0,
    "avg_violations_per_run": 0.0
  }
}