{
  "exp_id": "gpt2_comprehensive_sweep_seed=3407_injection_layers=[6]_injection_bit=30_injection_location=weights_injection_idx=(1, 9, 31, 62)",
  "run_id": 0,
  "timestamp": "2025-12-12T07:04:28.277004",
  "baseline_loss": 12.89038372039795,
  "injected_loss": 12.831938743591309,
  "loss_diff": -0.058444976806640625,
  "bounds_valid": null,
  "violation_detected": true,
  "num_violations": 1,
  "violation_positions": [
    [
      6,
      [
        1,
        9,
        31
      ]
    ]
  ],
  "baseline_epsilon_stats": {
    "6": {
      "epsilon_mean": 7.864658355712891,
      "epsilon_std": 3.4537131786346436,
      "lower_mean": 0.852850615978241,
      "upper_mean": 17.020122528076172,
      "gamma_mean": 1.5244500637054443
    }
  },
  "injected_epsilon_stats": null,
  "injection_info": {
    "location": "weights",
    "idx": [
      1,
      9,
      31,
      62
    ],
    "bit": 30,
    "enabled": true,
    "multi_bit": false,
    "bit_list": null,
    "random_position": false,
    "injection_rate": 0.0
  },
  "extra_data": {
    "epsilon_analysis": [
      {
        "layer_idx": 6,
        "analysis": {
          "mean_diff": 1.3564137483070815e+34,
          "std_diff": Infinity,
          "max_abs_diff": 2.0834514540171472e+37,
          "top_changes": [
            [
              [
                1,
                9,
                31
              ],
              {
                "baseline_epsilon": 5.643606185913086,
                "injected_epsilon": 2.0834514540171472e+37,
                "epsilon_diff": 2.0834514540171472e+37,
                "abs_diff": 2.0834514540171472e+37
              },
              {
                "lower1": 0.1896509826183319,
                "middle": 5.151686668395996,
                "upper": 9.402652740478516,
                "gamma": 5.429478645324707
              }
            ]
          ]
        }
      }
    ],
    "performance": {
      "time": {
        "total_time": 0.019191265106201172,
        "baseline_forward_time": 0.007313728332519531,
        "injection_forward_time": 0.006768703460693359,
        "bounds_computation_time": 0.0009284019470214844,
        "violation_detection_time": 0.0015501976013183594
      },
      "memory": {
        "peak_memory_allocated_mb": 1088.93701171875,
        "peak_memory_reserved_mb": 1874.0,
        "baseline_memory_mb": 1029.740234375,
        "injection_memory_mb": 1088.93701171875
      },
      "compute": {
        "num_attention_layers": 12,
        "num_attention_heads": 12,
        "sequence_length": 64,
        "batch_size": 2,
        "attention_flops": 0.0,
        "bounds_flops": 0.0
      },
      "extra": {}
    }
  }
}