{
  "exp_id": "gpt2_comprehensive_sweep_seed=42_injection_layers=[6]_injection_bit=26_injection_location=weights_injection_idx=(1, 9, 31, 62)",
  "num_runs": 1,
  "timestamp": "2025-10-14T18:21:35.893275",
  "baseline_loss": {
    "mean": 12.890384674072266,
    "std": 0.0,
    "min": 12.890384674072266,
    "max": 12.890384674072266
  },
  "injected_loss": {
    "mean": 12.891191482543945,
    "std": 0.0,
    "min": 12.891191482543945,
    "max": 12.891191482543945
  },
  "loss_diff": {
    "mean": 0.0008068084716796875,
    "std": 0.0,
    "min": 0.0008068084716796875,
    "max": 0.0008068084716796875
  },
  "violation_detection": {
    "detection_rate": 1.0,
    "total_violations": 1,
    "avg_violations_per_run": 1.0
  }
}