{
  "exp_id": "gpt2_comprehensive_sweep_seed=42_injection_layers=[0]_injection_bit=25_injection_location=k_injection_idx=(0, 0, 10, 20)",
  "num_runs": 1,
  "timestamp": "2025-10-14T18:12:40.980325",
  "baseline_loss": {
    "mean": 13.588921546936035,
    "std": 0.0,
    "min": 13.588921546936035,
    "max": 13.588921546936035
  },
  "injected_loss": {
    "mean": 13.588912963867188,
    "std": 0.0,
    "min": 13.588912963867188,
    "max": 13.588912963867188
  },
  "loss_diff": {
    "mean": -8.58306884765625e-06,
    "std": 0.0,
    "min": -8.58306884765625e-06,
    "max": -8.58306884765625e-06
  },
  "violation_detection": {
    "detection_rate": 0.0,
    "total_violations": 0,
    "avg_violations_per_run": 0.0
  }
}