{
  "exp_id": "gpt2_comprehensive_sweep_seed=42_injection_layers=[0]_injection_bit=30_injection_location=k_injection_idx=(1, 6, 32, 1)",
  "num_runs": 1,
  "timestamp": "2025-12-12T07:00:45.250918",
  "baseline_loss": {
    "mean": 13.588921546936035,
    "std": 0.0,
    "min": 13.588921546936035,
    "max": 13.588921546936035
  },
  "injected_loss": {
    "mean": 13.588693618774414,
    "std": 0.0,
    "min": 13.588693618774414,
    "max": 13.588693618774414
  },
  "loss_diff": {
    "mean": -0.00022792816162109375,
    "std": 0.0,
    "min": -0.00022792816162109375,
    "max": -0.00022792816162109375
  },
  "violation_detection": {
    "detection_rate": 0.0,
    "total_violations": 0,
    "avg_violations_per_run": 0.0
  }
}