{
  "exp_id": "gpt2_comprehensive_sweep_seed=42_injection_layers=[3]_injection_bit=24_injection_location=k_injection_idx=(1, 6, 32, 1)",
  "run_id": 0,
  "timestamp": "2025-10-14T20:39:04.559585",
  "baseline_loss": 8.997108459472656,
  "injected_loss": 8.997071266174316,
  "loss_diff": -3.719329833984375e-05,
  "bounds_valid": null,
  "violation_detected": false,
  "num_violations": 0,
  "violation_positions": [],
  "baseline_epsilon_stats": {
    "3": {
      "epsilon_mean": 4.6995015144348145,
      "epsilon_std": 4.219686508178711,
      "lower_mean": 0.4203936457633972,
      "upper_mean": 5.6145782470703125,
      "gamma_mean": 0.16137349605560303
    }
  },
  "injected_epsilon_stats": null,
  "injection_info": {
    "location": "k",
    "idx": [
      1,
      6,
      32,
      1
    ],
    "bit": 24,
    "enabled": true,
    "multi_bit": false,
    "bit_list": null,
    "random_position": false,
    "injection_rate": 0.0
  },
  "extra_data": {
    "epsilon_analysis": [
      {
        "layer_idx": 3,
        "analysis": {
          "mean_diff": -0.0001162480766652152,
          "std_diff": 0.001120045781135559,
          "max_abs_diff": 0.019465923309326172,
          "top_changes": [
            [
              [
                1,
                6,
                7
              ],
              {
                "baseline_epsilon": 6.251054763793945,
                "injected_epsilon": 6.231588840484619,
                "epsilon_diff": -0.019465923309326172,
                "abs_diff": 0.019465923309326172
              },
              {
                "lower1": 0.8127026557922363,
                "middle": 1.7710354328155518,
                "upper": 6.548864841461182,
                "gamma": 0.22936511039733887
              }
            ],
            [
              [
                1,
                6,
                6
              ],
              {
                "baseline_epsilon": 6.188518524169922,
                "injected_epsilon": 6.171021461486816,
                "epsilon_diff": -0.01749706268310547,
                "abs_diff": 0.01749706268310547
              },
              {
                "lower1": 0.7671127915382385,
                "middle": 1.6584347486495972,
                "upper": 6.536062717437744,
                "gamma": 0.21474844217300415
              }
            ],
            [
              [
                1,
                6,
                8
              ],
              {
                "baseline_epsilon": 3.923581600189209,
                "injected_epsilon": 3.9133448600769043,
                "epsilon_diff": -0.010236740112304688,
                "abs_diff": 0.010236740112304688
              },
              {
                "lower1": 0.6834068894386292,
                "middle": 1.469857931137085,
                "upper": 4.040070533752441,
                "gamma": 0.18858051300048828
              }
            ],
            [
              [
                1,
                6,
                9
              ],
              {
                "baseline_epsilon": 4.028690338134766,
                "injected_epsilon": 4.0187506675720215,
                "epsilon_diff": -0.00993967056274414,
                "abs_diff": 0.00993967056274414
              },
              {
                "lower1": 0.8945799469947815,
                "middle": 1.997107744216919,
                "upper": 4.145866870880127,
                "gamma": 0.2563150227069855
              }
            ],
            [
              [
                1,
                6,
                10
              ],
              {
                "baseline_epsilon": 4.1456685066223145,
                "injected_epsilon": 4.136117935180664,
                "epsilon_diff": -0.00955057144165039,
                "abs_diff": 0.00955057144165039
              },
              {
                "lower1": 1.0247279405593872,
                "middle": 2.345918893814087,
                "upper": 4.269443035125732,
                "gamma": 0.3012040853500366
              }
            ],
            [
              [
                1,
                6,
                11
              ],
              {
                "baseline_epsilon": 4.242837905883789,
                "injected_epsilon": 4.233673095703125,
                "epsilon_diff": -0.009164810180664062,
                "abs_diff": 0.009164810180664062
              },
              {
                "lower1": 1.0712990760803223,
                "middle": 2.4754819869995117,
                "upper": 4.374897003173828,
                "gamma": 0.31794899702072144
              }
            ],
            [
              [
                1,
                6,
                4
              ],
              {
                "baseline_epsilon": 3.3844387531280518,
                "injected_epsilon": 3.3754491806030273,
                "epsilon_diff": -0.008989572525024414,
                "abs_diff": 0.008989572525024414
              },
              {
                "lower1": 0.8146438598632812,
                "middle": 1.7957606315612793,
                "upper": 3.492398738861084,
                "gamma": 0.22999347746372223
              }
            ],
            [
              [
                1,
                6,
                12
              ],
              {
                "baseline_epsilon": 4.346863746643066,
                "injected_epsilon": 4.338107109069824,
                "epsilon_diff": -0.008756637573242188,
                "abs_diff": 0.008756637573242188
              },
              {
                "lower1": 1.1146668195724487,
                "middle": 2.5986838340759277,
                "upper": 4.488870620727539,
                "gamma": 0.333898663520813
              }
            ],
            [
              [
                1,
                6,
                13
              ],
              {
                "baseline_epsilon": 4.457736015319824,
                "injected_epsilon": 4.449397087097168,
                "epsilon_diff": -0.00833892822265625,
                "abs_diff": 0.00833892822265625
              },
              {
                "lower1": 1.1610947847366333,
                "middle": 2.733628511428833,
                "upper": 4.609933376312256,
                "gamma": 0.351380318403244
              }
            ],
            [
              [
                1,
                6,
                14
              ],
              {
                "baseline_epsilon": 4.576796531677246,
                "injected_epsilon": 4.5688910484313965,
                "epsilon_diff": -0.00790548324584961,
                "abs_diff": 0.00790548324584961
              },
              {
                "lower1": 1.2040467262268066,
                "middle": 2.861284017562866,
                "upper": 4.74040412902832,
                "gamma": 0.36795270442962646
              }
            ],
            [
              [
                1,
                6,
                15
              ],
              {
                "baseline_epsilon": 4.698240756988525,
                "injected_epsilon": 4.690732955932617,
                "epsilon_diff": -0.007507801055908203,
                "abs_diff": 0.007507801055908203
              },
              {
                "lower1": 1.2466601133346558,
                "middle": 2.9909181594848633,
                "upper": 4.873294830322266,
                "gamma": 0.384800523519516
              }
            ],
            [
              [
                1,
                6,
                16
              ],
              {
                "baseline_epsilon": 4.811621189117432,
                "injected_epsilon": 4.804539203643799,
                "epsilon_diff": -0.0070819854736328125,
                "abs_diff": 0.0070819854736328125
              },
              {
                "lower1": 1.2846269607543945,