{
  "exp_id": "gpt2_comprehensive_sweep_seed=3407_injection_layers=[9]_injection_bit=7_injection_location=k_injection_idx=(1, 6, 32, 1)",
  "run_id": 0,
  "timestamp": "2025-12-12T07:13:29.663427",
  "baseline_loss": 8.462052345275879,
  "injected_loss": 8.462053298950195,
  "loss_diff": 9.5367431640625e-07,
  "bounds_valid": null,
  "violation_detected": false,
  "num_violations": 0,
  "violation_positions": [],
  "baseline_epsilon_stats": {
    "9": {
      "epsilon_mean": 6.7392191886901855,
      "epsilon_std": 4.8921427726745605,
      "lower_mean": 0.5418864488601685,
      "upper_mean": 9.379467010498047,
      "gamma_mean": 0.2731764018535614
    }
  },
  "injected_epsilon_stats": null,
  "injection_info": {
    "location": "k",
    "idx": [
      1,
      6,
      32,
      1
    ],
    "bit": 7,
    "enabled": true,
    "multi_bit": false,
    "bit_list": null,
    "random_position": false,
    "injection_rate": 0.0
  },
  "extra_data": {
    "epsilon_analysis": [
      {
        "layer_idx": 9,
        "analysis": {
          "mean_diff": -1.2417634920325327e-08,
          "std_diff": 4.1860133137561206e-07,
          "max_abs_diff": 3.814697265625e-06,
          "top_changes": [
            [
              [
                1,
                6,
                62
              ],
              {
                "baseline_epsilon": 1.9122772216796875,
                "injected_epsilon": 1.9122734069824219,
                "epsilon_diff": -3.814697265625e-06,
                "abs_diff": 3.814697265625e-06
              },
              {
                "lower1": 0.012272071093320847,
                "middle": 0.023948412388563156,
                "upper": 8.335441589355469,
                "gamma": 0.0030727386474609375
              }
            ],
            [
              [
                1,
                6,
                63
              ],
              {
                "baseline_epsilon": 1.9200401306152344,
                "injected_epsilon": 1.9200439453125,
                "epsilon_diff": 3.814697265625e-06,
                "abs_diff": 3.814697265625e-06
              },
              {
                "lower1": 0.011925986036658287,
                "middle": 0.023271478712558746,
                "upper": 8.335205078125,
                "gamma": 0.0029859542846679688
              }
            ],
            [
              [
                1,
                6,
                30
              ],
              {
                "baseline_epsilon": 1.7337913513183594,
                "injected_epsilon": 1.7337875366210938,
                "epsilon_diff": -3.814697265625e-06,
                "abs_diff": 3.814697265625e-06
              },
              {
                "lower1": 0.0066606285981833935,
                "middle": 0.012998290359973907,
                "upper": 8.03350830078125,
                "gamma": 0.0016665458679199219
              }
            ],
            [
              [
                1,
                6,
                34
              ],
              {
                "baseline_epsilon": 1.7433204650878906,
                "injected_epsilon": 1.7433242797851562,
                "epsilon_diff": 3.814697265625e-06,
                "abs_diff": 3.814697265625e-06
              },
              {
                "lower1": 0.00953869428485632,
                "middle": 0.018619613721966743,
                "upper": 8.167314529418945,
                "gamma": 0.002387523651123047
              }
            ],
            [
              [
                1,
                6,
                22
              ],
              {
                "baseline_epsilon": 1.7481613159179688,
                "injected_epsilon": 1.7481651306152344,
                "epsilon_diff": 3.814697265625e-06,
                "abs_diff": 3.814697265625e-06
              },
              {
                "lower1": 0.0063273850828409195,
                "middle": 0.012351807206869125,
                "upper": 7.399595260620117,
                "gamma": 0.001583099365234375
              }
            ],
            [
              [
                1,
                6,
                15
              ],
              {
                "baseline_epsilon": 1.8239822387695312,
                "injected_epsilon": 1.8239860534667969,
                "epsilon_diff": 3.814697265625e-06,
                "abs_diff": 3.814697265625e-06
              },
              {
                "lower1": 0.006567323114722967,
                "middle": 0.012832456268370152,
                "upper": 5.9349365234375,
                "gamma": 0.0016431808471679688
              }
            ],
            [
              [
                1,
                6,
                27
              ],
              {
                "baseline_epsilon": 1.7323379516601562,
                "injected_epsilon": 1.7323417663574219,
                "epsilon_diff": 3.814697265625e-06,
                "abs_diff": 3.814697265625e-06
              },
              {
                "lower1": 0.005510344170033932,
                "middle": 0.010752977803349495,
                "upper": 7.876302719116211,
                "gamma": 0.0013785362243652344
              }
            ],
            [
              [
                1,
                6,
                29
              ],
              {
                "baseline_epsilon": 1.7323188781738281,
                "injected_epsilon": 1.7323150634765625,
                "epsilon_diff": -3.814697265625e-06,
                "abs_diff": 3.814697265625e-06
              },
              {
                "lower1": 0.0061483741737902164,
                "middle": 0.011998184025287628,
                "upper": 7.991310119628906,
                "gamma": 0.0015382766723632812
              }
            ],
            [
              [
                1,
                6,
                54
              ],
              {
                "baseline_epsilon": 1.8498611450195312,
                "injected_epsilon": 1.8498573303222656,
                "epsilon_diff": -3.814697265625e-06,
                "abs_diff": 3.814697265625e-06
              },
              {
                "lower1": 0.0033536190167069435,
                "middle": 0.00653837202116847,
                "upper": 8.338417053222656,
                "gamma": 0.0008387565612792969
              }
            ],
            [
              [
                1,
                6,
                53
              ],
              {
                "baseline_epsilon": 1.8421707153320312,
                "injected_epsilon": 1.8421669006347656,
                "epsilon_diff": -3.814697265625e-06,
                "abs_diff": 3.814697265625e-06
              },
              {
                "lower1": 0.002200474962592125,
                "middle": 0.004289637319743633,
                "upper": 8.336034774780273,
                "gamma": 0.0005502700805664062
              }
            ],
            [
              [
                1,
                6,
                44
              ],
              {
                "baseline_epsilon": 1.7889404296875,
                "injected_epsilon": 1.7889442443847656,
                "epsilon_diff": 3.814697265625e-06,
                "abs_diff": 3.814697265625e-06
              },
              {
                "lower1": 0.007810581475496292,
                "middle": 0.015239657834172249,
                "upper": 8.302352905273438,
                "gamma": 0.0019545555114746094
              }
            ],
            [
              [
                1,
                6,
                45
              ],
              {
                "baseline_epsilon": 1.7940216064453125,
                "injected_epsilon": 1.7940177917480469,
                "epsilon_diff": -3.814697265625e-06,