{
  "exp_id": "gpt2_comprehensive_sweep_seed=42_injection_layers=[3]_injection_bit=30_injection_location=weights_injection_idx=(1, 9, 31, 62)",
  "num_runs": 1,
  "timestamp": "2025-12-12T07:18:11.837376",
  "baseline_loss": {
    "mean": 8.997109413146973,
    "std": 0.0,
    "min": 8.997109413146973,
    "max": 8.997109413146973
  },
  "injected_loss": {
    "mean": 8.998176574707031,
    "std": 0.0,
    "min": 8.998176574707031,
    "max": 8.998176574707031
  },
  "loss_diff": {
    "mean": 0.0010671615600585938,
    "std": 0.0,
    "min": 0.0010671615600585938,
    "max": 0.0010671615600585938
  },
  "violation_detection": {
    "detection_rate": 1.0,
    "total_violations": 1,
    "avg_violations_per_run": 1.0
  }
}