{
  "exp_id": "gpt2_comprehensive_sweep_seed=123_injection_layers=[6]_injection_bit=24_injection_location=k_injection_idx=(1, 9, 31, 62)",
  "num_runs": 1,
  "timestamp": "2025-12-12T07:11:03.142016",
  "baseline_loss": {
    "mean": 8.564264297485352,
    "std": 0.0,
    "min": 8.564264297485352,
    "max": 8.564264297485352
  },
  "injected_loss": {
    "mean": 8.56428337097168,
    "std": 0.0,
    "min": 8.56428337097168,
    "max": 8.56428337097168
  },
  "loss_diff": {
    "mean": 1.9073486328125e-05,
    "std": 0.0,
    "min": 1.9073486328125e-05,
    "max": 1.9073486328125e-05
  },
  "violation_detection": {
    "detection_rate": 0.0,
    "total_violations": 0,
    "avg_violations_per_run": 0.0
  }
}