{
  "exp_id": "gpt2_comprehensive_sweep_seed=0_injection_layers=[9]_injection_bit=23_injection_location=q_injection_idx=(1, 6, 32, 1)",
  "num_runs": 1,
  "timestamp": "2025-10-14T18:12:34.812636",
  "baseline_loss": {
    "mean": 13.721664428710938,
    "std": 0.0,
    "min": 13.721664428710938,
    "max": 13.721664428710938
  },
  "injected_loss": {
    "mean": 13.72169017791748,
    "std": 0.0,
    "min": 13.72169017791748,
    "max": 13.72169017791748
  },
  "loss_diff": {
    "mean": 2.574920654296875e-05,
    "std": 0.0,
    "min": 2.574920654296875e-05,
    "max": 2.574920654296875e-05
  },
  "violation_detection": {
    "detection_rate": 0.0,
    "total_violations": 0,
    "avg_violations_per_run": 0.0
  }
}