{
  "exp_id": "gpt2_comprehensive_sweep_seed=3407_injection_layers=[6]_injection_bit=24_injection_location=k_injection_idx=(0, 3, 53, 43)",
  "run_id": 0,
  "timestamp": "2025-12-12T07:04:24.385214",
  "baseline_loss": 12.89038372039795,
  "injected_loss": 12.890384674072266,
  "loss_diff": 9.5367431640625e-07,
  "bounds_valid": null,
  "violation_detected": false,
  "num_violations": 0,
  "violation_positions": [],
  "baseline_epsilon_stats": {
    "6": {
      "epsilon_mean": 7.864658355712891,
      "epsilon_std": 3.4537131786346436,
      "lower_mean": 0.852850615978241,
      "upper_mean": 17.020122528076172,
      "gamma_mean": 1.5244500637054443
    }
  },
  "injected_epsilon_stats": null,
  "injection_info": {
    "location": "k",
    "idx": [
      0,
      3,
      53,
      43
    ],
    "bit": 24,
    "enabled": true,
    "multi_bit": false,
    "bit_list": null,
    "random_position": false,
    "injection_rate": 0.0
  },
  "extra_data": {
    "epsilon_analysis": [
      {
        "layer_idx": 6,
        "analysis": {
          "mean_diff": -5.639468781737378e-06,
          "std_diff": 0.0032083613332360983,
          "max_abs_diff": 0.03944587707519531,
          "top_changes": [
            [
              [
                0,
                3,
                1
              ],
              {
                "baseline_epsilon": 6.088102340698242,
                "injected_epsilon": 6.048656463623047,
                "epsilon_diff": -0.03944587707519531,
                "abs_diff": 0.03944587707519531
              },
              {
                "lower1": 0.17579887807369232,
                "middle": 0.339783638715744,
                "upper": 16.74805450439453,
                "gamma": 0.04496026039123535
              }
            ],
            [
              [
                0,
                3,
                2
              ],
              {
                "baseline_epsilon": 6.1041259765625,
                "injected_epsilon": 6.070629119873047,
                "epsilon_diff": -0.033496856689453125,
                "abs_diff": 0.033496856689453125
              },
              {
                "lower1": 0.18356981873512268,
                "middle": 0.3540189564228058,
                "upper": 18.279407501220703,
                "gamma": 0.0469965934753418
              }
            ],
            [
              [
                0,
                3,
                3
              ],
              {
                "baseline_epsilon": 6.178056716918945,
                "injected_epsilon": 6.149993896484375,
                "epsilon_diff": -0.028062820434570312,
                "abs_diff": 0.028062820434570312
              },
              {
                "lower1": 0.1981324851512909,
                "middle": 0.381146639585495,
                "upper": 18.457042694091797,
                "gamma": 0.05082440376281738
              }
            ],
            [
              [
                0,
                3,
                4
              ],
              {
                "baseline_epsilon": 6.261980056762695,
                "injected_epsilon": 6.237705230712891,
                "epsilon_diff": -0.024274826049804688,
                "abs_diff": 0.024274826049804688
              },
              {
                "lower1": 0.21386978030204773,
                "middle": 0.4105435013771057,
                "upper": 18.457042694091797,
                "gamma": 0.054978370666503906
              }
            ],
            [
              [
                0,
                3,
                46
              ],
              {
                "baseline_epsilon": 8.027734756469727,
                "injected_epsilon": 8.051288604736328,
                "epsilon_diff": 0.023553848266601562,
                "abs_diff": 0.023553848266601562
              },
              {
                "lower1": 1.2516957521438599,
                "middle": 6.083846092224121,
                "upper": 18.457042694091797,
                "gamma": 2.8433117866516113
              }
            ],
            [
              [
                0,
                3,
                45
              ],
              {
                "baseline_epsilon": 8.677713394165039,
                "injected_epsilon": 8.701141357421875,
                "epsilon_diff": 0.023427963256835938,
                "abs_diff": 0.023427963256835938
              },
              {
                "lower1": 1.3794101476669312,
                "middle": 6.479957103729248,
                "upper": 18.457042694091797,
                "gamma": 2.675175428390503
              }
            ],
            [
              [
                0,
                3,
                47
              ],
              {
                "baseline_epsilon": 7.390068054199219,
                "injected_epsilon": 7.413427352905273,
                "epsilon_diff": 0.023359298706054688,
                "abs_diff": 0.023359298706054688
              },
              {
                "lower1": 1.1352007389068604,
                "middle": 5.672517776489258,
                "upper": 18.457042694091797,
                "gamma": 3.0042884349823
              }
            ],
            [
              [
                0,
                3,
                44
              ],
              {
                "baseline_epsilon": 9.325430870056152,
                "injected_epsilon": 9.348226547241211,
                "epsilon_diff": 0.022795677185058594,
                "abs_diff": 0.022795677185058594
              },
              {
                "lower1": 1.5200896263122559,
                "middle": 6.842500686645508,
                "upper": 18.457042694091797,
                "gamma": 2.496320962905884
              }
            ],
            [
              [
                0,
                3,
                48
              ],
              {
                "baseline_epsilon": 6.701047897338867,
                "injected_epsilon": 6.72380256652832,
                "epsilon_diff": 0.022754669189453125,
                "abs_diff": 0.022754669189453125
              },
              {
                "lower1": 1.011978030204773,
                "middle": 5.210747718811035,
                "upper": 18.457042694091797,
                "gamma": 3.1856837272644043
              }
            ],
            [
              [
                0,
                3,
                49
              ],
              {
                "baseline_epsilon": 6.042936325073242,
                "injected_epsilon": 6.064849853515625,
                "epsilon_diff": 0.021913528442382812,
                "abs_diff": 0.021913528442382812
              },
              {
                "lower1": 0.9022226333618164,
                "middle": 4.752501010894775,
                "upper": 18.449172973632812,
                "gamma": 3.3601956367492676
              }
            ],
            [
              [
                0,
                3,
                43
              ],
              {
                "baseline_epsilon": 9.868110656738281,
                "injected_epsilon": 9.89000415802002,
                "epsilon_diff": 0.02189350128173828,
                "abs_diff": 0.02189350128173828
              },
              {
                "lower1": 1.6460685729980469,
                "middle": 7.115429878234863,
                "upper": 18.457042694091797,
                "gamma": 2.3384246826171875
              }
            ],
            [
              [
                0,
                3,
                5
              ],
              {
                "baseline_epsilon": 6.348052978515625,
                "injected_epsilon": 6.326658248901367,
                "epsilon_diff": -0.021394729614257812,
                "abs_diff": 0.021394729614257812
              },
              {
                "lower1": 0.2308676689863205,