{
  "exp_id": "gpt2_comprehensive_sweep_seed=42_injection_layers=[0]_injection_bit=27_injection_location=weights_injection_idx=(0, 3, 53, 43)",
  "run_id": 0,
  "timestamp": "2025-12-12T07:00:42.452298",
  "baseline_loss": 13.588921546936035,
  "injected_loss": 13.587064743041992,
  "loss_diff": -0.0018568038940429688,
  "bounds_valid": null,
  "violation_detected": true,
  "num_violations": 1,
  "violation_positions": [
    [
      0,
      [
        0,
        3,
        53
      ]
    ]
  ],
  "baseline_epsilon_stats": {
    "0": {
      "epsilon_mean": 4.467039108276367,
      "epsilon_std": 2.3451578617095947,
      "lower_mean": 0.39254388213157654,
      "upper_mean": 9.511073112487793,
      "gamma_mean": 0.164742574095726
    }
  },
  "injected_epsilon_stats": null,
  "injection_info": {
    "location": "weights",
    "idx": [
      0,
      3,
      53,
      43
    ],
    "bit": 27,
    "enabled": true,
    "multi_bit": false,
    "bit_list": null,
    "random_position": false,
    "injection_rate": 0.0
  },
  "extra_data": {
    "epsilon_analysis": [
      {
        "layer_idx": 0,
        "analysis": {
          "mean_diff": -0.00592435896396637,
          "std_diff": 0.23218649625778198,
          "max_abs_diff": 9.099815368652344,
          "top_changes": [
            [
              [
                0,
                3,
                53
              ],
              {
                "baseline_epsilon": 5.989776611328125,
                "injected_epsilon": -3.1100387573242188,
                "epsilon_diff": -9.099815368652344,
                "abs_diff": 9.099815368652344
              },
              {
                "lower1": 1.3165313005447388,
                "middle": 2.081888437271118,
                "upper": 18.457042694091797,
                "gamma": 0.4133768081665039
              }
            ]
          ]
        }
      }
    ],
    "performance": {
      "time": {
        "total_time": 0.018886327743530273,
        "baseline_forward_time": 0.007366180419921875,
        "injection_forward_time": 0.0066089630126953125,
        "bounds_computation_time": 0.0007619857788085938,
        "violation_detection_time": 0.0015454292297363281
      },
      "memory": {
        "peak_memory_allocated_mb": 1118.9736328125,
        "peak_memory_reserved_mb": 1786.0,
        "baseline_memory_mb": 1059.77685546875,
        "injection_memory_mb": 1118.9736328125
      },
      "compute": {
        "num_attention_layers": 12,
        "num_attention_heads": 12,
        "sequence_length": 64,
        "batch_size": 2,
        "attention_flops": 0.0,
        "bounds_flops": 0.0
      },
      "extra": {}
    }
  }
}