{
  "exp_id": "gpt2_comprehensive_sweep_seed=0_injection_layers=[0]_injection_bit=30_injection_location=weights_injection_idx=(1, 9, 31, 62)",
  "num_runs": 1,
  "timestamp": "2025-10-14T20:38:39.048028",
  "baseline_loss": {
    "mean": 10.27547836303711,
    "std": 0.0,
    "min": 10.27547836303711,
    "max": 10.27547836303711
  },
  "injected_loss": {
    "mean": 10.270240783691406,
    "std": 0.0,
    "min": 10.270240783691406,
    "max": 10.270240783691406
  },
  "loss_diff": {
    "mean": -0.005237579345703125,
    "std": 0.0,
    "min": -0.005237579345703125,
    "max": -0.005237579345703125
  },
  "violation_detection": {
    "detection_rate": 1.0,
    "total_violations": 1,
    "avg_violations_per_run": 1.0
  }
}