{
  "exp_id": "gpt2_comprehensive_sweep_seed=0_injection_layers=[0]_injection_bit=30_injection_location=weights_injection_idx=(1, 6, 32, 1)",
  "num_runs": 1,
  "timestamp": "2025-12-12T07:16:05.330301",
  "baseline_loss": {
    "mean": 10.275479316711426,
    "std": 0.0,
    "min": 10.275479316711426,
    "max": 10.275479316711426
  },
  "injected_loss": {
    "mean": 10.269290924072266,
    "std": 0.0,
    "min": 10.269290924072266,
    "max": 10.269290924072266
  },
  "loss_diff": {
    "mean": -0.006188392639160156,
    "std": 0.0,
    "min": -0.006188392639160156,
    "max": -0.006188392639160156
  },
  "violation_detection": {
    "detection_rate": 1.0,
    "total_violations": 1,
    "avg_violations_per_run": 1.0
  }
}