{
  "exp_id": "gpt2_comprehensive_sweep_seed=3407_injection_layers=[0]_injection_bit=20_injection_location=q_injection_idx=(1, 9, 31, 62)",
  "num_runs": 1,
  "timestamp": "2025-12-12T07:03:35.522037",
  "baseline_loss": {
    "mean": 13.588921546936035,
    "std": 0.0,
    "min": 13.588921546936035,
    "max": 13.588921546936035
  },
  "injected_loss": {
    "mean": 13.588922500610352,
    "std": 0.0,
    "min": 13.588922500610352,
    "max": 13.588922500610352
  },
  "loss_diff": {
    "mean": 9.5367431640625e-07,
    "std": 0.0,
    "min": 9.5367431640625e-07,
    "max": 9.5367431640625e-07
  },
  "violation_detection": {
    "detection_rate": 0.0,
    "total_violations": 0,
    "avg_violations_per_run": 0.0
  }
}