{
  "exp_id": "gpt2_comprehensive_sweep_seed=0_injection_layers=[0]_injection_bit=24_injection_location=weights_injection_idx=(0, 0, 10, 20)",
  "num_runs": 1,
  "timestamp": "2025-10-14T18:27:05.750769",
  "baseline_loss": {
    "mean": 10.27547836303711,
    "std": 0.0,
    "min": 10.27547836303711,
    "max": 10.27547836303711
  },
  "injected_loss": {
    "mean": 10.275253295898438,
    "std": 0.0,
    "min": 10.275253295898438,
    "max": 10.275253295898438
  },
  "loss_diff": {
    "mean": -0.000225067138671875,
    "std": 0.0,
    "min": -0.000225067138671875,
    "max": -0.000225067138671875
  },
  "violation_detection": {
    "detection_rate": 1.0,
    "total_violations": 1,
    "avg_violations_per_run": 1.0
  }
}