{
  "exp_id": "gpt2_comprehensive_sweep_seed=123_injection_layers=[0]_injection_bit=2_injection_location=k_injection_idx=(1, 6, 32, 1)",
  "run_id": 0,
  "timestamp": "2025-12-12T07:01:52.949275",
  "baseline_loss": 13.588921546936035,
  "injected_loss": 13.588922500610352,
  "loss_diff": 9.5367431640625e-07,
  "bounds_valid": null,
  "violation_detected": false,
  "num_violations": 0,
  "violation_positions": [],
  "baseline_epsilon_stats": {
    "0": {
      "epsilon_mean": 4.467039108276367,
      "epsilon_std": 2.3451578617095947,
      "lower_mean": 0.39254388213157654,
      "upper_mean": 9.511073112487793,
      "gamma_mean": 0.164742574095726
    }
  },
  "injected_epsilon_stats": null,
  "injection_info": {
    "location": "k",
    "idx": [
      1,
      6,
      32,
      1
    ],
    "bit": 2,
    "enabled": true,
    "multi_bit": false,
    "bit_list": null,
    "random_position": false,
    "injection_rate": 0.0
  },
  "extra_data": {
    "epsilon_analysis": [
      {
        "layer_idx": 0,
        "analysis": {
          "mean_diff": -6.208817349140361e-10,
          "std_diff": 2.4333493442441068e-08,
          "max_abs_diff": 9.5367431640625e-07,
          "top_changes": [
            [
              [
                1,
                6,
                34
              ],
              {
                "baseline_epsilon": 6.008302688598633,
                "injected_epsilon": 6.008301734924316,
                "epsilon_diff": -9.5367431640625e-07,
                "abs_diff": 9.5367431640625e-07
              },
              {
                "lower1": 0.6003594994544983,
                "middle": 1.2579187154769897,
                "upper": 8.211453437805176,
                "gamma": 0.1634119749069214
              }
            ]
          ]
        }
      }
    ],
    "performance": {
      "time": {
        "total_time": 0.018949270248413086,
        "baseline_forward_time": 0.007280111312866211,
        "injection_forward_time": 0.006825685501098633,
        "bounds_computation_time": 0.0007712841033935547,
        "violation_detection_time": 0.0014672279357910156
      },
      "memory": {
        "peak_memory_allocated_mb": 1389.30322265625,
        "peak_memory_reserved_mb": 1786.0,
        "baseline_memory_mb": 1330.1064453125,
        "injection_memory_mb": 1389.30322265625
      },
      "compute": {
        "num_attention_layers": 12,
        "num_attention_heads": 12,
        "sequence_length": 64,
        "batch_size": 2,
        "attention_flops": 0.0,
        "bounds_flops": 0.0
      },
      "extra": {}
    }
  }
}