{
  "exp_id": "gpt2_comprehensive_sweep_seed=123_injection_layers=[0]_injection_bit=19_injection_location=weights_injection_idx=(1, 9, 31, 62)",
  "run_id": 0,
  "timestamp": "2025-10-14T18:13:00.313123",
  "baseline_loss": 13.588921546936035,
  "injected_loss": 13.588878631591797,
  "loss_diff": -4.291534423828125e-05,
  "bounds_valid": null,
  "violation_detected": false,
  "num_violations": 0,
  "violation_positions": [],
  "baseline_epsilon_stats": {
    "0": {
      "epsilon_mean": 4.467039108276367,
      "epsilon_std": 2.3451578617095947,
      "lower_mean": 0.39254388213157654,
      "upper_mean": 9.511073112487793,
      "gamma_mean": 0.164742574095726
    }
  },
  "injected_epsilon_stats": null,
  "injection_info": {
    "location": "weights",
    "idx": [
      1,
      9,
      31,
      62
    ],
    "bit": 19,
    "enabled": true,
    "multi_bit": false,
    "bit_list": null,
    "random_position": false,
    "injection_rate": 0.0
  },
  "extra_data": {
    "epsilon_analysis": [
      {
        "layer_idx": 0,
        "analysis": {
          "mean_diff": -7.557993285445264e-06,
          "std_diff": 0.0002962116268463433,
          "max_abs_diff": 0.011609077453613281,
          "top_changes": [
            [
              [
                1,
                9,
                31
              ],
              {
                "baseline_epsilon": 4.158117294311523,
                "injected_epsilon": 4.14650821685791,
                "epsilon_diff": -0.011609077453613281,
                "abs_diff": 0.011609077453613281
              },
              {
                "lower1": 0.05947456881403923,
                "middle": 0.11599933356046677,
                "upper": 8.236154556274414,
                "gamma": 0.014980852603912354
              }
            ]
          ]
        }
      }
    ],
    "performance": {
      "time": {
        "total_time": 0.018954753875732422,
        "baseline_forward_time": 0.007241725921630859,
        "injection_forward_time": 0.006707906723022461,
        "bounds_computation_time": 0.0008082389831542969,
        "violation_detection_time": 0.0014348030090332031
      },
      "memory": {
        "peak_memory_allocated_mb": 1267.53173828125,
        "peak_memory_reserved_mb": 1718.0,
        "baseline_memory_mb": 1208.3349609375,
        "injection_memory_mb": 1267.53173828125
      },
      "compute": {
        "num_attention_layers": 12,
        "num_attention_heads": 12,
        "sequence_length": 64,
        "batch_size": 2,
        "attention_flops": 0.0,
        "bounds_flops": 0.0
      },
      "extra": {}
    }
  }
}