{
  "exp_id": "gpt2_comprehensive_sweep_seed=3407_injection_layers=[6]_injection_bit=26_injection_location=k_injection_idx=(1, 9, 31, 62)",
  "num_runs": 1,
  "timestamp": "2025-12-12T07:04:25.813424",
  "baseline_loss": {
    "mean": 12.89038372039795,
    "std": 0.0,
    "min": 12.89038372039795,
    "max": 12.89038372039795
  },
  "injected_loss": {
    "mean": 12.89039421081543,
    "std": 0.0,
    "min": 12.89039421081543,
    "max": 12.89039421081543
  },
  "loss_diff": {
    "mean": 1.049041748046875e-05,
    "std": 0.0,
    "min": 1.049041748046875e-05,
    "max": 1.049041748046875e-05
  },
  "violation_detection": {
    "detection_rate": 0.0,
    "total_violations": 0,
    "avg_violations_per_run": 0.0
  }
}