{
  "exp_id": "gpt2_comprehensive_sweep_seed=42_injection_layers=[3]_injection_bit=31_injection_location=scores_injection_idx=(0, 0, 10, 20)",
  "num_runs": 1,
  "timestamp": "2025-12-12T07:08:58.326560",
  "baseline_loss": {
    "mean": 8.997109413146973,
    "std": 0.0,
    "min": 8.997109413146973,
    "max": 8.997109413146973
  },
  "injected_loss": {
    "mean": 8.996888160705566,
    "std": 0.0,
    "min": 8.996888160705566,
    "max": 8.996888160705566
  },
  "loss_diff": {
    "mean": -0.00022125244140625,
    "std": 0.0,
    "min": -0.00022125244140625,
    "max": -0.00022125244140625
  },
  "violation_detection": {
    "detection_rate": 1.0,
    "total_violations": 1,
    "avg_violations_per_run": 1.0
  }
}