{
  "exp_id": "gpt2_comprehensive_sweep_seed=3407_injection_layers=[3]_injection_bit=27_injection_location=weights_injection_idx=(1, 6, 32, 1)",
  "run_id": 0,
  "timestamp": "2025-10-14T18:25:50.424085",
  "baseline_loss": 8.997108459472656,
  "injected_loss": 8.997118949890137,
  "loss_diff": 1.049041748046875e-05,
  "bounds_valid": null,
  "violation_detected": false,
  "num_violations": 0,
  "violation_positions": [],
  "baseline_epsilon_stats": {
    "3": {
      "epsilon_mean": 4.6995015144348145,
      "epsilon_std": 4.219686508178711,
      "lower_mean": 0.4203936457633972,
      "upper_mean": 5.6145782470703125,
      "gamma_mean": 0.16137349605560303
    }
  },
  "injected_epsilon_stats": null,
  "injection_info": {
    "location": "weights",
    "idx": [
      1,
      6,
      32,
      1
    ],
    "bit": 27,
    "enabled": true,
    "multi_bit": false,
    "bit_list": null,
    "random_position": false,
    "injection_rate": 0.0
  },
  "extra_data": {
    "epsilon_analysis": [
      {
        "layer_idx": 3,
        "analysis": {
          "mean_diff": -1.1369275853212457e-05,
          "std_diff": 0.00044558278750628233,
          "max_abs_diff": 0.017463207244873047,
          "top_changes": [
            [
              [
                1,
                6,
                32
              ],
              {
                "baseline_epsilon": 6.337185859680176,
                "injected_epsilon": 6.319722652435303,
                "epsilon_diff": -0.017463207244873047,
                "abs_diff": 0.017463207244873047
              },
              {
                "lower1": 1.6488865613937378,
                "middle": 4.406374931335449,
                "upper": 6.6587605476379395,
                "gamma": 0.5708968043327332
              }
            ]
          ]
        }
      }
    ],
    "performance": {
      "time": {
        "total_time": 0.01878643035888672,
        "baseline_forward_time": 0.007302284240722656,
        "injection_forward_time": 0.006606101989746094,
        "bounds_computation_time": 0.0007908344268798828,
        "violation_detection_time": 0.0014786720275878906
      },
      "memory": {
        "peak_memory_allocated_mb": 1338.2421875,
        "peak_memory_reserved_mb": 1718.0,
        "baseline_memory_mb": 1279.04541015625,
        "injection_memory_mb": 1338.2421875
      },
      "compute": {
        "num_attention_layers": 12,
        "num_attention_heads": 12,
        "sequence_length": 64,
        "batch_size": 2,
        "attention_flops": 0.0,
        "bounds_flops": 0.0
      },
      "extra": {}
    }
  }
}