{
  "exp_id": "gpt2_comprehensive_sweep_seed=0_injection_layers=[0]_injection_bit=10_injection_location=k_injection_idx=(0, 3, 53, 43)",
  "run_id": 0,
  "timestamp": "2025-12-12T07:06:40.920520",
  "baseline_loss": 10.275479316711426,
  "injected_loss": 10.275479316711426,
  "loss_diff": 0.0,
  "bounds_valid": null,
  "violation_detected": false,
  "num_violations": 0,
  "violation_positions": [],
  "baseline_epsilon_stats": {
    "0": {
      "epsilon_mean": 1.9825315475463867,
      "epsilon_std": 1.6013407707214355,
      "lower_mean": 0.3287202715873718,
      "upper_mean": 2.0460193157196045,
      "gamma_mean": 0.0896625965833664
    }
  },
  "injected_epsilon_stats": null,
  "injection_info": {
    "location": "k",
    "idx": [
      0,
      3,
      53,
      43
    ],
    "bit": 10,
    "enabled": true,
    "multi_bit": false,
    "bit_list": null,
    "random_position": false,
    "injection_rate": 0.0
  },
  "extra_data": {
    "epsilon_analysis": [
      {
        "layer_idx": 0,
        "analysis": {
          "mean_diff": 3.298434192444688e-09,
          "std_diff": 3.177727236902683e-08,
          "max_abs_diff": 4.76837158203125e-07,
          "top_changes": [
            [
              [
                0,
                3,
                1
              ],
              {
                "baseline_epsilon": 2.40370512008667,
                "injected_epsilon": 2.403705596923828,
                "epsilon_diff": 4.76837158203125e-07,
                "abs_diff": 4.76837158203125e-07
              },
              {
                "lower1": 0.7938231825828552,
                "middle": 1.7484453916549683,
                "upper": 2.4455132484436035,
                "gamma": 0.2232796549797058
              }
            ],
            [
              [
                0,
                3,
                3
              ],
              {
                "baseline_epsilon": 1.5742605924606323,
                "injected_epsilon": 1.5742610692977905,
                "epsilon_diff": 4.76837158203125e-07,
                "abs_diff": 4.76837158203125e-07
              },
              {
                "lower1": 0.5537617206573486,
                "middle": 1.174096941947937,
                "upper": 1.5919936895370483,
                "gamma": 0.14961136877536774
              }
            ],
            [
              [
                0,
                3,
                55
              ],
              {
                "baseline_epsilon": 2.538285255432129,
                "injected_epsilon": 2.538285732269287,
                "epsilon_diff": 4.76837158203125e-07,
                "abs_diff": 4.76837158203125e-07
              },
              {
                "lower1": 0.26922550797462463,
                "middle": 0.5457947850227356,
                "upper": 2.7081894874572754,
                "gamma": 0.0697370171546936
              }
            ],
            [
              [
                0,
                3,
                58
              ],
              {
                "baseline_epsilon": 2.805744171142578,
                "injected_epsilon": 2.8057446479797363,
                "epsilon_diff": 4.76837158203125e-07,
                "abs_diff": 4.76837158203125e-07
              },
              {
                "lower1": 0.2729288339614868,
                "middle": 0.5531372427940369,
                "upper": 3.0162453651428223,
                "gamma": 0.0707327201962471
              }
            ],
            [
              [
                0,
                3,
                61
              ],
              {
                "baseline_epsilon": 3.0420145988464355,
                "injected_epsilon": 3.0420148372650146,
                "epsilon_diff": 2.384185791015625e-07,
                "abs_diff": 2.384185791015625e-07
              },
              {
                "lower1": 0.28422656655311584,
                "middle": 0.5765201449394226,
                "upper": 3.2809619903564453,
                "gamma": 0.07377693057060242
              }
            ],
            [
              [
                0,
                3,
                46
              ],
              {
                "baseline_epsilon": 1.77394437789917,
                "injected_epsilon": 1.773944616317749,
                "epsilon_diff": 2.384185791015625e-07,
                "abs_diff": 2.384185791015625e-07
              },
              {
                "lower1": 0.254437118768692,
                "middle": 0.5158509612083435,
                "upper": 1.8641047477722168,
                "gamma": 0.0657714456319809
              }
            ],
            [
              [
                0,
                3,
                9
              ],
              {
                "baseline_epsilon": 0.5952861309051514,
                "injected_epsilon": 0.5952863693237305,
                "epsilon_diff": 2.384185791015625e-07,
                "abs_diff": 2.384185791015625e-07
              },
              {
                "lower1": 0.04479292035102844,
                "middle": 0.0885729044675827,
                "upper": 0.6356489658355713,
                "gamma": 0.01126164197921753
              }
            ],
            [
              [
                0,
                3,
                8
              ],
              {
                "baseline_epsilon": 0.663520097732544,
                "injected_epsilon": 0.663520336151123,
                "epsilon_diff": 2.384185791015625e-07,
                "abs_diff": 2.384185791015625e-07
              },
              {
                "lower1": 0.0820339098572731,
                "middle": 0.16296403110027313,
                "upper": 0.7043852806091309,
                "gamma": 0.020723193883895874
              }
            ],
            [
              [
                0,
                3,
                4
              ],
              {
                "baseline_epsilon": 1.2212450504302979,
                "injected_epsilon": 1.221245288848877,
                "epsilon_diff": 2.384185791015625e-07,
                "abs_diff": 2.384185791015625e-07
              },
              {
                "lower1": 0.39392969012260437,
                "middle": 0.8158301115036011,
                "upper": 1.2454555034637451,
                "gamma": 0.10387229919433594
              }
            ],
            [
              [
                0,
                3,
                2
              ],
              {
                "baseline_epsilon": 1.660061240196228,
                "injected_epsilon": 1.6600614786148071,
                "epsilon_diff": 2.384185791015625e-07,
                "abs_diff": 2.384185791015625e-07
              },
              {
                "lower1": 0.5925242900848389,
                "middle": 1.2638040781021118,
                "upper": 1.6759167909622192,
                "gamma": 0.16107581555843353
              }
            ],
            [
              [
                0,
                3,
                10
              ],
              {
                "baseline_epsilon": 0.5324435234069824,
                "injected_epsilon": 0.5324437618255615,
                "epsilon_diff": 2.384185791015625e-07,
                "abs_diff": 2.384185791015625e-07
              },
              {
                "lower1": 0.005327367689460516,
                "middle": 0.010483327321708202,
                "upper": 0.5740060806274414,
                "gamma": 0.0013327300548553467
              }
            ],
            [
              [
                0,
                3,
                13
              ],
              {
                "baseline_epsilon": 0.5427155494689941,
                "injected_epsilon": 0.5427157878875732,
                "epsilon_diff": 2.384185791015625e-07,