{
  "exp_id": "gpt2_comprehensive_sweep_seed=42_injection_layers=[0]_injection_bit=17_injection_location=weights_injection_idx=(0, 0, 10, 20)",
  "run_id": 0,
  "timestamp": "2025-10-14T18:12:37.627648",
  "baseline_loss": 13.588921546936035,
  "injected_loss": 13.588920593261719,
  "loss_diff": -9.5367431640625e-07,
  "bounds_valid": null,
  "violation_detected": false,
  "num_violations": 0,
  "violation_positions": [],
  "baseline_epsilon_stats": {
    "0": {
      "epsilon_mean": 4.467039108276367,
      "epsilon_std": 2.3451578617095947,
      "lower_mean": 0.39254388213157654,
      "upper_mean": 9.511073112487793,
      "gamma_mean": 0.164742574095726
    }
  },
  "injected_epsilon_stats": null,
  "injection_info": {
    "location": "weights",
    "idx": [
      0,
      0,
      10,
      20
    ],
    "bit": 17,
    "enabled": true,
    "multi_bit": false,
    "bit_list": null,
    "random_position": false,
    "injection_rate": 0.0
  },
  "extra_data": {
    "epsilon_analysis": [
      {
        "layer_idx": 0,
        "analysis": {
          "mean_diff": 1.1951973633017587e-08,
          "std_diff": 4.6841978473821655e-07,
          "max_abs_diff": 1.8358230590820312e-05,
          "top_changes": [
            [
              [
                0,
                0,
                10
              ],
              {
                "baseline_epsilon": 2.523094415664673,
                "injected_epsilon": 2.5231127738952637,
                "epsilon_diff": 1.8358230590820312e-05,
                "abs_diff": 1.8358230590820312e-05
              },
              {
                "lower1": 0.0240748580545187,
                "middle": 0.04720572009682655,
                "upper": 3.395707607269287,
                "gamma": 0.006036937236785889
              }
            ]
          ]
        }
      }
    ],
    "performance": {
      "time": {
        "total_time": 0.018402576446533203,
        "baseline_forward_time": 0.007194042205810547,
        "injection_forward_time": 0.0063970088958740234,
        "bounds_computation_time": 0.0007784366607666016,
        "violation_detection_time": 0.001435995101928711
      },
      "memory": {
        "peak_memory_allocated_mb": 1238.1201171875,
        "peak_memory_reserved_mb": 1632.0,
        "baseline_memory_mb": 1178.92333984375,
        "injection_memory_mb": 1238.1201171875
      },
      "compute": {
        "num_attention_layers": 12,
        "num_attention_heads": 12,
        "sequence_length": 64,
        "batch_size": 2,
        "attention_flops": 0.0,
        "bounds_flops": 0.0
      },
      "extra": {}
    }
  }
}