{
  "exp_id": "gpt2_comprehensive_sweep_seed=3407_injection_layers=[9]_injection_bit=18_injection_location=q_injection_idx=(1, 9, 31, 62)",
  "run_id": 0,
  "timestamp": "2025-12-12T07:13:42.795111",
  "baseline_loss": 8.462052345275879,
  "injected_loss": 8.46204948425293,
  "loss_diff": -2.86102294921875e-06,
  "bounds_valid": null,
  "violation_detected": false,
  "num_violations": 0,
  "violation_positions": [],
  "baseline_epsilon_stats": {
    "9": {
      "epsilon_mean": 6.7392191886901855,
      "epsilon_std": 4.8921427726745605,
      "lower_mean": 0.5418864488601685,
      "upper_mean": 9.379467010498047,
      "gamma_mean": 0.2731764018535614
    }
  },
  "injected_epsilon_stats": null,
  "injection_info": {
    "location": "q",
    "idx": [
      1,
      9,
      31,
      62
    ],
    "bit": 18,
    "enabled": true,
    "multi_bit": false,
    "bit_list": null,
    "random_position": false,
    "injection_rate": 0.0
  },
  "extra_data": {
    "epsilon_analysis": [
      {
        "layer_idx": 9,
        "analysis": {
          "mean_diff": 4.9845628382172436e-05,
          "std_diff": 0.0019535415340214968,
          "max_abs_diff": 0.07656288146972656,
          "top_changes": [
            [
              [
                1,
                9,
                31
              ],
              {
                "baseline_epsilon": 7.629380226135254,
                "injected_epsilon": 7.7059431076049805,
                "epsilon_diff": 0.07656288146972656,
                "abs_diff": 0.07656288146972656
              },
              {
                "lower1": 0.7797984480857849,
                "middle": 0.9721701741218567,
                "upper": 18.457042694091797,
                "gamma": 0.21878886222839355
              }
            ]
          ]
        }
      }
    ],
    "performance": {
      "time": {
        "total_time": 0.018714189529418945,
        "baseline_forward_time": 0.007232189178466797,
        "injection_forward_time": 0.006707429885864258,
        "bounds_computation_time": 0.0007476806640625,
        "violation_detection_time": 0.0014367103576660156
      },
      "memory": {
        "peak_memory_allocated_mb": 1108.96142578125,
        "peak_memory_reserved_mb": 1854.0,
        "baseline_memory_mb": 1049.7646484375,
        "injection_memory_mb": 1108.96142578125
      },
      "compute": {
        "num_attention_layers": 12,
        "num_attention_heads": 12,
        "sequence_length": 64,
        "batch_size": 2,
        "attention_flops": 0.0,
        "bounds_flops": 0.0
      },
      "extra": {}
    }
  }
}