{
  "exp_id": "gpt2_comprehensive_sweep_seed=3407_injection_layers=[6]_injection_bit=23_injection_location=scores_injection_idx=(0, 0, 10, 20)",
  "run_id": 0,
  "timestamp": "2025-12-12T07:13:09.030030",
  "baseline_loss": 8.564264297485352,
  "injected_loss": 8.564297676086426,
  "loss_diff": 3.337860107421875e-05,
  "bounds_valid": null,
  "violation_detected": true,
  "num_violations": 1,
  "violation_positions": [
    [
      6,
      [
        0,
        0,
        10
      ]
    ]
  ],
  "baseline_epsilon_stats": {
    "6": {
      "epsilon_mean": 5.956024169921875,
      "epsilon_std": 4.427911758422852,
      "lower_mean": 0.5316863656044006,
      "upper_mean": 7.960529327392578,
      "gamma_mean": 0.18503431975841522
    }
  },
  "injected_epsilon_stats": null,
  "injection_info": {
    "location": "scores",
    "idx": [
      0,
      0,
      10,
      20
    ],
    "bit": 23,
    "enabled": true,
    "multi_bit": false,
    "bit_list": null,
    "random_position": false,
    "injection_rate": 0.0
  },
  "extra_data": {
    "epsilon_analysis": [
      {
        "layer_idx": 6,
        "analysis": {
          "mean_diff": 0.0036361287347972393,
          "std_diff": 0.14250655472278595,
          "max_abs_diff": 5.5850934982299805,
          "top_changes": [
            [
              [
                0,
                0,
                10
              ],
              {
                "baseline_epsilon": 0.6432266235351562,
                "injected_epsilon": 6.228320121765137,
                "epsilon_diff": 5.5850934982299805,
                "abs_diff": 5.5850934982299805
              },
              {
                "lower1": 0.002699655946344137,
                "middle": 0.005308442283421755,
                "upper": 0.8827047348022461,
                "gamma": 0.0006751418113708496
              }
            ]
          ]
        }
      }
    ],
    "performance": {
      "time": {
        "total_time": 0.018784046173095703,
        "baseline_forward_time": 0.007196187973022461,
        "injection_forward_time": 0.0067138671875,
        "bounds_computation_time": 0.000762939453125,
        "violation_detection_time": 0.0015091896057128906
      },
      "memory": {
        "peak_memory_allocated_mb": 1149.01025390625,
        "peak_memory_reserved_mb": 1854.0,
        "baseline_memory_mb": 1089.8134765625,
        "injection_memory_mb": 1149.01025390625
      },
      "compute": {
        "num_attention_layers": 12,
        "num_attention_heads": 12,
        "sequence_length": 64,
        "batch_size": 2,
        "attention_flops": 0.0,
        "bounds_flops": 0.0
      },
      "extra": {}
    }
  }
}