{
  "exp_id": "gpt2_comprehensive_sweep_seed=3407_injection_layers=[9]_injection_bit=25_injection_location=k_injection_idx=(1, 9, 31, 62)",
  "num_runs": 1,
  "timestamp": "2025-10-14T18:26:02.505210",
  "baseline_loss": {
    "mean": 8.462053298950195,
    "std": 0.0,
    "min": 8.462053298950195,
    "max": 8.462053298950195
  },
  "injected_loss": {
    "mean": 8.462044715881348,
    "std": 0.0,
    "min": 8.462044715881348,
    "max": 8.462044715881348
  },
  "loss_diff": {
    "mean": -8.58306884765625e-06,
    "std": 0.0,
    "min": -8.58306884765625e-06,
    "max": -8.58306884765625e-06
  },
  "violation_detection": {
    "detection_rate": 0.0,
    "total_violations": 0,
    "avg_violations_per_run": 0.0
  }
}