{
  "exp_id": "gpt2_comprehensive_sweep_seed=123_injection_layers=[9]_injection_bit=16_injection_location=k_injection_idx=(0, 3, 53, 43)",
  "run_id": 0,
  "timestamp": "2025-12-12T07:42:16.034761",
  "baseline_loss": 8.462052345275879,
  "injected_loss": 8.462052345275879,
  "loss_diff": 0.0,
  "bounds_valid": null,
  "violation_detected": false,
  "num_violations": 0,
  "violation_positions": [],
  "baseline_epsilon_stats": {
    "9": {
      "epsilon_mean": 6.7392191886901855,
      "epsilon_std": 4.8921427726745605,
      "lower_mean": 0.5418864488601685,
      "upper_mean": 9.379467010498047,
      "gamma_mean": 0.2731764018535614
    }
  },
  "injected_epsilon_stats": null,
  "injection_info": {
    "location": "k",
    "idx": [
      0,
      3,
      53,
      43
    ],
    "bit": 16,
    "enabled": true,
    "multi_bit": false,
    "bit_list": null,
    "random_position": false,
    "injection_rate": 0.0
  },
  "extra_data": {
    "epsilon_analysis": [
      {
        "layer_idx": 9,
        "analysis": {
          "mean_diff": -1.3347016647458076e-06,
          "std_diff": 7.208294846350327e-06,
          "max_abs_diff": 6.67572021484375e-05,
          "top_changes": [
            [
              [
                0,
                3,
                5
              ],
              {
                "baseline_epsilon": 5.121498107910156,
                "injected_epsilon": 5.121431350708008,
                "epsilon_diff": -6.67572021484375e-05,
                "abs_diff": 6.67572021484375e-05
              },
              {
                "lower1": 0.043292660266160965,
                "middle": 0.08416850864887238,
                "upper": 7.107784271240234,
                "gamma": 0.010882377624511719
              }
            ],
            [
              [
                0,
                3,
                7
              ],
              {
                "baseline_epsilon": 5.238216400146484,
                "injected_epsilon": 5.238155364990234,
                "epsilon_diff": -6.103515625e-05,
                "abs_diff": 6.103515625e-05
              },
              {
                "lower1": 0.04909905418753624,
                "middle": 0.09544472396373749,
                "upper": 7.445779800415039,
                "gamma": 0.012351036071777344
              }
            ],
            [
              [
                0,
                3,
                6
              ],
              {
                "baseline_epsilon": 5.249170303344727,
                "injected_epsilon": 5.249109268188477,
                "epsilon_diff": -6.103515625e-05,
                "abs_diff": 6.103515625e-05
              },
              {
                "lower1": 0.05419044569134712,
                "middle": 0.10541005432605743,
                "upper": 7.417875289916992,
                "gamma": 0.013640642166137695
              }
            ],
            [
              [
                0,
                3,
                8
              ],
              {
                "baseline_epsilon": 5.182994842529297,
                "injected_epsilon": 5.182933807373047,
                "epsilon_diff": -6.103515625e-05,
                "abs_diff": 6.103515625e-05
              },
              {
                "lower1": 0.04579348489642143,
                "middle": 0.08900855481624603,
                "upper": 7.372747421264648,
                "gamma": 0.011514663696289062
              }
            ],
            [
              [
                0,
                3,
                4
              ],
              {
                "baseline_epsilon": 4.788227081298828,
                "injected_epsilon": 4.788169860839844,
                "epsilon_diff": -5.7220458984375e-05,
                "abs_diff": 5.7220458984375e-05
              },
              {
                "lower1": 0.028032563626766205,
                "middle": 0.05450404807925224,
                "upper": 6.436014175415039,
                "gamma": 0.007032871246337891
              }
            ],
            [
              [
                0,
                3,
                9
              ],
              {
                "baseline_epsilon": 5.105859756469727,
                "injected_epsilon": 5.105808258056641,
                "epsilon_diff": -5.14984130859375e-05,
                "abs_diff": 5.14984130859375e-05
              },
              {
                "lower1": 0.042122796177864075,
                "middle": 0.08187147974967957,
                "upper": 7.255491256713867,
                "gamma": 0.010586738586425781
              }
            ],
            [
              [
                0,
                3,
                12
              ],
              {
                "baseline_epsilon": 4.864362716674805,
                "injected_epsilon": 4.864311218261719,
                "epsilon_diff": -5.14984130859375e-05,
                "abs_diff": 5.14984130859375e-05
              },
              {
                "lower1": 0.03534393385052681,
                "middle": 0.06872974336147308,
                "upper": 6.865213394165039,
                "gamma": 0.008875370025634766
              }
            ],
            [
              [
                0,
                3,
                10
              ],
              {
                "baseline_epsilon": 5.025625228881836,
                "injected_epsilon": 5.02557373046875,
                "epsilon_diff": -5.14984130859375e-05,
                "abs_diff": 5.14984130859375e-05
              },
              {
                "lower1": 0.03969988599419594,
                "middle": 0.07717374712228775,
                "upper": 7.126623153686523,
                "gamma": 0.00997471809387207
              }
            ],
            [
              [
                0,
                3,
                14
              ],
              {
                "baseline_epsilon": 4.731853485107422,
                "injected_epsilon": 4.731809616088867,
                "epsilon_diff": -4.38690185546875e-05,
                "abs_diff": 4.38690185546875e-05
              },
              {
                "lower1": 0.033331070095300674,
                "middle": 0.06484536081552505,
                "upper": 6.649394989013672,
                "gamma": 0.008367776870727539
              }
            ],
            [
              [
                0,
                3,
                11
              ],
              {
                "baseline_epsilon": 4.941621780395508,
                "injected_epsilon": 4.941577911376953,
                "epsilon_diff": -4.38690185546875e-05,
                "abs_diff": 4.38690185546875e-05
              },
              {
                "lower1": 0.03708745911717415,
                "middle": 0.07210537791252136,
                "upper": 6.991044998168945,
                "gamma": 0.009315252304077148
              }
            ],
            [
              [
                0,
                3,
                13
              ],
              {
                "baseline_epsilon": 4.795406341552734,
                "injected_epsilon": 4.795368194580078,
                "epsilon_diff": -3.814697265625e-05,
                "abs_diff": 3.814697265625e-05
              },
              {
                "lower1": 0.034002456814050674,
                "middle": 0.06613457947969437,
                "upper": 6.753307342529297,
                "gamma": 0.008537054061889648
              }
            ],
            [
              [
                0,
                3,
                19
              ],
              {
                "baseline_epsilon": 4.509010314941406,
                "injected_epsilon": 4.50897216796875,
                "epsilon_diff": -3.814697265625e-05,
                "abs_diff": 3.814697265625e-05
              },
              {
                "lower1": 0.021799441426992416,