{
  "exp_id": "gpt2_comprehensive_sweep_seed=123_injection_layers=[6]_injection_bit=22_injection_location=scores_injection_idx=(1, 9, 31, 62)",
  "run_id": 0,
  "timestamp": "2025-12-12T07:02:52.776933",
  "baseline_loss": 12.89038372039795,
  "injected_loss": 12.890384674072266,
  "loss_diff": 9.5367431640625e-07,
  "bounds_valid": null,
  "violation_detected": false,
  "num_violations": 0,
  "violation_positions": [],
  "baseline_epsilon_stats": {
    "6": {
      "epsilon_mean": 7.864658355712891,
      "epsilon_std": 3.4537131786346436,
      "lower_mean": 0.852850615978241,
      "upper_mean": 17.020122528076172,
      "gamma_mean": 1.5244500637054443
    }
  },
  "injected_epsilon_stats": null,
  "injection_info": {
    "location": "scores",
    "idx": [
      1,
      9,
      31,
      62
    ],
    "bit": 22,
    "enabled": true,
    "multi_bit": false,
    "bit_list": null,
    "random_position": false,
    "injection_rate": 0.0
  },
  "extra_data": {
    "epsilon_analysis": [
      {
        "layer_idx": 6,
        "analysis": {
          "mean_diff": -5.184859037399292e-05,
          "std_diff": 0.0020320413168519735,
          "max_abs_diff": 0.07963943481445312,
          "top_changes": [
            [
              [
                1,
                9,
                31
              ],
              {
                "baseline_epsilon": 5.643606185913086,
                "injected_epsilon": 5.563966751098633,
                "epsilon_diff": -0.07963943481445312,
                "abs_diff": 0.07963943481445312
              },
              {
                "lower1": 0.1896509826183319,
                "middle": 5.151686668395996,
                "upper": 9.402652740478516,
                "gamma": 5.429478645324707
              }
            ]
          ]
        }
      }
    ],
    "performance": {
      "time": {
        "total_time": 0.018901824951171875,
        "baseline_forward_time": 0.00726771354675293,
        "injection_forward_time": 0.0068073272705078125,
        "bounds_computation_time": 0.0007655620574951172,
        "violation_detection_time": 0.0014796257019042969
      },
      "memory": {
        "peak_memory_allocated_mb": 1329.97998046875,
        "peak_memory_reserved_mb": 1830.0,
        "baseline_memory_mb": 1270.783203125,
        "injection_memory_mb": 1329.97998046875
      },
      "compute": {
        "num_attention_layers": 12,
        "num_attention_heads": 12,
        "sequence_length": 64,
        "batch_size": 2,
        "attention_flops": 0.0,
        "bounds_flops": 0.0
      },
      "extra": {}
    }
  }
}