{
  "exp_id": "gpt2_comprehensive_sweep_seed=42_injection_layers=[0]_injection_bit=24_injection_location=k_injection_idx=(0, 0, 10, 20)",
  "num_runs": 1,
  "timestamp": "2025-12-12T07:00:40.393147",
  "baseline_loss": {
    "mean": 13.588921546936035,
    "std": 0.0,
    "min": 13.588921546936035,
    "max": 13.588921546936035
  },
  "injected_loss": {
    "mean": 13.588915824890137,
    "std": 0.0,
    "min": 13.588915824890137,
    "max": 13.588915824890137
  },
  "loss_diff": {
    "mean": -5.7220458984375e-06,
    "std": 0.0,
    "min": -5.7220458984375e-06,
    "max": -5.7220458984375e-06
  },
  "violation_detection": {
    "detection_rate": 0.0,
    "total_violations": 0,
    "avg_violations_per_run": 0.0
  }
}