{
  "exp_id": "gpt2_comprehensive_sweep_seed=42_injection_layers=[3]_injection_bit=25_injection_location=k_injection_idx=(1, 6, 32, 1)",
  "num_runs": 1,
  "timestamp": "2025-12-12T07:08:54.149644",
  "baseline_loss": {
    "mean": 8.997109413146973,
    "std": 0.0,
    "min": 8.997109413146973,
    "max": 8.997109413146973
  },
  "injected_loss": {
    "mean": 8.997119903564453,
    "std": 0.0,
    "min": 8.997119903564453,
    "max": 8.997119903564453
  },
  "loss_diff": {
    "mean": 1.049041748046875e-05,
    "std": 0.0,
    "min": 1.049041748046875e-05,
    "max": 1.049041748046875e-05
  },
  "violation_detection": {
    "detection_rate": 0.0,
    "total_violations": 0,
    "avg_violations_per_run": 0.0
  }
}