{
  "exp_id": "gpt2_comprehensive_sweep_seed=42_injection_layers=[0]_injection_bit=7_injection_location=q_injection_idx=(1, 6, 32, 1)",
  "num_runs": 1,
  "timestamp": "2025-12-12T07:38:20.348105",
  "baseline_loss": {
    "mean": 10.275479316711426,
    "std": 0.0,
    "min": 10.275479316711426,
    "max": 10.275479316711426
  },
  "injected_loss": {
    "mean": 10.27547836303711,
    "std": 0.0,
    "min": 10.27547836303711,
    "max": 10.27547836303711
  },
  "loss_diff": {
    "mean": -9.5367431640625e-07,
    "std": 0.0,
    "min": -9.5367431640625e-07,
    "max": -9.5367431640625e-07
  },
  "violation_detection": {
    "detection_rate": 0.0,
    "total_violations": 0,
    "avg_violations_per_run": 0.0
  }
}