{
  "exp_id": "gpt2_comprehensive_sweep_seed=42_injection_layers=[3]_injection_bit=25_injection_location=q_injection_idx=(1, 9, 31, 62)",
  "run_id": 0,
  "timestamp": "2025-10-14T20:39:05.144966",
  "baseline_loss": 8.997108459472656,
  "injected_loss": 8.99711799621582,
  "loss_diff": 9.5367431640625e-06,
  "bounds_valid": null,
  "violation_detected": false,
  "num_violations": 0,
  "violation_positions": [],
  "baseline_epsilon_stats": {
    "3": {
      "epsilon_mean": 4.6995015144348145,
      "epsilon_std": 4.219686508178711,
      "lower_mean": 0.4203936457633972,
      "upper_mean": 5.6145782470703125,
      "gamma_mean": 0.16137349605560303
    }
  },
  "injected_epsilon_stats": null,
  "injection_info": {
    "location": "q",
    "idx": [
      1,
      9,
      31,
      62
    ],
    "bit": 25,
    "enabled": true,
    "multi_bit": false,
    "bit_list": null,
    "random_position": false,
    "injection_rate": 0.0
  },
  "extra_data": {
    "epsilon_analysis": [
      {
        "layer_idx": 3,
        "analysis": {
          "mean_diff": -1.4175350770528894e-05,
          "std_diff": 0.0005555580137297511,
          "max_abs_diff": 0.021773338317871094,
          "top_changes": [
            [
              [
                1,
                9,
                31
              ],
              {
                "baseline_epsilon": 0.6146464347839355,
                "injected_epsilon": 0.5928730964660645,
                "epsilon_diff": -0.021773338317871094,
                "abs_diff": 0.021773338317871094
              },
              {
                "lower1": 0.000405767816118896,
                "middle": 0.0007977315690368414,
                "upper": 0.8266172409057617,
                "gamma": 0.00010144710540771484
              }
            ]
          ]
        }
      }
    ],
    "performance": {
      "time": {
        "total_time": 0.01850152015686035,
        "baseline_forward_time": 0.007172584533691406,
        "injection_forward_time": 0.006444215774536133,
        "bounds_computation_time": 0.0007627010345458984,
        "violation_detection_time": 0.0015349388122558594
      },
      "memory": {
        "peak_memory_allocated_mb": 1198.0712890625,
        "peak_memory_reserved_mb": 1718.0,
        "baseline_memory_mb": 1138.87451171875,
        "injection_memory_mb": 1198.0712890625
      },
      "compute": {
        "num_attention_layers": 12,
        "num_attention_heads": 12,
        "sequence_length": 64,
        "batch_size": 2,
        "attention_flops": 0.0,
        "bounds_flops": 0.0
      },
      "extra": {}
    }
  }
}