{
  "exp_id": "gpt2_comprehensive_sweep_seed=3407_injection_layers=[9]_injection_bit=21_injection_location=weights_injection_idx=(0, 0, 10, 20)",
  "run_id": 0,
  "timestamp": "2025-12-12T07:13:44.456129",
  "baseline_loss": 8.462052345275879,
  "injected_loss": 8.462075233459473,
  "loss_diff": 2.288818359375e-05,
  "bounds_valid": null,
  "violation_detected": false,
  "num_violations": 0,
  "violation_positions": [],
  "baseline_epsilon_stats": {
    "9": {
      "epsilon_mean": 6.7392191886901855,
      "epsilon_std": 4.8921427726745605,
      "lower_mean": 0.5418864488601685,
      "upper_mean": 9.379467010498047,
      "gamma_mean": 0.2731764018535614
    }
  },
  "injected_epsilon_stats": null,
  "injection_info": {
    "location": "weights",
    "idx": [
      0,
      0,
      10,
      20
    ],
    "bit": 21,
    "enabled": true,
    "multi_bit": false,
    "bit_list": null,
    "random_position": false,
    "injection_rate": 0.0
  },
  "extra_data": {
    "epsilon_analysis": [
      {
        "layer_idx": 9,
        "analysis": {
          "mean_diff": -1.8573677152744494e-05,
          "std_diff": 0.0007279364508576691,
          "max_abs_diff": 0.02852916717529297,
          "top_changes": [
            [
              [
                0,
                0,
                10
              ],
              {
                "baseline_epsilon": 1.7749238014221191,
                "injected_epsilon": 1.7463946342468262,
                "epsilon_diff": -0.02852916717529297,
                "abs_diff": 0.02852916717529297
              },
              {
                "lower1": 0.02000122331082821,
                "middle": 0.03929297998547554,
                "upper": 2.456228256225586,
                "gamma": 0.005012869834899902
              }
            ]
          ]
        }
      }
    ],
    "performance": {
      "time": {
        "total_time": 0.018392562866210938,
        "baseline_forward_time": 0.007094860076904297,
        "injection_forward_time": 0.00654149055480957,
        "bounds_computation_time": 0.0007538795471191406,
        "violation_detection_time": 0.001424551010131836
      },
      "memory": {
        "peak_memory_allocated_mb": 1179.046875,
        "peak_memory_reserved_mb": 1854.0,
        "baseline_memory_mb": 1119.85009765625,
        "injection_memory_mb": 1179.046875
      },
      "compute": {
        "num_attention_layers": 12,
        "num_attention_heads": 12,
        "sequence_length": 64,
        "batch_size": 2,
        "attention_flops": 0.0,
        "bounds_flops": 0.0
      },
      "extra": {}
    }
  }
}