{
  "exp_id": "gpt2_comprehensive_sweep_seed=123_injection_layers=[6]_injection_bit=30_injection_location=scores_injection_idx=(0, 3, 53, 43)",
  "num_runs": 1,
  "timestamp": "2025-10-14T18:28:14.530592",
  "baseline_loss": {
    "mean": 8.564263343811035,
    "std": 0.0,
    "min": 8.564263343811035,
    "max": 8.564263343811035
  },
  "injected_loss": {
    "mean": 8.56425952911377,
    "std": 0.0,
    "min": 8.56425952911377,
    "max": 8.56425952911377
  },
  "loss_diff": {
    "mean": -3.814697265625e-06,
    "std": 0.0,
    "min": -3.814697265625e-06,
    "max": -3.814697265625e-06
  },
  "violation_detection": {
    "detection_rate": 1.0,
    "total_violations": 1,
    "avg_violations_per_run": 1.0
  }
}