{
  "exp_id": "gpt2_comprehensive_sweep_seed=123_injection_layers=[9]_injection_bit=29_injection_location=q_injection_idx=(1, 9, 31, 62)",
  "num_runs": 1,
  "timestamp": "2025-10-14T18:22:06.894948",
  "baseline_loss": {
    "mean": 13.721664428710938,
    "std": 0.0,
    "min": 13.721664428710938,
    "max": 13.721664428710938
  },
  "injected_loss": {
    "mean": 13.721528053283691,
    "std": 0.0,
    "min": 13.721528053283691,
    "max": 13.721528053283691
  },
  "loss_diff": {
    "mean": -0.00013637542724609375,
    "std": 0.0,
    "min": -0.00013637542724609375,
    "max": -0.00013637542724609375
  },
  "violation_detection": {
    "detection_rate": 0.0,
    "total_violations": 0,
    "avg_violations_per_run": 0.0
  }
}