{
  "exp_id": "gpt2_comprehensive_sweep_seed=0_injection_layers=[3]_injection_bit=20_injection_location=k_injection_idx=(1, 9, 31, 62)",
  "run_id": 0,
  "timestamp": "2025-12-12T06:59:32.677334",
  "baseline_loss": 13.791720390319824,
  "injected_loss": 13.791719436645508,
  "loss_diff": -9.5367431640625e-07,
  "bounds_valid": null,
  "violation_detected": false,
  "num_violations": 0,
  "violation_positions": [],
  "baseline_epsilon_stats": {
    "3": {
      "epsilon_mean": 6.302740097045898,
      "epsilon_std": 2.23594331741333,
      "lower_mean": 0.9555976390838623,
      "upper_mean": 17.05971336364746,
      "gamma_mean": 1.0718344449996948
    }
  },
  "injected_epsilon_stats": null,
  "injection_info": {
    "location": "k",
    "idx": [
      1,
      9,
      31,
      62
    ],
    "bit": 20,
    "enabled": true,
    "multi_bit": false,
    "bit_list": null,
    "random_position": false,
    "injection_rate": 0.0
  },
  "extra_data": {
    "epsilon_analysis": [
      {
        "layer_idx": 3,
        "analysis": {
          "mean_diff": 2.2190313302417053e-06,
          "std_diff": 3.054968692595139e-05,
          "max_abs_diff": 0.00054931640625,
          "top_changes": [
            [
              [
                1,
                9,
                4
              ],
              {
                "baseline_epsilon": 3.244415283203125,
                "injected_epsilon": 3.243865966796875,
                "epsilon_diff": -0.00054931640625,
                "abs_diff": 0.00054931640625
              },
              {
                "lower1": 0.012967955321073532,
                "middle": 0.024759745225310326,
                "upper": 18.457042694091797,
                "gamma": 0.0032472610473632812
              }
            ],
            [
              [
                1,
                9,
                7
              ],
              {
                "baseline_epsilon": 5.148765563964844,
                "injected_epsilon": 5.1492919921875,
                "epsilon_diff": 0.00052642822265625,
                "abs_diff": 0.00052642822265625
              },
              {
                "lower1": 0.13861706852912903,
                "middle": 0.26286378502845764,
                "upper": 18.457042694091797,
                "gamma": 0.03527641296386719
              }
            ],
            [
              [
                1,
                9,
                9
              ],
              {
                "baseline_epsilon": 6.119834899902344,
                "injected_epsilon": 6.1202392578125,
                "epsilon_diff": 0.00040435791015625,
                "abs_diff": 0.00040435791015625
              },
              {
                "lower1": 0.29222166538238525,
                "middle": 0.5496294498443604,
                "upper": 18.457042694091797,
                "gamma": 0.07593727111816406
              }
            ],
            [
              [
                1,
                9,
                8
              ],
              {
                "baseline_epsilon": 5.830680847167969,
                "injected_epsilon": 5.831047058105469,
                "epsilon_diff": 0.0003662109375,
                "abs_diff": 0.0003662109375
              },
              {
                "lower1": 0.234922394156456,
                "middle": 0.4443519413471222,
                "upper": 18.457042694091797,
                "gamma": 0.06056404113769531
              }
            ],
            [
              [
                1,
                9,
                10
              ],
              {
                "baseline_epsilon": 6.312080383300781,
                "injected_epsilon": 6.312431335449219,
                "epsilon_diff": 0.0003509521484375,
                "abs_diff": 0.0003509521484375
              },
              {
                "lower1": 0.3450368046760559,
                "middle": 0.6455355882644653,
                "upper": 18.457042694091797,
                "gamma": 0.09033679962158203
              }
            ],
            [
              [
                1,
                9,
                6
              ],
              {
                "baseline_epsilon": 4.2485198974609375,
                "injected_epsilon": 4.24884033203125,
                "epsilon_diff": 0.0003204345703125,
                "abs_diff": 0.0003204345703125
              },
              {
                "lower1": 0.0681314542889595,
                "middle": 0.1293720006942749,
                "upper": 18.457042694091797,
                "gamma": 0.017180442810058594
              }
            ],
            [
              [
                1,
                9,
                11
              ],
              {
                "baseline_epsilon": 6.449638366699219,
                "injected_epsilon": 6.449928283691406,
                "epsilon_diff": 0.0002899169921875,
                "abs_diff": 0.0002899169921875
              },
              {
                "lower1": 0.3959634602069855,
                "middle": 0.7369362711906433,
                "upper": 18.457042694091797,
                "gamma": 0.10443973541259766
              }
            ],
            [
              [
                1,
                9,
                12
              ],
              {
                "baseline_epsilon": 6.5463104248046875,
                "injected_epsilon": 6.546562194824219,
                "epsilon_diff": 0.00025177001953125,
                "abs_diff": 0.00025177001953125
              },
              {
                "lower1": 0.44274696707725525,
                "middle": 0.8199876546859741,
                "upper": 18.457042694091797,
                "gamma": 0.11759281158447266
              }
            ],
            [
              [
                1,
                9,
                2
              ],
              {
                "baseline_epsilon": 3.4644088745117188,
                "injected_epsilon": 3.4646224975585938,
                "epsilon_diff": 0.000213623046875,
                "abs_diff": 0.000213623046875
              },
              {
                "lower1": 0.010849502868950367,
                "middle": 0.02070905640721321,
                "upper": 18.457042694091797,
                "gamma": 0.002716064453125
              }
            ],
            [
              [
                1,
                9,
                13
              ],
              {
                "baseline_epsilon": 6.616950988769531,
                "injected_epsilon": 6.6171417236328125,
                "epsilon_diff": 0.00019073486328125,
                "abs_diff": 0.00019073486328125
              },
              {
                "lower1": 0.48666954040527344,
                "middle": 0.8971778154373169,
                "upper": 18.457042694091797,
                "gamma": 0.13012123107910156
              }
            ],
            [
              [
                1,
                9,
                14
              ],
              {
                "baseline_epsilon": 6.666633605957031,
                "injected_epsilon": 6.66680908203125,
                "epsilon_diff": 0.00017547607421875,
                "abs_diff": 0.00017547607421875
              },
              {
                "lower1": 0.5272359251976013,
                "middle": 0.9677386283874512,
                "upper": 18.457042694091797,
                "gamma": 0.14185333251953125
              }
            ],
            [
              [
                1,
                9,
                15
              ],
              {
                "baseline_epsilon": 6.702339172363281,
                "injected_epsilon": 6.702461242675781,
                "epsilon_diff": 0.0001220703125,
                "abs_diff": 0.0001220703125
              },
              {
                "lower1": 0.5650237202644348,
                "middle": 1.0328412055969238,