{
  "exp_id": "gpt2_comprehensive_sweep_seed=42_injection_layers=[6]_injection_bit=30_injection_location=scores_injection_idx=(0, 3, 53, 43)",
  "num_runs": 1,
  "timestamp": "2025-12-12T07:09:21.194024",
  "baseline_loss": {
    "mean": 8.564264297485352,
    "std": 0.0,
    "min": 8.564264297485352,
    "max": 8.564264297485352
  },
  "injected_loss": {
    "mean": 8.564261436462402,
    "std": 0.0,
    "min": 8.564261436462402,
    "max": 8.564261436462402
  },
  "loss_diff": {
    "mean": -2.86102294921875e-06,
    "std": 0.0,
    "min": -2.86102294921875e-06,
    "max": -2.86102294921875e-06
  },
  "violation_detection": {
    "detection_rate": 1.0,
    "total_violations": 1,
    "avg_violations_per_run": 1.0
  }
}