{
  "exp_id": "gpt2_comprehensive_sweep_seed=3407_injection_layers=[9]_injection_bit=13_injection_location=k_injection_idx=(0, 3, 53, 43)",
  "run_id": 0,
  "timestamp": "2025-12-12T07:04:38.044443",
  "baseline_loss": 13.721663475036621,
  "injected_loss": 13.721663475036621,
  "loss_diff": 0.0,
  "bounds_valid": null,
  "violation_detected": false,
  "num_violations": 0,
  "violation_positions": [],
  "baseline_epsilon_stats": {
    "9": {
      "epsilon_mean": 10.922141075134277,
      "epsilon_std": 4.307835578918457,
      "lower_mean": 1.0468783378601074,
      "upper_mean": 16.82538414001465,
      "gamma_mean": 2.1429390907287598
    }
  },
  "injected_epsilon_stats": null,
  "injection_info": {
    "location": "k",
    "idx": [
      0,
      3,
      53,
      43
    ],
    "bit": 13,
    "enabled": true,
    "multi_bit": false,
    "bit_list": null,
    "random_position": false,
    "injection_rate": 0.0
  },
  "extra_data": {
    "epsilon_analysis": [
      {
        "layer_idx": 9,
        "analysis": {
          "mean_diff": 6.208817460162663e-09,
          "std_diff": 2.3289580894925166e-06,
          "max_abs_diff": 3.814697265625e-05,
          "top_changes": [
            [
              [
                0,
                3,
                1
              ],
              {
                "baseline_epsilon": 5.1805572509765625,
                "injected_epsilon": 5.180519104003906,
                "epsilon_diff": -3.814697265625e-05,
                "abs_diff": 3.814697265625e-05
              },
              {
                "lower1": 0.13908441364765167,
                "middle": 0.26581719517707825,
                "upper": 18.457042694091797,
                "gamma": 0.03539752960205078
              }
            ],
            [
              [
                0,
                3,
                2
              ],
              {
                "baseline_epsilon": 5.4669647216796875,
                "injected_epsilon": 5.4669342041015625,
                "epsilon_diff": -3.0517578125e-05,
                "abs_diff": 3.0517578125e-05
              },
              {
                "lower1": 0.17197419703006744,
                "middle": 0.3276732563972473,
                "upper": 18.457042694091797,
                "gamma": 0.043959617614746094
              }
            ],
            [
              [
                0,
                3,
                5
              ],
              {
                "baseline_epsilon": 6.0954742431640625,
                "injected_epsilon": 6.095451354980469,
                "epsilon_diff": -2.288818359375e-05,
                "abs_diff": 2.288818359375e-05
              },
              {
                "lower1": 0.27395099401474,
                "middle": 0.5174283385276794,
                "upper": 18.457042694091797,
                "gamma": 0.07100772857666016
              }
            ],
            [
              [
                0,
                3,
                6
              ],
              {
                "baseline_epsilon": 6.2360076904296875,
                "injected_epsilon": 6.235984802246094,
                "epsilon_diff": -2.288818359375e-05,
                "abs_diff": 2.288818359375e-05
              },
              {
                "lower1": 0.3065114915370941,
                "middle": 0.5772165060043335,
                "upper": 18.457042694091797,
                "gamma": 0.07981109619140625
              }
            ],
            [
              [
                0,
                3,
                3
              ],
              {
                "baseline_epsilon": 5.7205352783203125,
                "injected_epsilon": 5.720512390136719,
                "epsilon_diff": -2.288818359375e-05,
                "abs_diff": 2.288818359375e-05
              },
              {
                "lower1": 0.2070894092321396,
                "middle": 0.3933897614479065,
                "upper": 18.457042694091797,
                "gamma": 0.05318641662597656
              }
            ],
            [
              [
                0,
                3,
                4
              ],
              {
                "baseline_epsilon": 5.925025939941406,
                "injected_epsilon": 5.9250030517578125,
                "epsilon_diff": -2.288818359375e-05,
                "abs_diff": 2.288818359375e-05
              },
              {
                "lower1": 0.24065539240837097,
                "middle": 0.45586317777633667,
                "upper": 18.457042694091797,
                "gamma": 0.06209087371826172
              }
            ],
            [
              [
                0,
                3,
                10
              ],
              {
                "baseline_epsilon": 6.582511901855469,
                "injected_epsilon": 6.582496643066406,
                "epsilon_diff": -1.52587890625e-05,
                "abs_diff": 1.52587890625e-05
              },
              {
                "lower1": 0.42612332105636597,
                "middle": 0.7931573390960693,
                "upper": 18.457042694091797,
                "gamma": 0.11289691925048828
              }
            ],
            [
              [
                0,
                3,
                39
              ],
              {
                "baseline_epsilon": 6.9479217529296875,
                "injected_epsilon": 6.94793701171875,
                "epsilon_diff": 1.52587890625e-05,
                "abs_diff": 1.52587890625e-05
              },
              {
                "lower1": 0.8945379257202148,
                "middle": 1.5872840881347656,
                "upper": 18.457042694091797,
                "gamma": 0.2563009262084961
              }
            ],
            [
              [
                0,
                3,
                30
              ],
              {
                "baseline_epsilon": 6.910942077636719,
                "injected_epsilon": 6.910957336425781,
                "epsilon_diff": 1.52587890625e-05,
                "abs_diff": 1.52587890625e-05
              },
              {
                "lower1": 0.7923802137374878,
                "middle": 1.420464277267456,
                "upper": 18.457042694091797,
                "gamma": 0.22281646728515625
              }
            ],
            [
              [
                0,
                3,
                12
              ],
              {
                "baseline_epsilon": 6.6728363037109375,
                "injected_epsilon": 6.672821044921875,
                "epsilon_diff": -1.52587890625e-05,
                "abs_diff": 1.52587890625e-05
              },
              {
                "lower1": 0.4774301052093506,
                "middle": 0.8840065002441406,
                "upper": 18.457042694091797,
                "gamma": 0.1274709701538086
              }
            ],
            [
              [
                0,
                3,
                8
              ],
              {
                "baseline_epsilon": 6.445831298828125,
                "injected_epsilon": 6.4458160400390625,
                "epsilon_diff": -1.52587890625e-05,
                "abs_diff": 1.52587890625e-05
              },
              {
                "lower1": 0.36922818422317505,
                "middle": 0.6911697387695312,
                "upper": 18.457042694091797,
                "gamma": 0.09700870513916016
              }
            ],
            [
              [
                0,
                3,
                7
              ],
              {
                "baseline_epsilon": 6.351509094238281,
                "injected_epsilon": 6.351493835449219,
                "epsilon_diff": -1.52587890625e-05,
                "abs_diff": 1.52587890625e-05
              },
              {
                "lower1": 0.33841535449028015,
                "middle": 0.6353861093521118,