{
  "exp_id": "gpt2_comprehensive_sweep_seed=0_injection_layers=[0]_injection_bit=9_injection_location=k_injection_idx=(0, 3, 53, 43)",
  "run_id": 0,
  "timestamp": "2025-12-12T06:59:01.585443",
  "baseline_loss": 13.588921546936035,
  "injected_loss": 13.588921546936035,
  "loss_diff": 0.0,
  "bounds_valid": null,
  "violation_detected": false,
  "num_violations": 0,
  "violation_positions": [],
  "baseline_epsilon_stats": {
    "0": {
      "epsilon_mean": 4.467039108276367,
      "epsilon_std": 2.3451578617095947,
      "lower_mean": 0.39254388213157654,
      "upper_mean": 9.511073112487793,
      "gamma_mean": 0.164742574095726
    }
  },
  "injected_epsilon_stats": null,
  "injection_info": {
    "location": "k",
    "idx": [
      0,
      3,
      53,
      43
    ],
    "bit": 9,
    "enabled": true,
    "multi_bit": false,
    "bit_list": null,
    "random_position": false,
    "injection_rate": 0.0
  },
  "extra_data": {
    "epsilon_analysis": [
      {
        "layer_idx": 0,
        "analysis": {
          "mean_diff": -7.450580596923828e-09,
          "std_diff": 1.079811909221462e-06,
          "max_abs_diff": 2.288818359375e-05,
          "top_changes": [
            [
              [
                0,
                3,
                40
              ],
              {
                "baseline_epsilon": 6.062370300292969,
                "injected_epsilon": 6.062347412109375,
                "epsilon_diff": -2.288818359375e-05,
                "abs_diff": 2.288818359375e-05
              },
              {
                "lower1": 0.8707383871078491,
                "middle": 1.448262095451355,
                "upper": 18.457042694091797,
                "gamma": 0.24837112426757812
              }
            ],
            [
              [
                0,
                3,
                11
              ],
              {
                "baseline_epsilon": 3.850677490234375,
                "injected_epsilon": 3.8506622314453125,
                "epsilon_diff": -1.52587890625e-05,
                "abs_diff": 1.52587890625e-05
              },
              {
                "lower1": 0.10129547119140625,
                "middle": 0.19557617604732513,
                "upper": 18.457042694091797,
                "gamma": 0.02565288543701172
              }
            ],
            [
              [
                0,
                3,
                16
              ],
              {
                "baseline_epsilon": 3.2825927734375,
                "injected_epsilon": 3.2826080322265625,
                "epsilon_diff": 1.52587890625e-05,
                "abs_diff": 1.52587890625e-05
              },
              {
                "lower1": 0.09906843304634094,
                "middle": 0.19011905789375305,
                "upper": 18.457042694091797,
                "gamma": 0.025081634521484375
              }
            ],
            [
              [
                0,
                3,
                7
              ],
              {
                "baseline_epsilon": 4.020599365234375,
                "injected_epsilon": 4.0205841064453125,
                "epsilon_diff": -1.52587890625e-05,
                "abs_diff": 1.52587890625e-05
              },
              {
                "lower1": 0.10006127506494522,
                "middle": 0.19399045407772064,
                "upper": 18.457042694091797,
                "gamma": 0.025336265563964844
              }
            ],
            [
              [
                0,
                3,
                52
              ],
              {
                "baseline_epsilon": 6.000465393066406,
                "injected_epsilon": 6.0004730224609375,
                "epsilon_diff": 7.62939453125e-06,
                "abs_diff": 7.62939453125e-06
              },
              {
                "lower1": 1.2945458889007568,
                "middle": 2.052743911743164,
                "upper": 18.457042694091797,
                "gamma": 0.4042510986328125
              }
            ],
            [
              [
                0,
                3,
                43
              ],
              {
                "baseline_epsilon": 6.0791168212890625,
                "injected_epsilon": 6.079124450683594,
                "epsilon_diff": 7.62939453125e-06,
                "abs_diff": 7.62939453125e-06
              },
              {
                "lower1": 0.9972708225250244,
                "middle": 1.6356054544448853,
                "upper": 18.457042694091797,
                "gamma": 0.2915077209472656
              }
            ],
            [
              [
                0,
                3,
                12
              ],
              {
                "baseline_epsilon": 3.5072860717773438,
                "injected_epsilon": 3.5072784423828125,
                "epsilon_diff": -7.62939453125e-06,
                "abs_diff": 7.62939453125e-06
              },
              {
                "lower1": 0.027750356122851372,
                "middle": 0.053105391561985016,
                "upper": 18.457042694091797,
                "gamma": 0.006961822509765625
              }
            ],
            [
              [
                0,
                3,
                44
              ],
              {
                "baseline_epsilon": 6.082672119140625,
                "injected_epsilon": 6.082664489746094,
                "epsilon_diff": -7.62939453125e-06,
                "abs_diff": 7.62939453125e-06
              },
              {
                "lower1": 1.0394034385681152,
                "middle": 1.6978867053985596,
                "upper": 18.457042694091797,
                "gamma": 0.3064393997192383
              }
            ],
            [
              [
                0,
                3,
                3
              ],
              {
                "baseline_epsilon": 3.8669395446777344,
                "injected_epsilon": 3.8669471740722656,
                "epsilon_diff": 7.62939453125e-06,
                "abs_diff": 7.62939453125e-06
              },
              {
                "lower1": 0.009827908128499985,
                "middle": 0.01902664080262184,
                "upper": 9.605648040771484,
                "gamma": 0.002460002899169922
              }
            ],
            [
              [
                0,
                3,
                38
              ],
              {
                "baseline_epsilon": 6.021148681640625,
                "injected_epsilon": 6.021156311035156,
                "epsilon_diff": 7.62939453125e-06,
                "abs_diff": 7.62939453125e-06
              },
              {
                "lower1": 0.7666292190551758,
                "middle": 1.287789225578308,
                "upper": 18.457042694091797,
                "gamma": 0.21459484100341797
              }
            ],
            [
              [
                0,
                3,
                5
              ],
              {
                "baseline_epsilon": 3.9852447509765625,
                "injected_epsilon": 3.9852371215820312,
                "epsilon_diff": -7.62939453125e-06,
                "abs_diff": 7.62939453125e-06
              },
              {
                "lower1": 0.15271472930908203,
                "middle": 0.2992418706417084,
                "upper": 14.917396545410156,
                "gamma": 0.038936614990234375
              }
            ],
            [
              [
                0,
                3,
                33
              ],
              {
                "baseline_epsilon": 5.73553466796875,
                "injected_epsilon": 5.735542297363281,
                "epsilon_diff": 7.62939453125e-06,
                "abs_diff": 7.62939453125e-06
              },
              {
                "lower1": 0.4864172041416168,
                "middle": 0.8386402726173401,