{
  "exp_id": "gpt2_comprehensive_sweep_seed=3407_injection_layers=[6]_injection_bit=21_injection_location=weights_injection_idx=(0, 3, 53, 43)",
  "run_id": 0,
  "timestamp": "2025-12-12T07:04:22.110906",
  "baseline_loss": 12.89038372039795,
  "injected_loss": 12.89038372039795,
  "loss_diff": 0.0,
  "bounds_valid": null,
  "violation_detected": false,
  "num_violations": 0,
  "violation_positions": [],
  "baseline_epsilon_stats": {
    "6": {
      "epsilon_mean": 7.864658355712891,
      "epsilon_std": 3.4537131786346436,
      "lower_mean": 0.852850615978241,
      "upper_mean": 17.020122528076172,
      "gamma_mean": 1.5244500637054443
    }
  },
  "injected_epsilon_stats": null,
  "injection_info": {
    "location": "weights",
    "idx": [
      0,
      3,
      53,
      43
    ],
    "bit": 21,
    "enabled": true,
    "multi_bit": false,
    "bit_list": null,
    "random_position": false,
    "injection_rate": 0.0
  },
  "extra_data": {
    "epsilon_analysis": [
      {
        "layer_idx": 6,
        "analysis": {
          "mean_diff": -1.830359337873233e-06,
          "std_diff": 7.173514313763008e-05,
          "max_abs_diff": 0.002811431884765625,
          "top_changes": [
            [
              [
                0,
                3,
                53
              ],
              {
                "baseline_epsilon": 3.816110610961914,
                "injected_epsilon": 3.8132991790771484,
                "epsilon_diff": -0.002811431884765625,
                "abs_diff": 0.002811431884765625
              },
              {
                "lower1": 0.5532214641571045,
                "middle": 3.1114463806152344,
                "upper": 16.938552856445312,
                "gamma": 4.0539164543151855
              }
            ]
          ]
        }
      }
    ],
    "performance": {
      "time": {
        "total_time": 0.019077539443969727,
        "baseline_forward_time": 0.007277250289916992,
        "injection_forward_time": 0.006769657135009766,
        "bounds_computation_time": 0.0007753372192382812,
        "violation_detection_time": 0.0016231536865234375
      },
      "memory": {
        "peak_memory_allocated_mb": 1088.93701171875,
        "peak_memory_reserved_mb": 1874.0,
        "baseline_memory_mb": 1029.740234375,
        "injection_memory_mb": 1088.93701171875
      },
      "compute": {
        "num_attention_layers": 12,
        "num_attention_heads": 12,
        "sequence_length": 64,
        "batch_size": 2,
        "attention_flops": 0.0,
        "bounds_flops": 0.0
      },
      "extra": {}
    }
  }
}