{
  "exp_id": "gpt2_comprehensive_sweep_seed=123_injection_layers=[0]_injection_bit=23_injection_location=k_injection_idx=(1, 9, 31, 62)",
  "run_id": 0,
  "timestamp": "2025-12-12T07:19:25.331780",
  "baseline_loss": 10.275479316711426,
  "injected_loss": 10.275476455688477,
  "loss_diff": -2.86102294921875e-06,
  "bounds_valid": null,
  "violation_detected": false,
  "num_violations": 0,
  "violation_positions": [],
  "baseline_epsilon_stats": {
    "0": {
      "epsilon_mean": 1.9825315475463867,
      "epsilon_std": 1.6013407707214355,
      "lower_mean": 0.3287202715873718,
      "upper_mean": 2.0460193157196045,
      "gamma_mean": 0.0896625965833664
    }
  },
  "injected_epsilon_stats": null,
  "injection_info": {
    "location": "k",
    "idx": [
      1,
      9,
      31,
      62
    ],
    "bit": 23,
    "enabled": true,
    "multi_bit": false,
    "bit_list": null,
    "random_position": false,
    "injection_rate": 0.0
  },
  "extra_data": {
    "epsilon_analysis": [
      {
        "layer_idx": 0,
        "analysis": {
          "mean_diff": 5.3444335179619884e-08,
          "std_diff": 1.1233474879190908e-06,
          "max_abs_diff": 3.910064697265625e-05,
          "top_changes": [
            [
              [
                1,
                9,
                4
              ],
              {
                "baseline_epsilon": 8.643350601196289,
                "injected_epsilon": 8.643389701843262,
                "epsilon_diff": 3.910064697265625e-05,
                "abs_diff": 3.910064697265625e-05
              },
              {
                "lower1": 0.695980429649353,
                "middle": 1.4614942073822021,
                "upper": 10.059882164001465,
                "gamma": 0.19245824217796326
              }
            ],
            [
              [
                1,
                9,
                1
              ],
              {
                "baseline_epsilon": 6.895520210266113,
                "injected_epsilon": 6.895530700683594,
                "epsilon_diff": 1.049041748046875e-05,
                "abs_diff": 1.049041748046875e-05
              },
              {
                "lower1": 0.7571368217468262,
                "middle": 1.6278698444366455,
                "upper": 7.397200584411621,
                "gamma": 0.21158522367477417
              }
            ],
            [
              [
                1,
                9,
                3
              ],
              {
                "baseline_epsilon": 6.357355117797852,
                "injected_epsilon": 6.35736083984375,
                "epsilon_diff": 5.7220458984375e-06,
                "abs_diff": 5.7220458984375e-06
              },
              {
                "lower1": 0.6110673546791077,
                "middle": 1.2854777574539185,
                "upper": 6.782403945922852,
                "gamma": 0.16661511361598969
              }
            ],
            [
              [
                1,
                9,
                5
              ],
              {
                "baseline_epsilon": 5.597444534301758,
                "injected_epsilon": 5.597438812255859,
                "epsilon_diff": -5.7220458984375e-06,
                "abs_diff": 5.7220458984375e-06
              },
              {
                "lower1": 1.0319346189498901,
                "middle": 2.3525428771972656,
                "upper": 5.827201843261719,
                "gamma": 0.3037703037261963
              }
            ],
            [
              [
                1,
                9,
                7
              ],
              {
                "baseline_epsilon": 6.456324577331543,
                "injected_epsilon": 6.456329822540283,
                "epsilon_diff": 5.245208740234375e-06,
                "abs_diff": 5.245208740234375e-06
              },
              {
                "lower1": 0.9685622453689575,
                "middle": 2.1709952354431152,
                "upper": 6.8571858406066895,
                "gamma": 0.28150293231010437
              }
            ],
            [
              [
                1,
                9,
                2
              ],
              {
                "baseline_epsilon": 6.371062755584717,
                "injected_epsilon": 6.371067047119141,
                "epsilon_diff": 4.291534423828125e-06,
                "abs_diff": 4.291534423828125e-06
              },
              {
                "lower1": 0.7494136691093445,
                "middle": 1.6135250329971313,
                "upper": 6.791531562805176,
                "gamma": 0.20914483070373535
              }
            ],
            [
              [
                1,
                9,
                8
              ],
              {
                "baseline_epsilon": 5.9991135597229,
                "injected_epsilon": 5.999117374420166,
                "epsilon_diff": 3.814697265625e-06,
                "abs_diff": 3.814697265625e-06
              },
              {
                "lower1": 0.7121788859367371,
                "middle": 1.5265538692474365,
                "upper": 6.2923054695129395,
                "gamma": 0.1974809616804123
              }
            ],
            [
              [
                1,
                9,
                10
              ],
              {
                "baseline_epsilon": 5.972183704376221,
                "injected_epsilon": 5.972187042236328,
                "epsilon_diff": 3.337860107421875e-06,
                "abs_diff": 3.337860107421875e-06
              },
              {
                "lower1": 0.6871623992919922,
                "middle": 1.4668198823928833,
                "upper": 6.278095245361328,
                "gamma": 0.18973682820796967
              }
            ],
            [
              [
                1,
                9,
                9
              ],
              {
                "baseline_epsilon": 5.90817403793335,
                "injected_epsilon": 5.908177375793457,
                "epsilon_diff": 3.337860107421875e-06,
                "abs_diff": 3.337860107421875e-06
              },
              {
                "lower1": 0.6841798424720764,
                "middle": 1.4601789712905884,
                "upper": 6.198170185089111,
                "gamma": 0.18881836533546448
              }
            ],
            [
              [
                1,
                9,
                11
              ],
              {
                "baseline_epsilon": 5.738180160522461,
                "injected_epsilon": 5.73818302154541,
                "epsilon_diff": 2.86102294921875e-06,
                "abs_diff": 2.86102294921875e-06
              },
              {
                "lower1": 0.6242436766624451,
                "middle": 1.3200621604919434,
                "upper": 6.022276878356934,
                "gamma": 0.1705733835697174
              }
            ],
            [
              [
                1,
                9,
                14
              ],
              {
                "baseline_epsilon": 5.5789008140563965,
                "injected_epsilon": 5.5789031982421875,
                "epsilon_diff": 2.384185791015625e-06,
                "abs_diff": 2.384185791015625e-06
              },
              {
                "lower1": 0.4780612587928772,
                "middle": 0.9885165691375732,
                "upper": 5.878503799438477,
                "gamma": 0.12765175104141235
              }
            ],
            [
              [
                1,
                9,
                15
              ],
              {
                "baseline_epsilon": 5.474326133728027,
                "injected_epsilon": 5.474328517913818,
                "epsilon_diff": 2.384185791015625e-06,
                "abs_diff": 2.384185791015625e-06
              },
              {
                "lower1": 0.45631173253059387,