{
  "exp_id": "gpt2_comprehensive_sweep_seed=42_injection_layers=[3]_injection_bit=24_injection_location=k_injection_idx=(0, 3, 53, 43)",
  "run_id": 0,
  "timestamp": "2025-12-12T07:08:53.345590",
  "baseline_loss": 8.997109413146973,
  "injected_loss": 8.996994972229004,
  "loss_diff": -0.00011444091796875,
  "bounds_valid": null,
  "violation_detected": true,
  "num_violations": 64,
  "violation_positions": [
    [
      3,
      [
        0,
        3,
        0
      ]
    ],
    [
      3,
      [
        0,
        3,
        1
      ]
    ],
    [
      3,
      [
        0,
        3,
        2
      ]
    ],
    [
      3,
      [
        0,
        3,
        3
      ]
    ],
    [
      3,
      [
        0,
        3,
        4
      ]
    ],
    [
      3,
      [
        0,
        3,
        5
      ]
    ],
    [
      3,
      [
        0,
        3,
        6
      ]
    ],
    [
      3,
      [
        0,
        3,
        7
      ]
    ],
    [
      3,
      [
        0,
        3,
        8
      ]
    ],
    [
      3,
      [
        0,
        3,
        9
      ]
    ]
  ],
  "baseline_epsilon_stats": {
    "3": {
      "epsilon_mean": 4.6995015144348145,
      "epsilon_std": 4.219686031341553,
      "lower_mean": 0.4203936457633972,
      "upper_mean": 5.6145782470703125,
      "gamma_mean": 0.16137349605560303
    }
  },
  "injected_epsilon_stats": null,
  "injection_info": {
    "location": "k",
    "idx": [
      0,
      3,
      53,
      43
    ],
    "bit": 24,
    "enabled": true,
    "multi_bit": false,
    "bit_list": null,
    "random_position": false,
    "injection_rate": 0.0
  },
  "extra_data": {
    "epsilon_analysis": [
      {
        "layer_idx": 3,
        "analysis": {
          "mean_diff": 0.16656315326690674,
          "std_diff": 0.8257059454917908,
          "max_abs_diff": 4.752957344055176,
          "top_changes": [
            [
              [
                0,
                3,
                19
              ],
              {
                "baseline_epsilon": 0.5694670677185059,
                "injected_epsilon": 5.322424411773682,
                "epsilon_diff": 4.752957344055176,
                "abs_diff": 4.752957344055176
              },
              {
                "lower1": 0.010017931461334229,
                "middle": 0.01972201280295849,
                "upper": 0.694122314453125,
                "gamma": 0.002507627010345459
              }
            ],
            [
              [
                0,
                3,
                20
              ],
              {
                "baseline_epsilon": 0.5717105865478516,
                "injected_epsilon": 5.318943500518799,
                "epsilon_diff": 4.747232913970947,
                "abs_diff": 4.747232913970947
              },
              {
                "lower1": 0.01009617280215025,
                "middle": 0.01987612433731556,
                "upper": 0.6973443031311035,
                "gamma": 0.0025272369384765625
              }
            ],
            [
              [
                0,
                3,
                22
              ],
              {
                "baseline_epsilon": 0.5761990547180176,
                "injected_epsilon": 5.3206706047058105,
                "epsilon_diff": 4.744471549987793,
                "abs_diff": 4.744471549987793
              },
              {
                "lower1": 0.010179883800446987,
                "middle": 0.020040908828377724,
                "upper": 0.7034192085266113,
                "gamma": 0.0025482177734375
              }
            ],
            [
              [
                0,
                3,
                21
              ],
              {
                "baseline_epsilon": 0.5736160278320312,
                "injected_epsilon": 5.317353248596191,
                "epsilon_diff": 4.74373722076416,
                "abs_diff": 4.74373722076416
              },
              {
                "lower1": 0.010093082673847675,
                "middle": 0.019869940355420113,
                "upper": 0.6997461318969727,
                "gamma": 0.0025264620780944824
              }
            ],
            [
              [
                0,
                3,
                18
              ],
              {
                "baseline_epsilon": 0.5670890808105469,
                "injected_epsilon": 5.307697772979736,
                "epsilon_diff": 4.7406086921691895,
                "abs_diff": 4.7406086921691895
              },
              {
                "lower1": 0.010017218068242073,
                "middle": 0.019720720127224922,
                "upper": 0.6910805702209473,
                "gamma": 0.002507448196411133
              }
            ],
            [
              [
                0,
                3,
                17
              ],
              {
                "baseline_epsilon": 0.5641708374023438,
                "injected_epsilon": 5.297291278839111,
                "epsilon_diff": 4.733120441436768,
                "abs_diff": 4.733120441436768
              },
              {
                "lower1": 0.009921137243509293,
                "middle": 0.019531473517417908,
                "upper": 0.6871137619018555,
                "gamma": 0.002483367919921875
              }
            ],
            [
              [
                0,
                3,
                23
              ],
              {
                "baseline_epsilon": 0.5772733688354492,
                "injected_epsilon": 5.3034234046936035,
                "epsilon_diff": 4.726150035858154,
                "abs_diff": 4.726150035858154
              },
              {
                "lower1": 0.01017370168119669,
                "middle": 0.020028671249747276,
                "upper": 0.7047390937805176,
                "gamma": 0.00254666805267334
              }
            ],
            [
              [
                0,
                3,
                24
              ],
              {
                "baseline_epsilon": 0.5802645683288574,
                "injected_epsilon": 5.30064582824707,
                "epsilon_diff": 4.720381259918213,
                "abs_diff": 4.720381259918213
              },
              {
                "lower1": 0.010261690244078636,
                "middle": 0.020201964303851128,
                "upper": 0.7088303565979004,
                "gamma": 0.0025687217712402344
              }
            ],
            [
              [
                0,
                3,
                16
              ],
              {
                "baseline_epsilon": 0.5616674423217773,
                "injected_epsilon": 5.277195453643799,
                "epsilon_diff": 4.7155280113220215,
                "abs_diff": 4.7155280113220215
              },
              {
                "lower1": 0.009884274564683437,
                "middle": 0.01945893093943596,
                "upper": 0.6838545799255371,
                "gamma": 0.0024741291999816895
              }
            ],
            [
              [
                0,
                3,
                25
              ],
              {
                "baseline_epsilon": 0.5815763473510742,
                "injected_epsilon": 5.288714408874512,
                "epsilon_diff": 4.7071380615234375,
                "abs_diff": 4.7071380615234375
              },
              {
                "lower1": 0.01029498316347599,
                "middle": 0.02026752382516861,
                "upper": 0.7107048034667969,
                "gamma": 0.002577066421508789
              }
            ],
            [
              [
                0,
                3,
                15
              ],
              {
                "baseline_epsilon": 0.5585565567016602,
                "injected_epsilon": 5.25964879989624,
                "epsilon_diff": 4.70109224319458,