{
  "exp_id": "gpt2_comprehensive_sweep_seed=0_injection_layers=[9]_injection_bit=17_injection_location=k_injection_idx=(1, 6, 32, 1)",
  "run_id": 0,
  "timestamp": "2025-10-14T18:12:32.927308",
  "baseline_loss": 13.721664428710938,
  "injected_loss": 13.721663475036621,
  "loss_diff": -9.5367431640625e-07,
  "bounds_valid": null,
  "violation_detected": false,
  "num_violations": 0,
  "violation_positions": [],
  "baseline_epsilon_stats": {
    "9": {
      "epsilon_mean": 10.922141075134277,
      "epsilon_std": 4.307835578918457,
      "lower_mean": 1.0468783378601074,
      "upper_mean": 16.82538414001465,
      "gamma_mean": 2.1429390907287598
    }
  },
  "injected_epsilon_stats": null,
  "injection_info": {
    "location": "k",
    "idx": [
      1,
      6,
      32,
      1
    ],
    "bit": 17,
    "enabled": true,
    "multi_bit": false,
    "bit_list": null,
    "random_position": false,
    "injection_rate": 0.0
  },
  "extra_data": {
    "epsilon_analysis": [
      {
        "layer_idx": 9,
        "analysis": {
          "mean_diff": 3.8060049973864807e-06,
          "std_diff": 2.4257222321466543e-05,
          "max_abs_diff": 0.0001983642578125,
          "top_changes": [
            [
              [
                1,
                6,
                7
              ],
              {
                "baseline_epsilon": 8.273258209228516,
                "injected_epsilon": 8.273059844970703,
                "epsilon_diff": -0.0001983642578125,
                "abs_diff": 0.0001983642578125
              },
              {
                "lower1": 1.9731882810592651,
                "middle": 5.991460800170898,
                "upper": 13.684141159057617,
                "gamma": 0.7902476787567139
              }
            ],
            [
              [
                1,
                6,
                1
              ],
              {
                "baseline_epsilon": 6.704265594482422,
                "injected_epsilon": 6.7041168212890625,
                "epsilon_diff": -0.000148773193359375,
                "abs_diff": 0.000148773193359375
              },
              {
                "lower1": 1.5638489723205566,
                "middle": 4.0300703048706055,
                "upper": 11.315298080444336,
                "gamma": 0.526395320892334
              }
            ],
            [
              [
                1,
                6,
                4
              ],
              {
                "baseline_epsilon": 4.553234100341797,
                "injected_epsilon": 4.553089141845703,
                "epsilon_diff": -0.00014495849609375,
                "abs_diff": 0.00014495849609375
              },
              {
                "lower1": 0.0804072692990303,
                "middle": 0.15649990737438202,
                "upper": 11.926736831665039,
                "gamma": 0.02030801773071289
              }
            ],
            [
              [
                1,
                6,
                6
              ],
              {
                "baseline_epsilon": 3.2498321533203125,
                "injected_epsilon": 3.2496910095214844,
                "epsilon_diff": -0.000141143798828125,
                "abs_diff": 0.000141143798828125
              },
              {
                "lower1": 0.04543336108326912,
                "middle": 0.08878158032894135,
                "upper": 9.287006378173828,
                "gamma": 0.011423587799072266
              }
            ],
            [
              [
                1,
                6,
                29
              ],
              {
                "baseline_epsilon": 9.66691780090332,
                "injected_epsilon": 9.667058944702148,
                "epsilon_diff": 0.000141143798828125,
                "abs_diff": 0.000141143798828125
              },
              {
                "lower1": 0.32390135526657104,
                "middle": 8.870660781860352,
                "upper": 13.35827350616455,
                "gamma": 4.758049964904785
              }
            ],
            [
              [
                1,
                6,
                23
              ],
              {
                "baseline_epsilon": 11.008272171020508,
                "injected_epsilon": 11.008413314819336,
                "epsilon_diff": 0.000141143798828125,
                "abs_diff": 0.000141143798828125
              },
              {
                "lower1": 0.3754267692565918,
                "middle": 10.137838363647461,
                "upper": 14.448624610900879,
                "gamma": 4.567849159240723
              }
            ],
            [
              [
                1,
                6,
                30
              ],
              {
                "baseline_epsilon": 9.457719802856445,
                "injected_epsilon": 9.457860946655273,
                "epsilon_diff": 0.000141143798828125,
                "abs_diff": 0.000141143798828125
              },
              {
                "lower1": 0.31604674458503723,
                "middle": 8.675416946411133,
                "upper": 13.173760414123535,
                "gamma": 4.7894368171691895
              }
            ],
            [
              [
                1,
                6,
                26
              ],
              {
                "baseline_epsilon": 10.32693862915039,
                "injected_epsilon": 10.327079772949219,
                "epsilon_diff": 0.000141143798828125,
                "abs_diff": 0.000141143798828125
              },
              {
                "lower1": 0.34941402077674866,
                "middle": 9.488327980041504,
                "upper": 13.923330307006836,
                "gamma": 4.660686492919922
              }
            ],
            [
              [
                1,
                6,
                28
              ],
              {
                "baseline_epsilon": 9.89204216003418,
                "injected_epsilon": 9.892181396484375,
                "epsilon_diff": 0.0001392364501953125,
                "abs_diff": 0.0001392364501953125
              },
              {
                "lower1": 0.33279702067375183,
                "middle": 9.079408645629883,
                "upper": 13.561144828796387,
                "gamma": 4.723332405090332
              }
            ],
            [
              [
                1,
                6,
                33
              ],
              {
                "baseline_epsilon": 8.832952499389648,
                "injected_epsilon": 8.833089828491211,
                "epsilon_diff": 0.0001373291015625,
                "abs_diff": 0.0001373291015625
              },
              {
                "lower1": 0.2921384274959564,
                "middle": 8.098721504211426,
                "upper": 12.5797758102417,
                "gamma": 4.889578819274902
              }
            ],
            [
              [
                1,
                6,
                21
              ],
              {
                "baseline_epsilon": 11.510356903076172,
                "injected_epsilon": 11.510494232177734,
                "epsilon_diff": 0.0001373291015625,
                "abs_diff": 0.0001373291015625
              },
              {
                "lower1": 0.3951355814933777,
                "middle": 10.62169075012207,
                "upper": 14.814809799194336,
                "gamma": 4.501300811767578
              }
            ],
            [
              [
                1,
                6,
                27
              ],
              {
                "baseline_epsilon": 10.107353210449219,
                "injected_epsilon": 10.107490539550781,
                "epsilon_diff": 0.0001373291015625,
                "abs_diff": 0.0001373291015625
              },
              {
                "lower1": 0.34114471077919006,