{
  "exp_id": "gpt2_comprehensive_sweep_seed=3407_injection_layers=[6]_injection_bit=30_injection_location=weights_injection_idx=(1, 6, 32, 1)",
  "num_runs": 1,
  "timestamp": "2025-10-14T18:22:26.231984",
  "baseline_loss": {
    "mean": 12.890384674072266,
    "std": 0.0,
    "min": 12.890384674072266,
    "max": 12.890384674072266
  },
  "injected_loss": {
    "mean": 12.832240104675293,
    "std": 0.0,
    "min": 12.832240104675293,
    "max": 12.832240104675293
  },
  "loss_diff": {
    "mean": -0.058144569396972656,
    "std": 0.0,
    "min": -0.058144569396972656,
    "max": -0.058144569396972656
  },
  "violation_detection": {
    "detection_rate": 1.0,
    "total_violations": 1,
    "avg_violations_per_run": 1.0
  }
}