{
  "exp_id": "gpt2_comprehensive_sweep_seed=42_injection_layers=[3]_injection_bit=23_injection_location=k_injection_idx=(1, 6, 32, 1)",
  "num_runs": 1,
  "timestamp": "2025-10-14T17:41:09.129320",
  "baseline_loss": {
    "mean": 13.791719436645508,
    "std": 0.0,
    "min": 13.791719436645508,
    "max": 13.791719436645508
  },
  "injected_loss": {
    "mean": 13.79173469543457,
    "std": 0.0,
    "min": 13.79173469543457,
    "max": 13.79173469543457
  },
  "loss_diff": {
    "mean": 1.52587890625e-05,
    "std": 0.0,
    "min": 1.52587890625e-05,
    "max": 1.52587890625e-05
  },
  "violation_detection": {
    "detection_rate": 0.0,
    "total_violations": 0,
    "avg_violations_per_run": 0.0
  }
}