{
  "exp_id": "gpt2_comprehensive_sweep_seed=0_injection_layers=[9]_injection_bit=23_injection_location=scores_injection_idx=(0, 3, 53, 43)",
  "num_runs": 1,
  "timestamp": "2025-10-14T18:31:28.197250",
  "baseline_loss": {
    "mean": 8.801229476928711,
    "std": 0.0,
    "min": 8.801229476928711,
    "max": 8.801229476928711
  },
  "injected_loss": {
    "mean": 8.801234245300293,
    "std": 0.0,
    "min": 8.801234245300293,
    "max": 8.801234245300293
  },
  "loss_diff": {
    "mean": 4.76837158203125e-06,
    "std": 0.0,
    "min": 4.76837158203125e-06,
    "max": 4.76837158203125e-06
  },
  "violation_detection": {
    "detection_rate": 0.0,
    "total_violations": 0,
    "avg_violations_per_run": 0.0
  }
}